Iteration	Posterior	Likelihood	Prior	rate_log_sd	rate_loss	root_freqs[1]	root_freqs[2]	tree_length
0	-255.3411	-345.7088	90.36777	1.079596	4.606067	0.260624	0.739376	0.9596748
6	-261.0758	-352.1013	91.02547	1.070636	2.740358	0.52687	0.47313	0.99563
12	-261.1395	-353.157	92.01742	0.9881388	0.9065149	0.304339	0.695661	1.284184
18	-269.7953	-358.9717	89.17638	1.158504	10.5098	0.253813	0.746187	0.8320907
24	-271.6706	-361.9994	90.32879	1.127228	4.812158	0.348491	0.651509	0.883811
30	-274.1774	-364.8837	90.70631	0.77419	4.530282	0.623846	0.376154	0.9489142
36	-260.8671	-350.1858	89.31873	1.238666	9.442697	0.640346	0.359654	0.759489
42	-268.0942	-358.4691	90.37486	1.335054	3.937976	0.461089	0.538911	0.9068016
48	-265.833	-356.1004	90.26732	1.133549	4.860044	0.699525	0.300475	0.9299016
54	-276.4176	-367.1805	90.76292	1.367969	2.89955	0.386833	0.613167	0.8822189
60	-273.1161	-364.26	91.14386	1.400848	1.871839	0.386833	0.613167	1.006083
66	-271.3405	-361.7935	90.45301	0.4926949	3.199621	0.563251	0.436749	1.756056
72	-264.5931	-354.644	90.05096	1.032238	5.798584	0.564312	0.435688	0.9998952
78	-260.6762	-350.7405	90.06433	1.000648	6.825413	0.662038	0.337962	0.7384655
84	-268.5639	-358.6161	90.0522	0.9358737	6.476996	0.363457	0.636543	0.931798
90	-268.1139	-358.8638	90.74992	0.9981924	3.423273	0.386803	0.613197	1.057271
96	-268.976	-359.2077	90.23176	0.8024516	6.846156	0.695408	0.304592	0.7770989
102	-266.1174	-356.4349	90.31749	0.6540706	4.41501	0.594234	0.405766	1.42408
108	-266.3878	-356.7501	90.36232	0.9128438	3.704116	0.455548	0.544452	1.372149
114	-262.4683	-352.3249	89.85657	0.7338106	8.33805	0.662693	0.337307	0.9522363
120	-263.5328	-353.06	89.5272	0.900965	8.211174	0.748615	0.251385	1.131146
126	-262.6462	-353.4357	90.78953	1.622612	2.536937	0.460473	0.539527	0.3236148
132	-268.3413	-358.6241	90.28278	1.067583	4.600108	0.590847	0.409153	1.057698
138	-267.4507	-358.1087	90.65801	1.42012	2.935182	0.534102	0.465898	0.9239862
144	-267.8985	-358.8486	90.95012	1.476301	2.679572	0.477184	0.522816	0.4902671
150	-270.4483	-358.8185	88.37015	2.143171	8.797536	0.423244	0.576756	0.2224208
156	-271.1923	-361.2079	90.01558	1.710959	4.54878	0.686137	0.313863	0.5540869
162	-271.5499	-361.6121	90.06223	1.44382	5.278582	0.416634	0.583366	0.4109602
168	-271.8996	-361.8936	89.99395	1.909765	3.831487	0.303342	0.696658	0.3448391
174	-271.4212	-361.3375	89.91635	1.943326	3.959485	0.387504	0.612496	0.3448391
180	-271.4982	-362.5268	91.02862	1.169039	2.997565	0.436499	0.563501	0.739465
186	-276.6101	-367.8005	91.19031	1.64285	1.900747	0.41228	0.58772	0.5603312
192	-270.2152	-360.8498	90.63466	1.420525	3.545587	0.478727	0.521273	0.5835233
198	-261.7369	-352.1562	90.41934	1.358343	4.372781	0.505462	0.494538	0.5681934
204	-263.797	-353.7077	89.9107	1.395041	6.110132	0.462174	0.537826	0.5681934
210	-266.3772	-358.025	91.64777	1.455092	1.475628	0.264736	0.735264	0.6146313
216	-264.8907	-355.8765	90.98585	1.388598	2.761706	0.213218	0.786782	0.5898047
222	-266.1184	-355.6211	89.50274	1.511766	7.424868	0.505594	0.494406	0.4266181
228	-260.5014	-349.8427	89.34133	1.702661	7.242705	0.498011	0.501989	0.4072522
234	-262.8385	-352.4572	89.61872	1.543213	6.379649	0.456578	0.543422	0.3172507
240	-265.0078	-354.7435	89.73574	1.173226	7.96878	0.66346	0.33654	0.5768768
246	-259.9094	-349.9422	90.03273	1.239793	5.569985	0.451014	0.548986	0.8569318
252	-259.4284	-349.4669	90.0385	1.40855	5.484236	0.418665	0.581335	0.6143236
258	-265.1201	-354.2704	89.15039	1.492599	8.501355	0.614538	0.385462	0.8603002
264	-262.6543	-352.5094	89.85503	1.563056	5.534224	0.435164	0.564836	0.3733953
270	-273.5035	-363.7445	90.24102	1.451784	4.674166	0.61764	0.38236	0.5290226
276	-274.5596	-365.727	91.16743	1.467943	2.156576	0.498439	0.501561	0.6864761
282	-273.6152	-363.3819	89.7667	0.8909234	6.246262	0.617599	0.382401	1.283762
288	-274.0432	-364.2776	90.23437	1.321499	5.107194	0.646721	0.353279	0.5910706
294	-272.2065	-362.1973	89.99075	1.275704	6.005273	0.463744	0.536256	0.7159947
300	-272.579	-363.4942	90.91521	1.350442	3.043632	0.307254	0.692746	0.4913231
306	-267.6997	-357.9307	90.23104	1.510227	4.252876	0.368308	0.631692	0.3230387
312	-265.3293	-356.0627	90.73341	1.111044	3.414247	0.496149	0.503851	0.9653512
318	-263.0651	-354.3229	91.25775	1.082868	2.640075	0.279875	0.720125	0.7646417
324	-264.8032	-354.8422	90.03893	0.7496657	5.786554	0.314475	0.685525	1.267114
330	-267.5887	-357.8173	90.22856	0.8076476	4.018132	0.200134	0.799866	1.472503
336	-271.4551	-360.919	89.46387	0.7477344	7.148821	0.714282	0.285718	1.477534
342	-266.7924	-356.3321	89.53973	0.6938703	8.611207	0.360532	0.639468	1.236516
348	-269.0493	-358.6639	89.61457	1.012881	5.443053	0.555643	0.444357	1.46354
354	-256.987	-347.8788	90.89178	1.020407	3.556392	0.199611	0.800389	0.8279569
360	-259.0654	-348.6969	89.63151	1.18188	8.518249	0.553971	0.446029	0.5488513
366	-261.3952	-352.0322	90.63707	1.088992	4.34307	0.553971	0.446029	0.7102266
372	-260.4809	-350.8137	90.33282	1.071903	3.869247	0.637021	0.362979	1.219221
378	-256.2406	-346.4801	90.23957	0.5850742	5.549297	0.517199	0.482801	1.28682
384	-264.4144	-354.3701	89.95571	0.9626251	6.965137	0.720778	0.279222	0.8901991
390	-263.9189	-353.7394	89.82049	0.8350744	5.153855	0.554487	0.445513	1.500688
396	-272.6365	-362.424	89.78753	0.8680351	5.153855	0.290992	0.709008	1.500688
402	-275.3142	-366.2782	90.96398	1.704179	2.164145	0.369719	0.630281	0.6039641
408	-267.6983	-357.577	89.87878	1.272757	6.690189	0.469251	0.530749	0.6326239
414	-261.87	-351.3575	89.48746	0.80434	6.690189	0.469251	0.530749	1.491231
420	-265.1525	-355.9227	90.77016	1.152419	3.738514	0.556835	0.443165	0.7195484
426	-267.8381	-359.0824	91.24435	0.9921523	2.236102	0.205196	0.794804	1.099986
432	-258.3735	-348.0916	89.71808	1.04285	7.193074	0.436954	0.563046	1.006144
438	-254.8019	-344.9968	90.19498	0.9546155	5.974826	0.468423	0.531577	0.8828386
444	-249.4307	-340.3831	90.95241	0.8726087	3.670125	0.393599	0.606401	0.8828386
450	-255.7401	-346.6048	90.86462	1.150315	3.2088	0.434056	0.565944	0.8662851
456	-252.234	-342.7734	90.53936	1.407792	3.846975	0.484547	0.515453	0.5828335
462	-257.8086	-348.8317	91.02305	1.277593	2.942353	0.48284	0.51716	0.4384011
468	-258.5127	-347.7735	89.26082	1.605004	7.536489	0.475889	0.524111	0.2810302
474	-259.8242	-348.9925	89.16828	1.697546	7.536489	0.556997	0.443003	0.2810302
480	-255.9657	-347.079	91.11333	0.8659092	3.39688	0.719726	0.280274	0.8192231
486	-267.6715	-358.0475	90.37597	0.8855796	5.681532	0.660323	0.339677	0.8356521
492	-261.2852	-352.349	91.06386	0.9798797	3.199208	0.619654	0.380346	0.8360546
498	-260.1834	-350.9847	90.80127	1.374241	3.259235	0.509523	0.490477	0.467442
504	-266.4113	-356.5323	90.12106	1.162614	3.91457	0.456959	0.543041	1.306526
510	-262.9932	-354.4291	91.43591	0.8763248	2.201212	0.411068	0.588932	1.04674
516	-269.6108	-360.0013	90.39047	1.045349	2.300046	0.418464	0.581536	1.701428
522	-264.2815	-353.8927	89.61117	0.9207134	4.38611	0.483536	0.516464	1.752044
528	-264.7159	-355.8919	91.17604	0.886654	2.498339	0.547202	0.452798	1.135338
534	-270.5414	-361.0739	90.53253	1.679885	2.924256	0.245941	0.754059	0.3049704
540	-262.7902	-352.4203	89.63015	2.072254	4.307621	0.328863	0.671137	0.3049704
546	-263.1461	-352.6833	89.53721	1.842605	5.429206	0.574643	0.425357	0.3049704
552	-260.1832	-351.0951	90.91188	1.351176	2.639858	0.478277	0.521723	0.8653176
558	-270.0405	-360.7731	90.73254	1.467701	3.170235	0.478277	0.521723	0.4229326
564	-262.0908	-352.8909	90.80009	1.353482	3.170235	0.560859	0.439141	0.6936261
570	-260.3277	-351.4489	91.12116	0.8982957	3.170235	0.338244	0.661756	0.8792587
576	-269.2007	-360.2564	91.05564	1.065237	2.499478	0.209372	0.790628	1.081821
582	-261.2157	-351.3944	90.17871	0.8246565	6.173313	0.574084	0.425916	0.9890364
588	-266.9014	-357.6402	90.73876	0.822464	3.16479	0.532502	0.467498	1.308112
594	-269.3466	-360.1255	90.77888	1.576838	2.741244	0.427214	0.572786	0.3680686
600	-263.9042	-353.1992	89.295	1.926409	5.523352	0.309859	0.690141	0.2292728
606	-271.2377	-359.1615	87.92388	1.833282	14.59552	0.486907	0.513093	0.2478119
612	-276.69	-365.4841	88.7941	1.461789	12.15468	0.60951	0.39049	0.4881096
618	-281.8889	-372.8235	90.93467	1.61183	2.393863	0.527223	0.472777	0.6040633
624	-264.2206	-353.2791	89.0585	1.481425	10.14717	0.517101	0.482899	0.5538659
630	-262.7883	-353.5295	90.74127	1.60944	2.841146	0.286249	0.713751	0.4654537
636	-268.9816	-359.4052	90.42358	1.294085	3.903063	0.479582	0.520418	0.9114621
642	-265.288	-354.5506	89.2626	1.408301	9.34534	0.676912	0.323088	0.5436535
648	-260.4049	-350.7267	90.32183	1.408301	4.507562	0.568116	0.431884	0.4198378
654	-256.6569	-346.8883	90.23146	1.116516	5.415358	0.568116	0.431884	0.8129132
660	-263.9027	-354.7415	90.8388	0.8437703	3.88656	0.604169	0.395831	0.9553778
666	-265.6321	-356.3078	90.67574	1.352842	3.642327	0.578777	0.421223	0.4584688
672	-267.1916	-357.5705	90.37883	1.042366	4.915705	0.350122	0.649878	0.8896755
678	-271.3379	-361.2257	89.88776	1.265536	6.789366	0.274163	0.725837	0.5591166
684	-267.2964	-357.6402	90.34375	1.484867	4.183514	0.349138	0.650862	0.6007369
690	-254.709	-344.5348	89.82582	1.300664	6.922929	0.725003	0.274997	0.4543462
696	-268.2206	-355.8681	87.64753	1.385727	24.43535	0.876188	0.123812	0.6268472
702	-258.4383	-348.5507	90.1124	0.8425103	6.64184	0.621007	0.378993	0.9276983
708	-253.1044	-343.8624	90.75809	0.8546019	3.769828	0.326294	0.673706	1.064988
714	-248.9634	-339.3055	90.34205	0.9422323	5.256769	0.481797	0.518203	0.9367235
720	-256.9331	-347.0562	90.12303	1.080224	5.256769	0.62041	0.37959	1.019645
726	-257.773	-347.7182	89.94513	1.153928	6.926594	0.599458	0.400542	0.6352195
732	-256.8246	-346.9169	90.09228	1.12569	6.308656	0.703793	0.296207	0.6746943
738	-261.3466	-351.0947	89.74804	1.309202	7.177985	0.510348	0.489652	0.4068985
744	-259.5368	-349.3088	89.77202	1.513861	6.159141	0.74475	0.25525	0.41389
750	-258.3094	-349.3788	91.06942	1.141866	3.118509	0.331204	0.668796	0.6160306
756	-267.0312	-356.7637	89.73255	0.7609007	2.369915	0.511206	0.488794	2.306644
762	-257.9028	-348.4682	90.56538	1.162169	4.319795	0.518387	0.481613	0.7199608
768	-257.5022	-347.2143	89.71208	1.213157	7.391859	0.591399	0.408601	0.7695534
774	-262.5299	-351.1184	88.58849	1.72591	10.95692	0.651687	0.348313	0.30141
780	-268.5579	-358.5975	90.03964	1.558729	4.976779	0.371851	0.628149	0.4371042
786	-265.1056	-354.7725	89.66687	1.558729	6.454574	0.486774	0.513226	0.4371042
792	-267.6744	-358.4321	90.75774	0.9070588	3.312314	0.567763	0.432237	1.171852
798	-260.0873	-350.1881	90.10081	1.17057	4.87029	0.419777	0.580223	1.057438
804	-263.6219	-353.1545	89.53255	1.445699	7.590703	0.595121	0.404879	0.4183542
810	-253.8774	-343.7416	89.86422	1.075417	6.86629	0.553604	0.446396	0.8900911
816	-254.7706	-344.6793	89.90873	0.9458379	6.86629	0.472639	0.527361	0.9815095
822	-264.479	-354.1921	89.7131	0.9877993	7.167301	0.515946	0.484054	1.069257
828	-264.8666	-355.0816	90.21504	0.9115371	5.923865	0.456052	0.543948	0.9225241
834	-263.7635	-354.4751	90.71163	1.135467	3.917535	0.496486	0.503514	0.7402058
840	-265.8234	-355.7638	89.94042	0.974978	6.442326	0.654601	0.345399	1.014672
846	-261.3634	-351.0214	89.65801	1.257385	6.442326	0.527124	0.472876	1.014672
852	-263.1945	-353.6929	90.49841	0.9715723	3.704865	0.393509	0.606491	1.212943
858	-266.3329	-356.696	90.36309	1.176193	3.704865	0.469215	0.530785	1.152914
864	-261.4555	-351.7659	90.31037	0.9135583	5.553232	0.64919	0.35081	0.9175725
870	-279.7551	-368.8152	89.06012	2.098083	4.590164	0.606503	0.393497	0.138392
876	-266.3239	-355.5023	89.17834	1.970766	4.689106	0.376877	0.623123	0.1423755
882	-258.1764	-348.5085	90.33214	1.668733	3.506226	0.396595	0.603405	0.3242714
888	-261.7597	-351.6334	89.87372	1.838864	3.861447	0.364169	0.635831	0.2277222
894	-270.4614	-358.4186	87.95719	1.781735	14.04933	0.540932	0.459068	0.2130013
900	-260.7776	-350.9297	90.15207	1.781735	3.43473	0.463964	0.536036	0.2590746
906	-264.924	-354.8947	89.97072	1.379244	5.956921	0.742983	0.257017	0.476745
912	-268.3941	-358.0828	89.68873	1.202863	8.103004	0.352316	0.647684	0.4641055
918	-263.5033	-353.1149	89.61153	1.110669	8.251403	0.553071	0.446929	0.8188595
924	-261.6689	-351.698	90.02911	1.067689	6.416542	0.348314	0.651686	0.8210232
930	-262.5008	-353.0955	90.59476	0.7516947	4.156396	0.503605	0.496395	1.186557
936	-262.9806	-353.7865	90.80591	0.6321825	2.52967	0.369011	0.630989	1.616701
942	-258.993	-349.2744	90.28133	0.4855028	4.915061	0.514225	0.485775	1.467013
948	-256.498	-347.7839	91.28597	1.003197	2.305316	0.319092	0.680908	1.015164
954	-270.8546	-359.5424	88.68779	1.114974	15.56672	0.617301	0.382699	0.6630148
960	-264.7465	-353.3689	88.62238	1.642292	11.6086	0.53339	0.46661	0.339732
966	-266.1409	-354.4764	88.33545	1.93698	8.164958	0.566557	0.433443	0.1294423
972	-262.0558	-351.4658	89.40993	1.890729	4.801317	0.678127	0.321873	0.1873037
978	-260.2192	-349.8488	89.62959	1.810453	4.837221	0.382384	0.617616	0.2433908
984	-256.9418	-347.4042	90.46245	0.9854927	5.386002	0.561925	0.438075	0.6704709
990	-254.3806	-344.5184	90.13782	0.9119432	6.134105	0.594764	0.405236	0.9507143
996	-256.8071	-346.83	90.02285	0.9651146	6.710825	0.612804	0.387196	0.8733912
1002	-258.7166	-348.8144	90.09777	0.902976	6.710825	0.51604	0.48396	0.8582649
1008	-259.4017	-350.3786	90.97697	0.8498574	3.602661	0.232276	0.767724	0.9085714
1014	-250.7516	-341.2776	90.52599	1.300838	3.602661	0.458627	0.541373	0.9085714
1020	-255.3664	-345.7729	90.40656	1.110424	4.874947	0.659353	0.340647	0.7850281
1026	-254.7417	-343.4103	88.66855	1.706258	9.379477	0.729811	0.270189	0.207667
1032	-263.6099	-352.1691	88.55919	1.762592	9.119433	0.718979	0.281021	0.1774591
1038	-264.3674	-354.3494	89.98202	1.351965	6.011751	0.466441	0.533559	0.4574847
1044	-262.937	-353.4343	90.49723	1.141811	4.637105	0.495182	0.504818	0.7049818
1050	-263.5798	-352.6437	89.06382	1.401279	10.47971	0.541849	0.458151	0.3887149
1056	-266.0273	-355.7237	89.69641	0.9183572	9.595403	0.541849	0.458151	0.4099152
1062	-256.4909	-346.3412	89.85029	0.7015229	6.69682	0.588141	0.411859	1.286756
1068	-251.1654	-341.4691	90.30368	0.5712157	4.208544	0.448044	0.551956	1.54626
1074	-257.3544	-348.4083	91.05387	1.137694	2.551727	0.46737	0.53263	0.9887679
1080	-260.95	-350.5936	89.64354	0.9976741	6.752392	0.653667	0.346333	1.201804
1086	-263.6361	-353.3811	89.74498	1.063738	7.941843	0.623799	0.376201	0.7811306
1092	-255.2526	-346.1175	90.86488	1.257868	3.392512	0.446254	0.553746	0.5388382
1098	-257.1357	-346.3087	89.17303	1.552709	9.007586	0.443205	0.556795	0.4473408
1104	-258.9795	-348.2459	89.26644	1.375782	9.027378	0.43319	0.56681	0.7371038
1110	-268.6873	-359.9095	91.2222	1.245895	2.520604	0.518014	0.481986	0.6425959
1116	-263.2267	-354.3559	91.12919	1.453062	2.085263	0.306189	0.693811	0.8247878
1122	-260.198	-350.4182	90.22013	1.555578	3.958903	0.330633	0.669367	0.8200937
1128	-263.7175	-353.9931	90.27564	1.063046	4.326291	0.376211	0.623789	1.145617
1134	-268.3453	-359.4202	91.07494	0.6767107	3.236225	0.507852	0.492148	1.121563
1140	-264.6291	-355.2439	90.61479	1.180074	3.601509	0.374812	0.625188	0.9437675
1146	-269.4998	-360.6224	91.12253	1.188316	2.906228	0.491921	0.508079	0.5875219
1152	-272.4728	-362.7049	90.23217	1.025463	6.192132	0.578836	0.421164	0.6491692
1158	-271.5167	-361.3649	89.84822	0.9272963	6.358119	0.270679	0.729321	1.162059
1164	-263.9052	-354.6626	90.7574	1.137757	3.687176	0.509904	0.490096	0.7876603
1170	-271.2962	-361.8571	90.56083	1.29555	3.922481	0.406158	0.593842	0.7228607
1176	-261.4664	-351.3111	89.84473	1.229976	6.877899	0.707206	0.292794	0.7041171
1182	-271.5781	-361.8814	90.30332	1.287783	3.783689	0.549042	0.450958	1.080629
1188	-268.6693	-358.8605	90.19118	1.069882	5.877303	0.5526	0.4474	0.7717543
1194	-273.0111	-362.2227	89.21166	1.428351	9.549984	0.702893	0.297107	0.4819037
1200	-268.9034	-359.2953	90.39193	1.317695	4.448602	0.640311	0.359689	0.6809501
1206	-273.949	-363.8535	89.90449	1.039012	6.80988	0.260079	0.739921	0.8995498
1212	-260.7829	-350.5637	89.78075	1.305739	6.177615	0.444661	0.555339	0.8995498
1218	-265.5793	-355.1883	89.60902	1.187809	8.459604	0.603478	0.396522	0.636543
1224	-269.5321	-359.1243	89.59227	1.035289	9.627444	0.659571	0.340429	0.5156136
1230	-261.1808	-350.4896	89.30876	1.754312	7.231053	0.444364	0.555636	0.5397931
1236	-262.9524	-353.3284	90.37601	1.556832	3.918117	0.277926	0.722074	0.5334755
1242	-262.0773	-351.9503	89.87299	1.558176	5.60923	0.261137	0.738863	0.55887
1248	-266.3158	-356.4657	90.14985	1.558176	4.517717	0.284717	0.715283	0.6406362
1254	-276.779	-368.3699	91.59091	1.282967	1.845648	0.419044	0.580956	0.5054894
1260	-264.9327	-355.6378	90.70508	1.552844	3.056261	0.333337	0.666663	0.5368283
1266	-264.8212	-354.8147	89.99348	1.067596	7.248911	0.460149	0.539851	0.5260619
1272	-268.3958	-359.4532	91.05742	1.456597	2.45392	0.360027	0.639973	0.6103579
1278	-266.3555	-356.7684	90.41286	1.186767	4.744119	0.612866	0.387134	0.7180734
1284	-270.8667	-360.917	90.05028	1.396699	5.544859	0.384821	0.615179	0.5620546
1290	-269.2844	-359.8912	90.60674	0.88561	4.961294	0.632792	0.367208	0.7851516
1296	-263.332	-353.5664	90.23434	0.8417013	3.91492	0.480838	0.519162	1.468831
1302	-258.2535	-348.9699	90.71641	0.7815109	4.067155	0.52962	0.47038	1.077136
1308	-266.2797	-356.2577	89.97799	0.6960553	7.002277	0.761331	0.238669	1.125797
1314	-256.3246	-347.2073	90.8827	0.8909082	3.12632	0.506203	0.493797	1.141793
1320	-256.864	-347.3036	90.43954	1.064264	4.518802	0.583984	0.416016	0.9277087
1326	-262.6546	-353.5146	90.86008	1.137689	3.329552	0.651298	0.348702	0.8288267
1332	-268.9645	-359.2922	90.32773	1.592444	3.910748	0.639889	0.360111	0.4125689
1338	-253.1602	-343.2249	90.06472	1.166424	5.812606	0.445887	0.554113	0.8326901
1344	-265.2671	-355.6401	90.37295	0.9805294	3.656877	0.498089	0.501911	1.32342
1350	-257.6995	-348.6173	90.9178	0.9837411	3.582088	0.431331	0.568669	0.829422
1356	-256.8482	-347.1678	90.31965	0.8043355	5.390616	0.518583	0.481417	1.061631
1362	-258.4728	-349.722	91.24922	0.6200782	3.106523	0.518583	0.481417	1.061631
1368	-258.2185	-349.0083	90.7898	0.9278	3.111483	0.690667	0.309333	1.196072
1374	-251.6436	-342.7027	91.05902	0.8637937	3.82128	0.430313	0.569687	0.6667
1380	-253.8273	-344.512	90.68466	1.273711	3.82128	0.472309	0.527691	0.5745149
1386	-254.3106	-345.5897	91.27903	1.078139	2.558935	0.438771	0.561229	0.7954495
1392	-252.1014	-343.0401	90.93868	1.079472	3.042631	0.392688	0.607312	0.939299
1398	-249.3099	-340.2758	90.96587	1.407272	2.659968	0.377167	0.622833	0.6983976
1404	-251.1291	-341.3324	90.20332	1.218919	5.36681	0.413384	0.586616	0.7248551
1410	-257.543	-347.7093	90.1663	0.8801308	5.704629	0.497241	0.502759	1.058495
1416	-258.5406	-349.8144	91.27382	0.827093	3.052929	0.332755	0.667245	0.8397295
1422	-255.5253	-346.0723	90.54695	1.302169	3.612769	0.245147	0.754853	0.8790707
1428	-256.4859	-346.9251	90.43921	0.9980042	3.612769	0.39859	0.60141	1.268313
1434	-265.771	-356.5914	90.82041	0.8253508	4.169001	0.39859	0.60141	0.8924031
1440	-260.3422	-350.5437	90.20154	1.151593	3.818808	0.590961	0.409039	1.276895
1446	-259.9295	-349.9398	90.01027	1.151593	6.0491	0.584959	0.415041	0.8470957
1452	-258.9901	-349.6634	90.67323	0.984501	3.239405	0.262657	0.737343	1.202888
1458	-263.4426	-354.5101	91.0675	0.9348006	2.957358	0.270075	0.729925	0.9932772
1464	-262.1752	-351.5193	89.34408	1.475171	7.366763	0.541823	0.458177	0.9075924
1470	-276.3246	-368.1594	91.8348	0.6121641	0.9741922	0.341393	0.658607	1.65483
1476	-273.3037	-363.6943	90.39055	1.178484	4.374372	0.423683	0.576317	0.9050098
1482	-262.3455	-353.1938	90.84831	0.9600851	2.930129	0.458603	0.541397	1.183875
1488	-259.6775	-349.6577	89.98018	0.8139746	6.170564	0.511275	0.488725	1.183875
1494	-269.7857	-359.9935	90.20786	0.199434	4.818895	0.512825	0.487175	1.748269
1500	-256.7239	-347.6078	90.88387	0.07274124	3.183349	0.452608	0.547392	1.75303
1506	-256.1032	-346.4681	90.36488	0.07184761	3.012732	0.510337	0.489663	2.150466
1512	-266.8509	-358.6659	91.81494	0.3236519	1.216187	0.235393	0.764607	1.713005
1518	-265.8224	-356.2398	90.41739	1.228978	4.345992	0.401073	0.598927	0.8237604
1524	-274.1608	-366.1897	92.0289	1.209518	1.264892	0.290183	0.709817	0.6816804
1530	-271.1291	-360.6565	89.52749	0.961951	4.413414	0.30329	0.69671	1.77573
1536	-262.8076	-353.6579	90.85034	0.9430995	2.762159	0.423167	0.576833	1.259572
1542	-260.0613	-351.4461	91.38479	1.317248	2.099945	0.510366	0.489634	0.609488
1548	-259.5638	-350.7377	91.17387	1.504101	2.178526	0.545854	0.454146	0.5260015
1554	-265.3098	-355.9194	90.60964	1.837507	2.580493	0.520652	0.479348	0.3940167
1560	-274.3864	-365.0861	90.69967	1.615736	2.917947	0.309702	0.690298	0.456187
1566	-266.3623	-357.243	90.8807	1.358434	3.060602	0.629744	0.370256	0.6055179
1572	-266.6763	-356.971	90.29465	1.23108	5.200024	0.628183	0.371817	0.6055179
1578	-265.309	-356.2629	90.95392	0.9506039	2.187418	0.257747	0.742253	1.399615
1584	-270.2952	-360.2289	89.93365	0.9882429	6.981097	0.492691	0.507309	0.8822202
1590	-264.3582	-355.0302	90.67196	0.8731075	3.600106	0.305835	0.694165	1.181076
1596	-270.112	-359.2832	89.17122	1.160923	9.53374	0.43359	0.56641	1.004336
1602	-260.8406	-351.3593	90.5187	1.36986	4.016648	0.402161	0.597839	0.5851264
1608	-267.1758	-356.3717	89.19584	1.969791	5.805333	0.539826	0.460174	0.2360579
1614	-269.3089	-359.3645	90.05559	1.144357	6.374073	0.518602	0.481398	0.6803133
1620	-263.5857	-352.9766	89.39091	1.352703	8.314754	0.54482	0.45518	0.7743922
1626	-266.273	-356.1677	89.89475	1.474092	5.678049	0.54482	0.45518	0.677665
1632	-260.8311	-350.3694	89.53831	1.729888	5.958546	0.31586	0.68414	0.3234301
1638	-260.8584	-350.8512	89.99274	1.798412	3.905218	0.433291	0.566709	0.2747423
1644	-266.4232	-356.4032	89.98	1.279553	6.321114	0.688418	0.311582	0.5530835
1650	-268.7898	-356.9672	88.17743	1.847149	12.69287	0.634214	0.365786	0.2672159
1656	-264.3331	-353.7248	89.39172	1.311288	9.167378	0.623385	0.376615	0.5270534
1662	-269.092	-358.6991	89.60708	1.935903	5.004587	0.409234	0.590766	0.3505377
1668	-272.4253	-362.6051	90.17973	1.330022	5.004587	0.610653	0.389347	0.7422965
1674	-260.7245	-350.663	89.93851	1.03187	7.632798	0.365727	0.634273	0.5901207
1680	-263.3577	-354.3517	90.99399	1.415114	2.607093	0.383424	0.616576	0.6782602
1686	-263.6539	-353.8794	90.22552	1.003881	6.053328	0.423068	0.576932	0.7557919
1692	-261.1104	-351.0973	89.98689	1.480032	5.494547	0.468388	0.531612	0.4905281
1698	-264.9448	-355.5724	90.62751	1.476216	3.394441	0.245708	0.754292	0.4040939
1704	-266.166	-355.7366	89.57054	1.010828	8.77994	0.565262	0.434738	0.8744587
1710	-269.871	-359.9287	90.05766	0.7876193	7.53161	0.279096	0.720904	0.8381703
1716	-261.286	-351.6823	90.39628	1.067151	3.778149	0.355973	0.644027	1.196272
1722	-262.6539	-352.7265	90.07266	0.5821191	4.878438	0.465834	0.534166	1.558517
1728	-271.1191	-361.5587	90.43961	0.6943349	4.436663	0.822287	0.177713	1.290144
1734	-263.3434	-353.5596	90.21625	1.676709	4.030233	0.552477	0.447523	0.4561537
1740	-259.0643	-349.9782	90.91385	1.396831	2.632735	0.5069	0.4931	0.810397
1746	-266.7379	-355.8159	89.07797	1.896064	7.12196	0.689498	0.310502	0.2971013
1752	-262.1965	-352.8618	90.66534	1.040359	4.56665	0.578992	0.421008	0.609313
1758	-260.3152	-350.5581	90.24287	0.8998574	4.222834	0.360542	0.639458	1.337534
1764	-263.4734	-354.8871	91.41372	0.6143231	2.106803	0.468007	0.531993	1.337534
1770	-259.283	-349.9959	90.71285	0.8990352	3.873156	0.253841	0.746159	1.031244
1776	-259.9766	-351.1933	91.21668	0.6005028	2.778885	0.436573	0.563427	1.233422
1782	-267.7786	-357.7467	89.96803	1.511237	5.44439	0.341058	0.658942	0.4789486
1788	-264.6545	-354.6211	89.96662	1.512991	5.44439	0.46982	0.53018	0.483472
1794	-260.5325	-351.1915	90.65905	0.2821611	5.858221	0.414456	0.585544	1.120427
1800	-266.3897	-356.7368	90.34705	1.192397	4.754284	0.71534	0.28466	0.8018544
1806	-260.9083	-350.9484	90.04008	0.8684275	6.881189	0.465646	0.534354	0.921264
1812	-254.2755	-344.0678	89.79231	1.308716	5.840098	0.561075	0.438925	0.9713744
1818	-258.5434	-349.08	90.53663	1.019433	4.028364	0.44667	0.55333	1.034183
1824	-252.9687	-343.9118	90.9431	0.9899691	3.438186	0.44667	0.55333	0.856874
1830	-262.8494	-353.7301	90.88074	1.052326	3.438186	0.456686	0.543314	0.856874
1836	-259.7704	-350.186	90.4156	0.9468925	5.257669	0.566502	0.433498	0.8473672
1842	-259.208	-349.5304	90.32239	1.024969	5.257669	0.729325	0.270675	0.8655573
1848	-262.5951	-352.9349	90.33976	0.7891721	5.937693	0.473728	0.526272	0.9162532
1854	-261.3868	-351.2648	89.87797	0.7891721	4.077337	0.162471	0.837529	1.726825
1860	-252.5392	-343.7664	91.2272	0.7981691	3.037468	0.545878	0.454122	0.9338879
1866	-255.1767	-345.1378	89.96109	0.5107135	4.26004	0.481602	0.518398	1.82142
1872	-262.3072	-351.7136	89.40643	0.7495597	4.449427	0.356586	0.643414	1.995125
1878	-255.7073	-345.964	90.25678	0.8691624	4.869322	0.424229	0.575771	1.188879
1884	-260.2968	-350.2725	89.97573	0.9291897	3.895943	0.285544	0.714456	1.600602
1890	-253.6727	-344.8781	91.20543	0.7944281	2.688284	0.419728	0.580272	1.110198
1896	-262.1416	-353.1501	91.00848	1.040473	2.604858	0.419728	0.580272	1.101159
1902	-260.7669	-353.1144	92.34751	1.134091	0.9291497	0.244162	0.755838	0.7931927
1908	-256.4486	-348.0192	91.57052	1.03589	1.905348	0.354697	0.645303	0.9204997
1914	-257.7508	-348.6345	90.88371	0.6760025	2.919925	0.619596	0.380404	1.391063
1920	-261.7011	-351.8491	90.14798	0.9824379	5.006845	0.43402	0.56598	1.150937
1926	-258.3395	-349.2786	90.93904	1.298087	2.174066	0.232374	0.767626	1.129962
1932	-264.4299	-355.113	90.68312	1.125626	4.157498	0.594376	0.405624	0.6678814
1938	-257.419	-348.531	91.11204	1.012761	3.20691	0.370799	0.629201	0.7175467
1944	-265.8604	-356.0322	90.17177	0.7400461	4.98677	0.370799	0.629201	1.33857
1950	-264.7806	-354.919	90.13842	0.8981741	5.675596	0.467556	0.532444	1.074646
1956	-263.7381	-352.999	89.26094	1.378369	9.405897	0.446411	0.553589	0.6205843
1962	-263.7633	-354.0586	90.29534	0.9046721	4.557949	0.647344	0.352656	1.204007
1968	-260.3449	-349.6868	89.34196	1.029806	10.10618	0.77364	0.22636	0.8627354
1974	-255.7758	-345.8573	90.08145	1.388107	5.483547	0.623955	0.376045	0.485887
1980	-261.4977	-351.4154	89.91769	1.246398	6.473975	0.550507	0.449493	0.7038704
1986	-260.7649	-350.8688	90.10383	1.376523	5.411446	0.385647	0.614353	0.5678619
1992	-259.4094	-349.1805	89.77112	1.279872	7.251969	0.589185	0.410815	0.5770109
1998	-261.334	-352.3037	90.96973	1.328307	2.801093	0.472117	0.527883	0.7161999
2004	-260.8255	-351.761	90.93551	1.301846	2.893061	0.574375	0.425625	0.747661
2010	-264.7035	-355.7842	91.08068	1.109721	3.024049	0.370075	0.629925	0.7332889
2016	-263.2653	-353.3742	90.10892	1.567534	4.727275	0.446439	0.553561	0.4668684
2022	-258.0607	-348.1683	90.10755	1.567534	4.727275	0.219009	0.780991	0.5440787
2028	-253.0649	-344.4792	91.41438	1.230926	2.18685	0.320196	0.679804	0.6312666
2034	-260.1204	-350.1734	90.053	1.029886	5.497974	0.572077	0.427923	1.073882
2040	-259.0645	-349.0552	89.99075	0.8228188	6.620681	0.428601	0.571399	1.073882
2046	-264.3145	-354.3655	90.05102	1.457638	5.331377	0.610306	0.389694	0.5262069
2052	-254.332	-344.0348	89.70276	1.502754	6.435887	0.536303	0.463697	0.3823385
2058	-252.7339	-342.6635	89.92962	1.229402	6.778449	0.604246	0.395754	0.4614108
2064	-264.7235	-355.1168	90.39328	1.531561	3.881208	0.35361	0.64639	0.4006127
2070	-256.4296	-347.0321	90.60247	1.208066	3.881208	0.202402	0.797598	0.8094363
2076	-257.1072	-347.7062	90.59904	1.474996	3.509019	0.327687	0.672313	0.5631057
2082	-259.8081	-350.9977	91.18964	1.257406	2.465832	0.445235	0.554765	0.7311907
2088	-265.7377	-357.0462	91.30849	1.114012	2.437728	0.224511	0.775489	0.7877064
2094	-259.992	-350.7418	90.74982	0.6775285	3.867538	0.456562	0.543438	1.200445
2100	-262.3937	-353.4437	91.05005	1.011357	2.4024	0.471467	0.528533	1.178672
2106	-258.6148	-349.2076	90.59276	0.6769428	4.426402	0.590696	0.409304	1.178672
2112	-265.8703	-356.7568	90.88656	0.835592	3.8723	0.294663	0.705337	0.9182026
2118	-258.7819	-349.5695	90.78756	0.9345926	3.8723	0.294663	0.705337	0.9182026
2124	-268.9031	-358.9607	90.05757	0.9048445	5.771164	0.585202	0.414798	1.120751
2130	-262.3731	-353.0923	90.71911	1.128112	3.64509	0.462749	0.537251	0.8675203
2136	-260.6411	-351.3394	90.69837	1.485605	3.219269	0.307179	0.692821	0.5729652
2142	-274.4313	-364.0585	89.62717	0.862456	6.915753	0.476565	0.523435	1.29866
2148	-267.8927	-358.0563	90.16356	1.076698	5.802002	0.374536	0.625464	0.8245178
2154	-264.137	-353.6947	89.55772	1.803671	5.381618	0.460254	0.539746	0.2829245
2160	-271.3955	-362.34	90.94448	1.102488	3.282609	0.383102	0.616898	0.7885299
2166	-264.5367	-354.872	90.33523	1.316258	4.320017	0.448873	0.551127	0.8276583
2172	-265.6488	-355.3241	89.67529	1.164343	4.776697	0.424094	0.575906	1.441885
2178	-267.8892	-358.3918	90.50256	1.385393	2.940232	0.409766	0.590234	1.109444
2184	-265.4664	-356.3439	90.8775	1.07479	2.940232	0.374385	0.625615	1.049499
2190	-265.5823	-356.0999	90.51761	1.45007	3.572706	0.390278	0.609722	0.7431984
2196	-263.0491	-352.8785	89.82946	1.183681	7.425595	0.49908	0.50092	0.5856065
2202	-262.7277	-354.1105	91.3828	1.128707	2.34886	0.321573	0.678427	0.7228837
2208	-261.2612	-350.5016	89.24046	1.29052	8.982917	0.617175	0.382825	0.8918176
2214	-260.1136	-349.6149	89.50128	1.093481	9.830821	0.427918	0.572082	0.5156054
2220	-257.002	-346.6182	89.61619	1.633812	5.884743	0.697175	0.302825	0.2942409
2226	-254.5667	-344.3933	89.82661	1.633812	5.503803	0.497667	0.502333	0.5477288
2232	-256.3025	-346.999	90.69652	1.504712	3.17146	0.430015	0.569985	0.5806733
2238	-259.5806	-349.2623	89.68172	1.154325	7.644932	0.377192	0.622808	0.8214768
2244	-264.4414	-353.8593	89.41787	1.40165	8.128555	0.73687	0.26313	0.3355087
2250	-259.3615	-350.5968	91.23529	1.005654	2.801643	0.355732	0.644268	0.7998628
2256	-270.7319	-359.7682	89.0363	1.064916	8.633055	0.511807	0.488193	1.341504
2262	-272.7709	-362.704	89.9331	0.7523614	6.765496	0.359664	0.640336	1.160959
2268	-268.4205	-358.9096	90.48916	0.5802181	3.391881	0.239117	0.760883	1.614248
2274	-268.0876	-357.4867	89.39917	0.905523	5.915483	0.602116	0.397884	1.614248
2280	-270.0131	-360.0812	90.06813	1.051963	4.001836	0.567345	0.432655	1.412491
2286	-271.0815	-360.0905	89.00904	1.476732	10.18688	0.739559	0.260441	0.3538863
2292	-271.727	-361.4384	89.71142	1.438176	6.542943	0.545345	0.454655	0.7020195
2298	-266.6618	-358.0337	91.37191	1.350163	2.076357	0.491194	0.508806	0.4201353
2304	-256.2177	-346.6061	90.38844	0.8626883	5.505988	0.558312	0.441688	0.9008947
2310	-261.9242	-351.7985	89.87424	1.032313	6.962778	0.475446	0.524554	0.9040762
2316	-267.2661	-357.8566	90.59049	0.9497894	3.363125	0.566997	0.433003	1.26078
2322	-272.4745	-363.4053	90.93071	1.128033	2.617486	0.367531	0.632469	1.086618
2328	-269.1199	-359.7433	90.62337	1.222344	3.973014	0.587962	0.412038	0.7121015
2334	-267.2871	-358.1753	90.88822	1.1929	2.661747	0.335841	0.664159	1.045937
2340	-270.7605	-360.3939	89.63341	1.216418	6.947732	0.568977	0.431023	0.9684253
2346	-275.1795	-365.5071	90.32762	1.261452	4.93914	0.78815	0.21185	0.6292268
2352	-273.2251	-363.2456	90.02051	0.9236733	4.754881	0.563256	0.436744	1.365614
2358	-265.428	-355.8435	90.41553	1.202478	4.754881	0.577051	0.422949	0.6802683
2364	-265.5339	-355.5918	90.05792	1.515106	4.841868	0.429054	0.570946	0.7151209
2370	-261.186	-351.2382	90.05225	1.684327	4.48069	0.341649	0.658351	0.5954465
2376	-261.6665	-351.5027	89.83622	0.8589387	7.093661	0.519955	0.480045	1.088958
2382	-264.6267	-354.4939	89.8672	0.5434413	5.52453	0.525264	0.474736	1.608609
2388	-260.6316	-351.7383	91.10676	0.3561997	3.022697	0.482375	0.517625	1.431902
2394	-262.4846	-352.7162	90.23158	0.7058868	2.705281	0.438045	0.561955	1.908298
2400	-263.9361	-355.053	91.11691	0.7448417	2.6694	0.278451	0.721549	1.238211
2406	-260.646	-351.6914	91.04548	0.8925628	3.730185	0.524328	0.475672	0.6983317
2412	-279.432	-369.5122	90.08019	1.210774	6.064225	0.52928	0.47072	0.642544
2418	-270.2401	-360.434	90.1939	1.86385	3.417179	0.52928	0.47072	0.3480073
2424	-259.1479	-348.951	89.80303	0.9403178	5.785191	0.636916	0.363084	1.304419
2430	-265.4839	-356.0171	90.53313	1.150607	3.808486	0.538479	0.461521	0.9822054
2436	-264.6379	-354.9643	90.32635	1.014575	3.808486	0.550612	0.449388	1.289857
2442	-264.7853	-354.8867	90.10147	2.015441	2.798499	0.423366	0.576634	0.2222352
2448	-264.6671	-354.5757	89.90855	1.916537	3.786753	0.397715	0.602285	0.2704024
2454	-271.3011	-359.1356	87.83449	2.328155	9.890356	0.390645	0.609355	0.1688988
2460	-264.9324	-355.6051	90.67276	1.010483	3.662506	0.398589	0.601411	1.034247
2466	-265.9454	-357.2149	91.26959	1.214106	1.924671	0.287354	0.712646	1.034247
2472	-255.4816	-345.8526	90.37108	0.9020075	5.617685	0.448577	0.551423	0.8414181
2478	-261.3236	-352.2416	90.91797	0.670813	1.863411	0.307307	0.692693	1.768764
2484	-260.7096	-351.277	90.56739	0.6340142	4.515538	0.661817	0.338183	1.213808
2490	-261.8737	-352.1547	90.28101	0.9287875	4.515538	0.369603	0.630397	1.206658
2496	-259.8432	-350.1027	90.25952	0.9854599	5.060488	0.459639	0.540361	1.031291
2502	-257.8928	-348.7094	90.81655	1.098824	3.34	0.535887	0.464113	0.920365
2508	-257.9124	-348.4803	90.56787	1.310982	3.43482	0.374152	0.625848	0.920365
2514	-254.8673	-345.9134	91.04608	0.984611	3.121209	0.484956	0.515044	0.8893998
2520	-258.0365	-348.0728	90.03634	0.9003278	6.916039	0.4051	0.5949	0.8812159
2526	-258.226	-347.4169	89.19091	1.244872	9.844675	0.506304	0.493696	0.8350857
2532	-254.3672	-345.54	91.17288	1.259234	2.218018	0.448299	0.551701	0.9149733
2538	-256.3284	-347.1099	90.78155	1.282215	3.189446	0.437305	0.562695	0.8156742
2544	-258.3562	-348.7106	90.35435	1.643296	3.738201	0.273872	0.726128	0.5080322
2550	-259.0992	-349.724	90.62479	1.368971	3.738201	0.470155	0.529845	0.4565419
2556	-257.1416	-347.4286	90.28702	1.250151	4.900788	0.424112	0.575888	0.7452281
2562	-257.0765	-347.6593	90.58286	1.377087	3.590093	0.50743	0.49257	0.7452281
2568	-262.8282	-354.1081	91.27987	1.171185	2.230623	0.169078	0.830922	0.8860312
2574	-274.8411	-365.6509	90.80978	1.143441	3.859904	0.312239	0.687761	0.5307904
2580	-261.6958	-351.8645	90.16873	1.53887	4.491796	0.62365	0.37635	0.3690585
2586	-269.6604	-359.4072	89.74681	1.135911	8.069685	0.696696	0.303304	0.6005244
2592	-265.1945	-355.6507	90.45626	1.168776	4.63182	0.433017	0.566983	0.7306722
2598	-263.395	-353.3838	89.98875	1.209285	6.543838	0.628955	0.371045	0.5949983
2604	-268.5357	-359.4688	90.93304	1.114077	2.724706	0.256686	0.743314	1.050552
2610	-264.0833	-354.5454	90.46212	0.793285	5.617992	0.413228	0.586772	0.8627256
2616	-256.7009	-346.9621	90.2612	0.886712	4.944873	0.431937	0.568063	1.150903
2622	-254.4416	-345.1539	90.71228	0.7631597	4.254113	0.431937	0.568063	1.040684
2628	-250.6943	-340.8901	90.19587	1.021986	4.867347	0.423199	0.576801	1.107959
2634	-267.5996	-357.8003	90.20067	0.7313693	4.867347	0.286662	0.713338	1.349461
2640	-260.3136	-350.5756	90.26206	0.7537549	4.414491	0.376405	0.623595	1.389877
2646	-257.2008	-347.191	89.99028	1.054282	4.414491	0.48024	0.51976	1.367327
2652	-264.3262	-354.3003	89.97412	1.062948	6.347942	0.473767	0.526233	0.9104437
2658	-260.7834	-350.6379	89.8545	0.8223725	6.347942	0.528401	0.471599	1.248377
2664	-262.5263	-352.8309	90.30464	0.9582857	5.062335	0.5469	0.4531	1.013233
2670	-276.1111	-366.1943	90.08319	0.844833	7.206179	0.619743	0.380257	0.8173057
2676	-281.7389	-371.7491	90.01024	1.040113	7.206179	0.222999	0.777001	0.6092296
2682	-276.6526	-367.6962	91.0436	1.496317	2.42673	0.414287	0.585713	0.5701484
2688	-275.4683	-366.6014	91.13307	1.656753	1.908488	0.417636	0.582364	0.364116
2694	-274.5868	-365.0854	90.49864	1.932336	2.478884	0.450804	0.549196	0.3151023
2700	-267.3373	-358.2383	90.90101	1.503081	2.691497	0.449024	0.550976	0.5979117
2706	-269.7556	-359.1985	89.44284	1.451119	8.063286	0.721058	0.278942	0.5651758
2712	-260.3552	-350.2133	89.85812	1.178607	5.890821	0.465549	0.534451	1.02335
2718	-248.3319	-338.6308	90.2989	1.302717	4.482192	0.456172	0.543828	0.8268632
2724	-256.4958	-346.6102	90.11442	1.002161	6.848929	0.512108	0.487892	0.6333336
2730	-261.2441	-350.7451	89.50105	1.645516	6.848929	0.349698	0.650302	0.4880851
2736	-266.0173	-356.2661	90.24879	1.481179	4.54343	0.682012	0.317988	0.5439728
2742	-269.8666	-360.8644	90.99786	1.145012	3.027012	0.238319	0.761681	0.7999039
2748	-276.4696	-367.8256	91.35605	0.9842615	1.930919	0.421905	0.578095	1.162509
2754	-266.9457	-358.0441	91.09835	0.921564	2.523005	0.573346	0.426654	1.162509
2760	-269.283	-359.4309	90.14793	1.937412	3.352083	0.432426	0.567574	0.3509052
2766	-266.2473	-356.0129	89.76555	1.649326	5.402764	0.501792	0.498208	0.3293179
2772	-268.0342	-357.1791	89.14494	1.869715	6.96053	0.427544	0.572456	0.3019674
2778	-268.0427	-356.1503	88.10757	1.871644	13.23971	0.727521	0.272479	0.2817111
2784	-256.3847	-346.9631	90.57846	0.6452348	3.548109	0.43996	0.56004	1.455979
2790	-254.353	-344.3466	89.99358	1.016237	4.163788	0.3881	0.6119	1.455979
2796	-258.7905	-349.2319	90.44132	1.072731	3.574253	0.499696	0.500304	1.215844
2802	-261.0537	-351.5162	90.46248	0.8278964	3.574253	0.41214	0.58786	1.397195
2808	-261.1857	-351.2942	90.10849	1.359512	5.489101	0.3671	0.6329	0.516338
2814	-260.9832	-351.0587	90.07542	1.453928	5.000856	0.435618	0.564382	0.7126203
2820	-257.9099	-347.8278	89.91788	1.480507	5.724327	0.59345	0.40655	0.4322864
2826	-257.9507	-347.7191	89.76837	1.314293	6.076195	0.365747	0.634253	0.930298
2832	-263.409	-352.9595	89.55043	1.40317	7.471576	0.382821	0.617179	0.6998513
2838	-271.4855	-360.6058	89.1203	1.468856	9.47744	0.425922	0.574078	0.6998513
2844	-271.7626	-361.4865	89.72385	1.328519	7.297173	0.644197	0.355803	0.4932267
2850	-266.3356	-355.8728	89.53722	1.502511	6.146828	0.436563	0.563437	0.9580843
2856	-269.9699	-360.4877	90.5178	1.396292	3.382533	0.465626	0.534374	0.9035334
2862	-278.2114	-368.693	90.48157	1.44272	2.040323	0.300458	0.699542	1.448062
2868	-263.6092	-353.8944	90.28524	1.049315	4.257019	0.36793	0.63207	1.168645
2874	-269.486	-360.3255	90.83953	1.236309	3.258505	0.483964	0.516036	0.7613054
2880	-270.8688	-361.0991	90.23028	1.422623	4.748511	0.474143	0.525857	0.6057118
2886	-277.5549	-366.6761	89.12126	1.121663	10.04244	0.621402	0.378598	1.011874
2892	-267.6558	-358.0372	90.38139	1.679475	3.55063	0.597352	0.402648	0.4515593
2898	-259.7625	-348.6949	88.93238	1.873384	7.67187	0.560133	0.439867	0.2613605
2904	-262.5671	-352.3033	89.73613	1.786862	5.132319	0.583525	0.416475	0.3704568
2910	-269.6118	-359.5932	89.98139	1.544103	5.272255	0.351411	0.648589	0.4880487
2916	-257.8502	-347.2436	89.39338	1.794047	6.51767	0.620233	0.379767	0.3830565
2922	-267.0915	-350.8623	83.7708	2.595243	63.50271	0.85006	0.14994	0.09361401
2928	-258.0408	-345.852	87.81113	2.434317	6.661799	0.367012	0.632988	0.08496121
2934	-254.0629	-342.1376	88.07468	2.332939	7.417795	0.39217	0.60783	0.1277101
2940	-255.4523	-344.8011	89.34878	2.055907	5.594756	0.39217	0.60783	0.3766217
2946	-254.9104	-344.6633	89.75286	1.1493	6.85857	0.529122	0.470878	0.9334364
2952	-252.6385	-342.1665	89.52808	0.9535566	7.62988	0.451994	0.548006	1.182173
2958	-267.9855	-358.2973	90.3118	0.8893478	6.080992	0.257034	0.742966	0.7865731
2964	-267.8123	-358.2798	90.46759	1.385059	4.136407	0.228096	0.771904	0.4350609
2970	-256.4721	-347.0706	90.59852	1.498523	3.398989	0.448579	0.551421	0.6230355
2976	-267.8386	-357.7895	89.95083	1.581021	5.162401	0.34922	0.65078	0.6168603
2982	-265.4466	-355.6863	90.23969	1.46934	4.618914	0.512737	0.487263	0.5310184
2988	-266.5647	-356.5217	89.95707	1.432042	5.800007	0.450025	0.549975	0.5157485
2994	-273.5231	-364.3808	90.85769	1.469821	2.892133	0.421676	0.578324	0.4609081
3000	-269.0533	-360.0493	90.99597	1.354089	2.802543	0.438848	0.561152	0.4057311
3006	-275.3161	-365.6831	90.36697	1.507605	4.064775	0.429143	0.570857	0.429594
3012	-273.8043	-364.6211	90.81674	1.572319	2.756335	0.453467	0.546533	0.4672095
3018	-272.4331	-362.7134	90.28024	1.498696	4.349912	0.677446	0.322554	0.5899034
3024	-271.7431	-362.0456	90.30244	1.417044	4.580465	0.401501	0.598499	0.5393447
3030	-267.9501	-357.8413	89.89124	1.378579	6.219855	0.576109	0.423891	0.6026404
3036	-266.6017	-357.4735	90.87175	1.266598	3.218416	0.685981	0.314019	0.6859187
3042	-264.3029	-353.9061	89.60312	1.448002	7.196948	0.418828	0.581172	0.6123865
3048	-251.6479	-342.1283	90.48039	1.377105	4.148904	0.309046	0.690954	0.5126851
3054	-254.9132	-345.6276	90.7144	1.047719	4.384832	0.350371	0.649629	0.6077025
3060	-260.597	-351.7768	91.17979	1.455737	2.15712	0.42934	0.57066	0.3513347
3066	-261.7795	-352.5499	90.77038	1.35925	3.301294	0.583761	0.416239	0.6361335
3072	-262.5107	-351.8842	89.37352	1.252289	9.611428	0.682678	0.317322	0.5507921
3078	-267.2631	-357.2899	90.02681	0.882947	7.68722	0.535517	0.464483	0.7015588
3084	-265.26	-354.2635	89.00345	1.501699	10.15158	0.598642	0.401358	0.3722936
3090	-259.7461	-350.674	90.9279	0.9204513	3.82485	0.458531	0.541469	0.7849402
3096	-261.0077	-351.2309	90.22316	1.261762	5.285919	0.573926	0.426074	0.6490481
3102	-252.2538	-342.7911	90.53733	0.9691491	4.323381	0.398576	0.601424	0.9883477
3108	-259.8647	-351.0728	91.20815	1.159298	2.67797	0.472395	0.527605	0.693593
3114	-263.0775	-352.7788	89.70132	1.033579	6.896623	0.517014	0.482986	1.090922
3120	-266.4246	-356.9248	90.50016	1.321077	3.766542	0.452288	0.547712	0.8464776
3126	-271.053	-361.7901	90.73708	0.9120127	3.059216	0.492196	0.507804	1.271926
3132	-264.5925	-354.3764	89.78395	0.9156253	8.003447	0.474441	0.525559	0.9014874
3138	-257.9796	-348.0376	90.05799	1.041979	6.113371	0.355517	0.644483	0.9014874
3144	-256.2519	-346.5402	90.28831	1.187139	5.052025	0.364619	0.635381	0.7732634
3150	-255.727	-346.1648	90.4378	1.051078	3.712936	0.388119	0.611881	1.194305
3156	-256.9599	-348.2561	91.29623	0.566032	2.780939	0.388119	0.611881	1.194305
3162	-256.2781	-346.8096	90.53148	1.188128	4.377859	0.300965	0.699035	0.7025933
3168	-267.195	-356.9335	89.73854	0.9446812	4.377859	0.641399	0.358601	1.646648
3174	-265.6423	-355.4061	89.76379	0.6876566	4.312848	0.499281	0.500719	1.823868
3180	-270.9127	-361.3587	90.44606	1.425191	3.97291	0.48837	0.51163	0.3644919
3186	-265.3327	-355.0234	89.69078	1.588693	5.883775	0.215322	0.784678	0.3172138
3192	-259.0715	-349.6267	90.55521	1.859282	2.340219	0.390865	0.609135	0.2574853
3198	-264.2352	-354.387	90.15174	1.637041	4.280199	0.211924	0.788076	0.3932382
3204	-281.8219	-372.4941	90.6722	1.650354	2.766581	0.261841	0.738159	0.7010148
3210	-268.5597	-359.4534	90.89367	1.002682	3.75398	0.586068	0.413932	0.7519095
3216	-264.3142	-355.6403	91.32612	0.8862961	1.95388	0.492887	0.507113	1.259716
3222	-264.7374	-355.24	90.50258	0.9077714	2.887751	0.325296	0.674704	1.515649
3228	-259.4924	-349.6222	90.12977	1.083624	5.671635	0.396548	0.603452	0.8956456
3234	-271.3056	-361.5852	90.27958	1.202831	5.398492	0.615841	0.384159	0.5733272
3240	-255.5644	-344.4932	88.92877	1.846028	8.262555	0.622454	0.377546	0.3169564
3246	-259.2319	-349.7863	90.55443	1.74115	2.634494	0.354463	0.645537	0.2723911
3252	-259.4764	-349.0328	89.55637	2.002383	4.958041	0.454924	0.545076	0.3537181
3258	-268.2947	-358.6726	90.37794	1.818187	2.953745	0.478326	0.521674	0.3022297
3264	-256.3274	-346.3034	89.97608	0.7056052	7.612387	0.621911	0.378089	1.000399
3270	-261.1289	-351.4898	90.36091	1.573686	3.737568	0.300387	0.699613	0.3424356
3276	-274.081	-363.8072	89.72619	1.489339	6.290178	0.477509	0.522491	0.3502497
3282	-265.2395	-356.001	90.76155	1.121658	4.022169	0.564982	0.435018	0.5965375
3288	-274.7319	-365.5637	90.83176	0.8184113	3.070625	0.650681	0.349319	1.267113
3294	-279.7316	-371.1375	91.40585	0.8718285	2.431427	0.412068	0.587932	0.9612634
3300	-277.3251	-368.0065	90.68137	1.307843	3.058274	0.37079	0.62921	0.9628887
3306	-270.0501	-359.9299	89.87985	1.533036	5.596251	0.497381	0.502619	0.6279072
3312	-272.3131	-362.4745	90.16141	1.343133	5.306638	0.314209	0.685791	0.5816317
3318	-265.1308	-355.596	90.46525	1.095825	4.827011	0.379799	0.620201	0.741046
3324	-261.009	-352.0085	90.99951	0.8324619	3.249392	0.339535	0.660465	1.04197
3330	-263.9082	-354.4077	90.49952	0.7868109	3.249392	0.339535	0.660465	1.495444
3336	-259.8576	-350.3411	90.48349	0.7419125	5.66302	0.48169	0.51831	0.8844299
3342	-270.342	-360.3604	90.01844	1.251868	6.29577	0.341855	0.658145	0.5139359
3348	-267.5904	-357.6095	90.0191	1.536036	4.893988	0.758183	0.241817	0.3301645
3354	-256.0706	-346.5739	90.50329	1.304984	3.941744	0.287299	0.712701	0.7846134
3360	-269.9656	-360.7008	90.73513	0.9229182	4.19729	0.591672	0.408328	0.8675399
3366	-257.5123	-347.1032	89.59095	1.04147	8.925765	0.591672	0.408328	0.7773568
3372	-266.0931	-357.1194	91.02627	0.8037203	3.436332	0.231668	0.768332	0.971581
3378	-266.031	-356.7718	90.74079	0.7337765	4.522377	0.504274	0.495726	0.9576902
3384	-259.7791	-350.9414	91.16233	1.084312	2.831573	0.561671	0.438329	0.7736981
3390	-261.0147	-350.8081	89.79339	0.9268711	8.421399	0.440781	0.559219	0.7797652
3396	-263.8223	-354.7283	90.90595	1.104302	3.4615	0.357509	0.642491	0.7416466
3402	-265.0743	-355.8015	90.72723	1.419919	3.326396	0.568115	0.431885	0.4560415
3408	-266.8028	-357.2934	90.49058	1.417454	3.90292	0.462029	0.537971	0.6377722
3414	-261.7419	-351.7627	90.02079	1.411611	5.567929	0.622989	0.377011	0.5941209
3420	-255.5532	-345.8317	90.2785	1.151871	5.591189	0.554349	0.445651	0.5809321
3426	-257.0207	-346.4049	89.38429	1.158768	10.13978	0.729268	0.270732	0.5426325
3432	-264.9022	-354.635	89.73282	0.8162144	9.028818	0.652446	0.347554	0.8616076
3438	-262.4424	-352.9707	90.52825	0.8107031	4.792986	0.394731	0.605269	1.013661
3444	-260.2051	-351.028	90.8229	1.051289	2.527244	0.334366	0.665634	1.284066
3450	-261.7938	-352.5872	90.79347	1.218183	2.675631	0.455307	0.544693	1.104812
3456	-271.2336	-362.0061	90.77249	1.098572	3.934585	0.748534	0.251466	0.690691
3462	-260.8961	-351.216	90.31982	1.571253	4.006402	0.471684	0.528316	0.4210306
3468	-265.2898	-354.9142	89.62438	1.825476	5.561329	0.532324	0.467676	0.4979452
3474	-277.4649	-364.9623	87.49744	1.319334	27.94761	0.681621	0.318379	0.4895419
3480	-263.6176	-353.9493	90.33167	1.566709	4.020826	0.415278	0.584722	0.5307189
3486	-263.5286	-353.5728	90.04415	1.630106	4.703075	0.506311	0.493689	0.4275986
3492	-267.6804	-357.866	90.18554	0.7931399	6.66456	0.482939	0.517061	0.8958019
3498	-261.0546	-350.8501	89.79546	1.046005	7.77452	0.444409	0.555591	0.7804685
3504	-260.8357	-350.1088	89.27302	2.310761	3.786507	0.367719	0.632281	0.1757896
3510	-269.1016	-358.0917	88.99006	2.181539	4.844632	0.292344	0.707656	0.1568455
3516	-262.6829	-353.0636	90.38065	1.818062	3.11654	0.292344	0.707656	0.3764006
3522	-266.8241	-357.4676	90.64349	2.172673	1.674056	0.283158	0.716842	0.2626334
3528	-265.1949	-354.4652	89.27024	1.867268	5.80631	0.37615	0.62385	0.224176
3534	-264.6408	-354.1631	89.52236	1.511654	7.22988	0.501597	0.498403	0.38344
3540	-265.7422	-354.677	88.93479	1.540405	10.3342	0.501597	0.498403	0.3697707
3546	-266.8855	-357.1125	90.22707	1.423154	4.820127	0.392111	0.607889	0.527631
3552	-272.4847	-363.9569	91.47215	1.032041	2.180835	0.40748	0.59252	0.8553796
3558	-268.3031	-359.0407	90.73758	0.8003587	3.484969	0.40748	0.59252	1.223793
3564	-274.183	-365.0766	90.89361	0.878084	3.484969	0.265383	0.734617	1.011809
3570	-274.1495	-364.7152	90.56568	0.8994897	3.484969	0.388913	0.611087	1.284311
3576	-273.6948	-364.4618	90.76704	0.972262	2.815674	0.388913	0.611087	1.284311
3582	-271.5175	-362.2766	90.75909	0.5830593	2.815674	0.539236	0.460764	1.589478
3588	-266.8805	-357.2093	90.32882	0.7821599	5.253208	0.657888	0.342112	1.107664
3594	-271.202	-362.2938	91.09181	0.8248565	3.144754	0.432931	0.567069	1.000368
3600	-265.7761	-356.4123	90.63616	1.067812	3.510721	0.384105	0.615895	1.067739
3606	-264.5825	-355.2673	90.68476	0.9286068	3.510721	0.370658	0.629342	1.150265
3612	-260.8252	-350.8867	90.06151	1.063604	5.028525	0.600305	0.399695	1.150265
3618	-262.615	-352.9486	90.33354	1.481034	3.663795	0.471676	0.528324	0.8973629
3624	-262.6225	-352.8017	90.17917	1.170395	5.360458	0.511644	0.488356	0.8293962
3630	-259.0541	-349.4506	90.39655	0.8288231	4.962299	0.478225	0.521775	1.076112
3636	-261.9343	-352.4843	90.55005	1.024197	3.859572	0.515869	0.484131	1.071611
3642	-264.946	-355.7272	90.78125	0.6513253	3.065953	0.316197	0.683803	1.441278
3648	-265.884	-356.3203	90.43628	0.7374667	4.582586	0.281492	0.718508	1.220035
3654	-269.3039	-359.6649	90.36102	1.012447	4.156122	0.492509	0.507491	1.163121
3660	-270.5077	-361.2189	90.71126	0.8897613	4.156122	0.552421	0.447579	0.9460705
3666	-262.7229	-353.2593	90.53639	1.519655	3.522164	0.369755	0.630245	0.6080102
3672	-263.3601	-353.8284	90.46828	1.511025	3.729698	0.419983	0.580017	0.4033756
3678	-272.1501	-362.2333	90.08313	1.344922	5.27771	0.529324	0.470676	0.7525911
3684	-271.1224	-361.2	90.07765	0.8518211	4.723617	0.599006	0.400994	1.384381
3690	-278.4134	-368.9481	90.53471	1.340002	2.074249	0.344213	0.655787	1.470965
3696	-274.103	-365.0455	90.94246	0.9419087	2.074249	0.252109	0.747891	1.463643
3702	-265.454	-356.6481	91.19407	0.8302044	2.451751	0.370647	0.629353	1.189311
3708	-262.1861	-352.3635	90.17735	0.8470882	3.538659	0.370647	0.629353	1.606573
3714	-260.5476	-351.3573	90.80967	0.7292178	2.354902	0.215865	0.784135	1.607105
3720	-262.8225	-353.2853	90.46283	0.5007678	2.832517	0.314789	0.685211	1.851222
3726	-263.7464	-354.0286	90.28222	0.4768334	3.959408	0.314789	0.685211	1.689813
3732	-262.6756	-354.2975	91.62186	0.7291882	1.71274	0.30222	0.69778	1.270449
3738	-265.6267	-356.8187	91.19201	0.8743015	1.71274	0.359955	0.640045	1.493792
3744	-260.9698	-352.4462	91.47639	0.7287296	1.512921	0.280276	0.719724	1.493792
3750	-265.6728	-356.9074	91.23452	0.4672601	3.682853	0.476077	0.523923	1.0089
3756	-273.2463	-364.3873	91.14101	0.5078357	1.903772	0.429797	0.570203	1.709193
3762	-278.323	-369.7777	91.45477	0.359855	2.489182	0.30699	0.69301	1.347165
3768	-264.0483	-354.4223	90.37398	1.157622	3.487024	0.558231	0.441769	1.228487
3774	-266.7899	-356.3924	89.60248	1.001908	8.411622	0.561871	0.438129	0.9228109
3780	-268.7557	-359.371	90.61532	0.7693508	2.762008	0.271585	0.728415	1.576076
3786	-274.6364	-364.8897	90.25334	0.8285403	3.717415	0.586755	0.413245	1.516391
3792	-273.0638	-364.3248	91.26093	0.721048	2.445737	0.225896	0.774104	1.227946
3798	-278.0908	-369.7458	91.65502	0.6450061	1.324141	0.512324	0.487676	1.531102
3804	-269.4081	-360.2615	90.85339	0.4129464	3.716915	0.642042	0.357958	1.37549
3810	-267.0663	-357.52	90.45363	1.163542	3.716915	0.483519	0.516481	1.078415
3816	-262.7742	-354.344	91.56987	1.13639	2.013229	0.483519	0.516481	0.7051704
3822	-262.4299	-352.9071	90.47719	0.8269298	4.75545	0.332089	0.667911	1.057908
3828	-268.3019	-358.476	90.17416	1.264711	4.75545	0.441486	0.558514	0.9215229
3834	-270.0881	-360.426	90.33793	0.8573572	4.75545	0.439195	0.560805	1.15717
3840	-253.1645	-344.1493	90.98486	0.8647986	2.677994	0.376088	0.623912	1.244975
3846	-257.2615	-347.4847	90.2232	0.8647986	6.070238	0.425685	0.574315	0.9260537
3852	-262.5313	-352.7679	90.23669	0.7479561	5.684278	0.67587	0.32413	1.120353
3858	-262.204	-352.5092	90.30515	0.9933655	5.684278	0.348257	0.651743	0.7865379
3864	-262.1013	-351.2349	89.13364	1.386259	10.26039	0.790887	0.209113	0.565552
3870	-260.7304	-351.8135	91.08314	0.8411161	2.574859	0.489525	0.510475	1.223254
3876	-270.5305	-360.7804	90.24989	0.6737737	2.679312	0.362313	0.637687	1.925773
3882	-264.0837	-354.1772	90.09344	1.053341	5.365597	0.230232	0.769768	1.046234
3888	-264.6022	-355.4877	90.88554	1.319821	3.020649	0.398059	0.601941	0.7113202
3894	-264.9107	-355.0385	90.12783	0.4798258	6.025974	0.398059	0.601941	1.365822
3900	-262.6837	-353.423	90.73933	1.072245	2.667585	0.503223	0.496777	1.280522
3906	-258.6388	-349.4363	90.79749	1.365881	3.081891	0.465904	0.534096	0.737659
3912	-258.6252	-350.0388	91.41362	1.554624	1.650677	0.250123	0.749877	0.6394278
3918	-266.8111	-356.7648	89.95371	1.350338	5.641612	0.383155	0.616845	0.793706
3924	-264.3802	-354.467	90.08675	1.350338	5.607278	0.364808	0.635192	0.477896
3930	-269.1576	-359.0183	89.86075	1.702452	4.653096	0.606066	0.393934	0.2815013
3936	-268.8455	-359.3324	90.4869	1.613465	3.343167	0.458624	0.541376	0.3654915
3942	-270.1795	-360.5693	90.38987	1.605569	3.739475	0.458624	0.541376	0.4699595
3948	-271.7688	-361.0746	89.30583	2.130485	4.282755	0.573432	0.426568	0.18094
3954	-268.8638	-360.128	91.26416	0.645291	3.242036	0.361434	0.638566	0.9677429
3960	-264.1558	-355.1052	90.94942	0.3951374	2.124594	0.363034	0.636966	1.83141
3966	-259.0906	-349.6561	90.56548	0.5967577	2.635042	0.446012	0.553988	1.776518
3972	-270.3996	-361.0822	90.68262	0.6682771	3.241876	0.343564	0.656436	1.448821
3978	-261.9642	-352.1366	90.17236	1.272901	4.974995	0.595197	0.404803	0.8412994
3984	-268.9952	-357.0855	88.0903	1.747114	15.64391	0.758654	0.241346	0.4797292
3990	-262.1818	-352.4805	90.29871	0.8429779	6.119754	0.687456	0.312544	0.8511327
3996	-262.7434	-352.8999	90.15653	0.8756064	5.472142	0.753399	0.246601	1.126556
4002	-272.2241	-362.5962	90.37213	0.6474576	5.564074	0.483779	0.516221	1.116428
4008	-271.9572	-361.7104	89.75316	0.8810718	7.242029	0.500318	0.499682	1.116428
4014	-263.279	-353.6381	90.35903	1.303729	4.287571	0.520308	0.479692	0.8264248
4020	-269.9594	-359.8943	89.93482	0.877207	6.558298	0.717161	0.282839	1.088278
4026	-265.3987	-355.5364	90.13775	1.450304	4.753423	0.558091	0.441909	0.7323361
4032	-256.0549	-346.7287	90.67388	1.159787	4.077556	0.476816	0.523184	0.6705722
4038	-265.4489	-354.7031	89.25429	1.543702	8.598454	0.602063	0.397937	0.5541867
4044	-264.5473	-354.5684	90.02111	1.262986	5.938878	0.641687	0.358313	0.3340968
4050	-272.2786	-362.3607	90.08203	1.258893	5.938878	0.634676	0.365324	0.590178
4056	-268.4554	-358.2419	89.78646	1.10594	7.83253	0.52785	0.47215	0.6817809
4062	-269.1931	-359.2319	90.03874	1.208418	6.388089	0.585898	0.414102	0.5343245
4068	-261.8513	-352.2406	90.3893	1.252867	4.62124	0.493956	0.506044	0.7077417
4074	-272.196	-362.76	90.56403	1.443074	3.703278	0.50375	0.49625	0.5406453
4080	-267.8975	-357.2115	89.31394	1.443074	8.84355	0.357755	0.642245	0.5406453
4086	-260.322	-350.8801	90.55805	1.494905	3.513176	0.357755	0.642245	0.3928385
4092	-266.4307	-357.0045	90.5738	1.717978	2.645379	0.578648	0.421352	0.2731853
4098	-263.5363	-352.2232	88.68691	2.108555	5.880574	0.526872	0.473128	0.135944
4104	-266.7702	-356.9052	90.13506	1.917845	3.122746	0.239545	0.760455	0.256745
4110	-266.4691	-357.4726	91.00352	0.5844793	2.841144	0.530065	0.469935	1.395974
4116	-275.4149	-366.7891	91.37414	0.8999026	2.034473	0.20028	0.79972	1.166967
4122	-275.103	-366.5298	91.42688	0.9880776	2.128974	0.38228	0.61772	0.9847703
4128	-273.1062	-363.8403	90.73415	1.192107	3.159191	0.389062	0.610938	0.9847703
4134	-271.08	-361.5647	90.48477	1.03153	5.110042	0.466275	0.533725	0.6820353
4140	-269.8618	-360.0425	90.18071	1.555372	4.53299	0.480611	0.519389	0.5191056
4146	-262.4481	-354.0917	91.64358	1.225338	1.753663	0.44938	0.55062	0.7002205
4152	-260.6068	-351.7694	91.16256	1.151548	1.747244	0.345594	0.654406	1.282168
4158	-262.3724	-353.1811	90.80873	0.8429559	3.955483	0.29584	0.70416	0.9630087
4164	-258.3232	-349.2837	90.96052	1.180331	2.712407	0.45116	0.54884	0.9630087
4170	-262.6466	-352.6649	90.01829	1.24626	5.236602	0.590695	0.409305	0.9632854
4176	-260.3943	-351.1319	90.73762	1.228991	3.111762	0.543232	0.456768	0.9632854
4182	-268.5472	-357.6858	89.13859	1.03	6.748596	0.543232	0.456768	1.573165
4188	-255.1752	-345.3058	90.13061	0.864378	4.613258	0.589695	0.410305	1.358591
4194	-255.6911	-346.1009	90.40986	1.124331	4.613258	0.332675	0.667325	0.8608455
4200	-255.918	-346.4206	90.5026	1.169991	4.064371	0.449027	0.550973	0.9009705
4206	-266.6292	-357.3609	90.73164	1.243596	2.960987	0.510544	0.489456	1.018634
4212	-254.7913	-343.8196	89.02837	1.440311	10.64949	0.467278	0.532722	0.505702
4218	-265.7964	-354.8683	89.07195	1.375337	10.64949	0.596439	0.403561	0.4034378
4224	-274.4164	-365.2608	90.84444	1.031256	3.717382	0.260799	0.739201	0.7993272
4230	-267.8572	-358.5005	90.64331	1.299737	3.717382	0.309334	0.690666	0.6975662
4236	-267.0336	-357.2821	90.24856	1.192192	5.259012	0.539023	0.460977	0.7409709
4242	-270.4665	-360.5082	90.04176	1.093797	6.731384	0.576923	0.423077	0.6484033
4248	-262.5407	-352.6266	90.0859	1.222593	5.675138	0.576923	0.423077	0.7758783
4254	-263.5835	-354.3832	90.7997	1.249419	2.945244	0.307131	0.692869	0.950427
4260	-255.8047	-345.9824	90.17768	1.681014	4.139018	0.478632	0.521368	0.5350389
4266	-251.1343	-341.6805	90.54617	1.450132	3.290495	0.283405	0.716595	0.8496156
4272	-253.1402	-343.6608	90.52057	1.064876	3.290495	0.519242	0.480758	1.246833
4278	-261.3217	-352.2061	90.88443	0.8411393	3.290495	0.558226	0.441774	1.12564
4284	-258.0837	-348.9948	90.91113	1.107965	3.226798	0.51568	0.48432	0.8526766
4290	-256.9919	-347.9221	90.93018	0.4985629	4.402444	0.360541	0.639459	1.040561
4296	-258.7805	-349.7395	90.95897	0.7964211	2.717177	0.368838	0.631162	1.30758
4302	-255.0678	-346.1578	91.09002	0.9271031	2.717177	0.368838	0.631162	1.082053
4308	-252.1098	-343.434	91.32421	0.6877148	2.886375	0.528535	0.471465	1.01438
4314	-252.3074	-342.9164	90.60898	0.7932256	4.583409	0.430245	0.569755	1.012405
4320	-265.0125	-355.4078	90.39537	0.8408561	4.443828	0.548851	0.451149	1.202877
4326	-270.6557	-359.7533	89.09759	0.9393683	5.575035	0.406122	0.593878	1.862129
4332	-261.1799	-350.8168	89.63698	0.8372259	5.575035	0.348941	0.651059	1.552613
4338	-265.8815	-356.0292	90.1477	0.7824161	4.665233	0.525962	0.474038	1.397334
4344	-264.2488	-354.1021	89.85325	0.7262899	4.9755	0.46761	0.53239	1.593441
4350	-262.5287	-353.1814	90.65276	0.3707455	4.614419	0.489581	0.510419	1.335638
4356	-265.4395	-355.5927	90.15318	0.8703258	4.614419	0.463822	0.536178	1.335638
4362	-265.5518	-356.9776	91.42589	0.6226633	2.074785	0.351298	0.648702	1.335638
4368	-270.1254	-360.5271	90.40169	0.6767654	4.433939	0.492038	0.507962	1.335638
4374	-264.7617	-355.8115	91.04981	0.7548239	3.472518	0.345868	0.654132	0.9834923
4380	-265.5885	-356.5934	91.00493	1.060426	2.206149	0.410171	0.589829	1.262573
4386	-271.7332	-363.1404	91.40715	1.129182	2.206149	0.49495	0.50505	0.7971594
4392	-269.4012	-360.1993	90.79812	1.14867	3.273593	0.598871	0.401129	0.9145194
4398	-269.0935	-359.6661	90.57264	0.8236608	4.404997	0.389203	0.610797	1.070626
4404	-263.4916	-354.968	91.47641	1.100887	2.004883	0.230138	0.769862	0.8865286
4410	-260.6876	-351.9992	91.31166	1.122423	2.090929	0.238627	0.761373	0.9870713
4416	-265.1099	-355.6898	90.57987	1.1222	4.285487	0.45123	0.54877	0.7749358
4422	-269.6815	-360.3433	90.66188	1.245512	3.746261	0.545832	0.454168	0.7393142
4428	-263.3508	-354.0055	90.6547	0.8235717	4.208257	0.493965	0.506035	1.052095
4434	-265.3291	-356.6487	91.31964	0.94444	2.33291	0.557062	0.442938	1.025638
4440	-264.0548	-353.9951	89.94025	1.416573	5.932817	0.545423	0.454577	0.4922538
4446	-264.6245	-354.6904	90.06598	1.247675	6.098456	0.521967	0.478033	0.5423914
4452	-263.5351	-353.4487	89.91354	1.480276	5.690285	0.555135	0.444865	0.6156389
4458	-263.5558	-353.9417	90.38591	1.229248	4.832588	0.650157	0.349843	0.6395586
4464	-270.9542	-361.3783	90.42411	1.082254	5.330315	0.403357	0.596643	0.5454512
4470	-264.3133	-354.7723	90.45898	0.9894536	5.330315	0.456879	0.543121	0.6970109
4476	-262.1406	-352.791	90.65042	0.8626364	4.817598	0.584382	0.415618	0.8123412
4482	-258.2825	-348.4093	90.12678	1.283127	4.310856	0.532003	0.467997	1.085496
4488	-262.8439	-353.3246	90.48073	1.106976	4.838514	0.285585	0.714415	0.6914004
4494	-260.9382	-351.656	90.7178	1.085008	2.889499	0.378983	0.621017	1.203894
4500	-258.5808	-349.388	90.80712	1.033934	3.938463	0.298283	0.701717	0.7384925
4506	-263.4533	-353.7575	90.30422	1.006555	4.924469	0.514642	0.485358	1.004173
4512	-263.8033	-355.7713	91.96796	0.8582265	1.517615	0.347224	0.652776	0.9610039
4518	-262.9317	-353.326	90.39431	0.8218699	3.593394	0.539025	0.460975	1.44896
4524	-261.8177	-351.5549	89.73714	0.7112759	6.245706	0.453299	0.546701	1.44896
4530	-261.279	-351.6621	90.38316	0.7450235	4.60052	0.484757	0.515243	1.253751
4536	-260.8413	-351.3766	90.5353	1.029438	3.711703	0.462198	0.537802	1.128069
4542	-261.354	-351.3478	89.99383	0.4164265	3.711703	0.458041	0.541959	1.988827
4548	-257.8592	-348.5975	90.73825	0.6241252	4.762223	0.402442	0.597558	0.9992905
4554	-265.7399	-356.1629	90.42301	0.8056932	5.238608	0.322888	0.677112	0.9992905
4560	-254.5185	-345.3913	90.87289	0.9688708	3.687385	0.592551	0.407449	0.8558174
4566	-263.0358	-352.9317	89.89588	1.099655	6.140898	0.574373	0.425627	1.004574
4572	-254.3859	-344.2223	89.83641	1.347893	6.382524	0.557013	0.442987	0.7049472
4578	-264.7941	-354.2996	89.50546	1.076484	9.723313	0.469796	0.530204	0.634
4584	-262.3657	-352.0051	89.6394	0.9890517	7.127752	0.469796	0.530204	1.142915
4590	-254.1269	-344.6077	90.4808	1.102408	4.682099	0.560239	0.439761	0.7709279
4596	-254.8825	-345.6861	90.80367	0.8304114	4.067913	0.515443	0.484557	0.9417881
4602	-255.7396	-345.9464	90.20681	1.018716	4.067913	0.383562	0.616438	1.311729
4608	-266.533	-355.7575	89.22456	1.84114	7.213325	0.569609	0.430391	0.4563383
4614	-269.2932	-360.1679	90.87479	1.053814	3.023586	0.441967	0.558033	1.038081
4620	-259.1827	-349.8995	90.71678	0.9951228	3.023586	0.576966	0.423034	1.232109
4626	-265.9204	-355.0903	89.16988	1.022419	7.358783	0.617621	0.382379	1.459355
4632	-257.3583	-347.3635	90.00516	0.6154748	4.168241	0.49541	0.50459	1.738526
4638	-254.7356	-345.0612	90.32565	0.8336576	2.758828	0.49383	0.50617	1.738526
4644	-262.5192	-354.5139	91.99476	0.5912614	1.071475	0.390048	0.609952	1.482452
4650	-261.9622	-353.8234	91.86125	1.289686	1.326534	0.405924	0.594076	0.7434786
4656	-266.03	-356.8585	90.82854	0.8684097	3.756691	0.496839	0.503161	0.9873221
4662	-270.0178	-361.13	91.11221	1.368337	2.469687	0.49155	0.50845	0.6691494
4668	-273.6338	-364.156	90.52218	1.184099	4.613776	0.628246	0.371754	0.557484
4674	-260.9743	-351.8635	90.88918	1.134224	2.742446	0.445789	0.554211	1.065339
4680	-267.0062	-357.8921	90.88594	1.332945	3.14339	0.530489	0.469511	0.5546043
4686	-266.5377	-356.8976	90.35986	1.171293	5.204156	0.678982	0.321018	0.5850556
4692	-258.5005	-349.2307	90.73023	0.9787843	4.359054	0.40389	0.59611	0.7299004
4698	-264.9725	-355.8333	90.86085	1.057452	3.523036	0.407329	0.592671	0.8358382
4704	-271.9431	-361.1831	89.23999	1.937595	5.338303	0.686205	0.313795	0.1953378
4710	-272.5632	-363.974	91.41078	1.38175	1.923548	0.389658	0.610342	0.6408605
4716	-265.0546	-355.8471	90.79257	1.375019	3.191361	0.401153	0.598847	0.6493765
4722	-266.6211	-357.3223	90.70124	1.813324	2.447435	0.394183	0.605817	0.398361
4728	-263.4308	-354.1475	90.7167	1.813324	2.284098	0.394183	0.605817	0.3146531
4734	-266.9041	-357.068	90.16389	2.144118	2.415219	0.431123	0.568877	0.2257345
4740	-261.1944	-349.8416	88.64722	2.150287	5.904175	0.633625	0.366375	0.1374159
4746	-263.8596	-353.8548	89.99519	1.796407	3.5725	0.516647	0.483353	0.2179646
4752	-264.1124	-354.1875	90.07502	1.874643	3.5725	0.537289	0.462711	0.3020332
4758	-268.0249	-357.9091	89.88411	2.261027	3.072522	0.303283	0.696717	0.3017013
4764	-254.6905	-344.555	89.86448	1.593345	5.529435	0.537922	0.462078	0.5112463
4770	-263.0574	-353.2517	90.1943	1.462573	4.574283	0.643194	0.356806	0.3381469
4776	-256.2191	-346.7609	90.5418	1.180273	4.403541	0.464045	0.535955	0.683792
4782	-265.192	-355.3231	90.13112	1.831411	3.768542	0.238713	0.761287	0.3973735
4788	-266.7128	-357.7614	91.04864	1.574706	2.232119	0.546123	0.453877	0.6249256
4794	-260.1721	-350.6075	90.43534	1.118522	5.053176	0.640141	0.359859	0.6368644
4800	-259.1277	-348.385	89.25723	1.455731	9.092978	0.640141	0.359859	0.4559928
4806	-257.699	-348.316	90.61696	1.326019	3.830183	0.644792	0.355208	0.6134159
4812	-259.9879	-350.6707	90.68281	1.04712	4.48213	0.471737	0.528263	0.6134159
4818	-261.1763	-352.2124	91.03604	1.416781	2.596837	0.433591	0.566409	0.4243139
4824	-269.2133	-356.9016	87.68834	1.779032	18.97901	0.723423	0.276577	0.3714288
4830	-269.8592	-357.4719	87.6127	1.549243	21.65138	0.657997	0.342003	0.2971358
4836	-274.7735	-362.4544	87.68089	1.493417	21.15099	0.661515	0.338485	0.8178375
4842	-263.9556	-351.6276	87.67201	2.018634	16.63516	0.547102	0.452898	0.3666884
4848	-255.8605	-345.5871	89.72659	1.591165	6.055505	0.547102	0.452898	0.4340118
4854	-261.1728	-350.68	89.5072	1.143062	8.413719	0.324856	0.675144	0.8705096
4860	-261.5343	-352.5273	90.99309	1.143062	2.384498	0.487248	0.512752	1.120595
4866	-266.3114	-355.5543	89.24286	1.759448	4.733284	0.487248	0.512752	1.324391
4872	-269.4632	-360.1382	90.675	1.251483	3.632746	0.775973	0.224027	0.7714513
4878	-278.0938	-368.2323	90.1385	1.248031	3.767903	0.496002	0.503998	1.264113
4884	-274.1637	-364.7064	90.54269	1.151748	4.049401	0.585415	0.414585	0.881758
4890	-273.6538	-364.3886	90.73476	1.483762	3.114033	0.49258	0.50742	0.6009004
4896	-270.7328	-361.0065	90.27369	1.475098	4.440888	0.48527	0.51473	0.4152211
4902	-265.7599	-355.8445	90.08453	1.212428	5.633136	0.474107	0.525893	0.8060315
4908	-270.208	-359.8934	89.68539	1.298437	6.949963	0.345728	0.654272	0.8148584
4914	-259.2093	-350.3387	91.12942	0.5809513	3.820545	0.563492	0.436508	0.9502343
4920	-262.146	-352.988	90.84198	0.2902141	3.932106	0.377694	0.622306	1.421404
4926	-259.9	-350.3332	90.43327	0.78113	5.325816	0.333998	0.666002	0.990157
4932	-271.2131	-360.9057	89.69256	0.8337987	5.758867	0.579931	0.420069	1.478995
4938	-277.0234	-368.6666	91.64319	1.098461	1.904407	0.379673	0.620327	0.7522214
4944	-255.5786	-346.2426	90.66398	0.8502301	4.557218	0.623282	0.376718	0.9033909
4950	-251.528	-341.7932	90.26518	0.8204026	4.557218	0.635147	0.364853	1.299492
4956	-257.4118	-348.0545	90.64276	0.9526939	4.409543	0.635147	0.364853	0.8619226
4962	-265.253	-355.5278	90.27482	1.246205	4.354444	0.209203	0.790797	0.9633989
4968	-259.1454	-349.5543	90.40892	1.012473	4.354444	0.463844	0.536156	1.061877
4974	-263.2983	-352.6184	89.32013	1.316164	9.564239	0.453138	0.546862	0.5327227
4980	-262.8608	-353.3563	90.49546	1.297142	4.277295	0.429291	0.570709	0.6170963
4986	-258.2341	-349.7001	91.46595	1.062537	2.042704	0.424786	0.575214	0.9166484
4992	-261.5571	-352.0917	90.53453	1.54911	3.393756	0.464264	0.535736	0.3694404
4998	-261.4685	-351.9063	90.4378	1.493397	3.894668	0.579194	0.420806	0.4269477
5004	-265.8847	-356.0163	90.13159	0.7871523	3.954668	0.41448	0.58552	1.575866
5010	-261.7874	-352.022	90.23452	0.9359584	3.431037	0.273172	0.726828	1.529104
5016	-261.2334	-352.8795	91.64607	0.4711944	2.265596	0.49097	0.50903	1.191816
5022	-264.5468	-354.6417	90.0949	1.587242	4.715521	0.317806	0.682194	0.4942934
5028	-269.4824	-359.9145	90.43206	1.623702	3.57785	0.337245	0.662755	0.4942934
5034	-267.5185	-357.8	90.28151	1.152265	4.748403	0.497443	0.502557	0.9293057
5040	-264.5239	-354.2944	89.77045	1.34304	6.902432	0.669095	0.330905	0.6118682
5046	-266.1988	-356.5095	90.31074	1.209222	5.137009	0.389959	0.610041	0.6603182
5052	-262.1219	-351.8563	89.73442	1.068713	8.525803	0.50993	0.49007	0.5862996
5058	-260.4863	-350.9386	90.45229	0.7194906	6.043784	0.543668	0.456332	0.8364417
5064	-259.662	-350.2379	90.5759	1.147235	3.69997	0.417676	0.582324	0.9812563
5070	-265.196	-355.4912	90.29524	0.6712929	6.364534	0.530558	0.469442	0.9812563
5076	-257.6695	-348.1847	90.51525	0.9423684	4.895289	0.595358	0.404642	0.8537832
5082	-257.8411	-347.9059	90.06481	1.07106	6.874217	0.595358	0.404642	0.5544083
5088	-264.7324	-354.4418	89.70944	0.8981638	7.114321	0.588973	0.411027	1.163802
5094	-271.8351	-362.1591	90.32398	1.133998	5.335915	0.633063	0.366937	0.6767387
5100	-266.7176	-356.3317	89.61414	1.383428	7.390355	0.555178	0.444822	0.6461616
5106	-261.862	-352.2275	90.36556	1.558107	3.866079	0.344219	0.655781	0.3886368
5112	-259.032	-349.2857	90.25364	1.670022	3.866079	0.480892	0.519108	0.3886368
5118	-263.7877	-353.0001	89.21242	1.460254	9.152642	0.480892	0.519108	0.380294
5124	-269.3569	-360.0085	90.65156	0.1743329	4.25905	0.275325	0.724675	1.570386
5130	-269.0466	-360.3175	91.27086	0.1474596	2.705457	0.583297	0.416703	1.570386
5136	-263.7828	-353.8139	90.03107	0.6339275	3.553451	0.538237	0.461763	1.855602
5142	-267.0144	-357.9934	90.97904	0.8410105	3.553451	0.398099	0.601901	0.9357847
5148	-261.2127	-351.1913	89.97862	0.5994324	4.911638	0.560707	0.439293	1.607663
5154	-264.9638	-355.7675	90.80366	0.6711349	3.241922	0.458809	0.541191	1.352446
5160	-270.5722	-361.4542	90.88192	0.8278718	2.831675	0.323899	0.676101	1.302546
5166	-272.743	-362.5602	89.81714	0.7415513	2.500009	0.275995	0.724005	2.222859
5172	-266.8746	-357.6116	90.73699	1.12474	3.674558	0.535983	0.464017	0.8370604
5178	-269.7627	-359.4819	89.71927	1.127003	6.802578	0.657471	0.342529	1.003772
5184	-257.197	-347.0981	89.90114	0.973374	7.884279	0.50663	0.49337	0.6961985
5190	-258.5784	-348.972	90.39358	1.263282	4.369079	0.642199	0.357801	0.8006911
5196	-259.8752	-350.2594	90.38419	1.373841	4.369079	0.356181	0.643819	0.6311022
5202	-253.5883	-343.728	90.1397	1.525258	4.774259	0.520913	0.479087	0.5052577
5208	-253.9274	-344.6104	90.68293	1.376471	3.412509	0.397728	0.602272	0.6911154
5214	-252.8726	-343.5896	90.71705	0.9056251	4.514138	0.479403	0.520597	0.7862948
5220	-261.2051	-351.1171	89.91205	1.271389	6.613815	0.611577	0.388423	0.5916811
5226	-257.4329	-348.1467	90.71376	1.555426	3.026635	0.482779	0.517221	0.5446568
5232	-257.0177	-347.8319	90.8142	1.566944	2.778715	0.344616	0.655384	0.4963074
5238	-255.7223	-346.1127	90.39038	1.409594	4.303545	0.475647	0.524353	0.5661681
5244	-258.1627	-347.5121	89.34938	1.043157	8.94474	0.397714	0.602286	1.042289
5250	-256.7871	-347.7513	90.96423	1.117571	3.098909	0.517445	0.482555	0.8396871
5256	-257.4502	-348.2359	90.78573	1.29318	3.216551	0.479375	0.520625	0.7807804
5262	-260.6928	-350.615	89.92222	1.65163	5.065116	0.473981	0.526019	0.5679198
5268	-261.915	-351.7737	89.85867	1.425894	5.392249	0.51802	0.48198	0.8967098
5274	-266.7282	-356.2602	89.53204	1.140289	7.886433	0.391297	0.608703	0.955249
5280	-260.3345	-349.6474	89.31288	1.064091	10.3914	0.466142	0.533858	0.8009887
5286	-259.4287	-349.8572	90.42856	1.419035	4.145148	0.543971	0.456029	0.5794884
5292	-265.1103	-354.904	89.79373	1.842788	4.636796	0.351689	0.648311	0.3364897
5298	-263.5802	-353.5945	90.01432	1.584885	4.875012	0.501413	0.498587	0.3764741
5304	-264.132	-354.1087	89.9767	1.060162	6.179109	0.289173	0.710827	0.9531093
5310	-265.473	-355.4747	90.00173	1.198892	6.179109	0.543609	0.456391	0.7541819
5316	-264.5958	-354.8727	90.27685	1.427861	4.562028	0.661006	0.338994	0.3997287
5322	-269.363	-361.0239	91.66088	1.535653	1.334864	0.284149	0.715851	0.6506312
5328	-264.3688	-354.3717	90.00281	1.397771	5.731036	0.26501	0.73499	0.4463144
5334	-266.847	-357.2419	90.39494	0.8685325	5.731036	0.492313	0.507687	0.8174648
5340	-261.4361	-352.1568	90.72061	1.296719	3.431286	0.677243	0.322757	0.7483456
5346	-259.7261	-349.3574	89.63125	1.1058	8.247468	0.490649	0.509351	0.8004003
5352	-262.6108	-352.4591	89.84831	1.969013	4.143819	0.43992	0.56008	0.368525
5358	-258.54	-348.8759	90.33593	1.522799	4.143819	0.502542	0.497458	0.5194635
5364	-261.4727	-351.4332	89.9605	1.855218	3.926025	0.456664	0.543336	0.2957673
5370	-260.745	-349.686	88.94097	2.021133	6.16526	0.53679	0.46321	0.192625
5376	-260.7546	-350.5941	89.83949	1.607668	4.860224	0.53679	0.46321	0.2500793
5382	-262.0247	-350.7333	88.70865	1.855617	9.009875	0.321004	0.678996	0.2637836
5388	-266.496	-355.9518	89.45585	1.965386	4.604688	0.575465	0.424535	0.2077031
5394	-264.9259	-353.8427	88.91687	1.86777	7.170944	0.524105	0.475895	0.2077031
5400	-261.9117	-351.6018	89.69004	1.664444	5.466882	0.524105	0.475895	0.2934375
5406	-259.238	-349.7032	90.46519	1.480447	3.875869	0.552637	0.447363	0.4572512
5412	-258.8125	-348.8083	89.99583	0.9764303	6.192109	0.545054	0.454946	1.015661
5418	-264.4213	-355.5871	91.16581	0.8694716	1.83762	0.369093	0.630907	1.456399
5424	-265.2846	-355.363	90.07843	0.7988993	4.034945	0.5313	0.4687	1.586366
5430	-257.748	-348.0581	90.31005	1.116395	4.919981	0.531854	0.468146	0.8822485
5436	-256.2105	-346.5294	90.3189	0.902343	4.919981	0.443539	0.556461	1.091071
5442	-273.3351	-363.0243	89.68918	0.9493105	7.292077	0.781277	0.218723	1.10318
5448	-260.6578	-351.4491	90.79129	0.7804867	3.321394	0.42858	0.57142	1.248105
5454	-262.6385	-353.5601	90.92156	0.7920664	3.348304	0.42858	0.57142	1.115991
5460	-264.7598	-355.8331	91.07325	0.8742059	2.964776	0.51435	0.48565	1.044015
5466	-262.9841	-353.5087	90.52459	1.162193	4.438382	0.298573	0.701427	0.7259367
5472	-259.3345	-349.8239	90.48939	1.142956	4.617293	0.298573	0.701427	0.7259367
5478	-264.3393	-354.5196	90.18022	1.473393	4.682436	0.529024	0.470976	0.3739872
5484	-266.2059	-356.9545	90.74859	1.503586	3.066299	0.466916	0.533084	0.455907
5490	-274.8889	-364.941	90.05215	1.60945	4.712909	0.515123	0.484877	0.4036048
5496	-276.087	-366.0943	90.00738	1.499927	5.225597	0.515123	0.484877	0.6351695
5502	-269.7033	-360.0767	90.37343	1.35229	4.560683	0.470821	0.529179	0.5374808
5508	-266.1466	-355.7592	89.61258	1.30398	7.91548	0.711004	0.288996	0.5861477
5514	-266.0699	-355.9263	89.85641	1.223253	6.971008	0.433356	0.566644	0.6571306
5520	-263.8824	-354.2829	90.40046	1.39052	4.32374	0.615206	0.384794	0.5765811
5526	-261.2599	-350.5379	89.27804	1.581468	8.232277	0.720639	0.279361	0.5765811
5532	-269.5303	-359.0566	89.52628	1.363724	7.659304	0.611603	0.388397	0.7426298
5538	-260.7651	-350.6983	89.93311	0.7568592	5.057037	0.496706	0.503294	1.494899
5544	-260.0489	-350.9316	90.88276	1.135196	2.804267	0.334915	0.665085	1.043922
5550	-265.4337	-355.4119	89.97828	0.6810588	4.524114	0.346187	0.653813	1.63136
5556	-265.8601	-356.9151	91.05501	0.4942941	3.109495	0.321826	0.678174	1.335925
5562	-259.2032	-348.5745	89.37137	1.136396	9.931229	0.489453	0.510547	0.7136051
5568	-263.3384	-353.0742	89.73582	1.113052	7.917352	0.692172	0.307828	0.7285669
5574	-259.0505	-350.1604	91.10998	1.063993	2.680211	0.294286	0.705714	0.9438582
5580	-254.417	-344.6194	90.20244	1.334819	4.601251	0.517841	0.482159	0.8614827
5586	-253.9549	-345.3834	91.42858	1.243232	2.041914	0.337324	0.662676	0.7343299
5592	-254.0992	-344.8636	90.76438	1.309254	3.385138	0.263358	0.736642	0.6843194
5598	-258.8682	-349.5625	90.69434	1.659063	2.8405	0.329708	0.670292	0.5067024
5604	-265.7377	-355.7705	90.03278	1.105385	6.888792	0.20338	0.79662	0.5067024
5610	-271.1088	-360.9543	89.84547	1.050541	6.888792	0.565223	0.434777	0.9330433
5616	-258.4302	-349.1749	90.7447	1.106598	2.811298	0.498532	0.501468	1.191999
5622	-254.9227	-345.5668	90.64417	0.6522678	5.34248	0.381575	0.618425	0.8981703
5628	-255.3759	-345.8522	90.47623	0.6585489	3.451245	0.602998	0.397002	1.549846
5634	-257.5464	-348.6974	91.15095	0.915616	2.787112	0.518243	0.481757	1.003946
5640	-260.736	-351.3466	90.61063	1.264546	4.082166	0.628754	0.371246	0.5494366
5646	-259.7388	-350.2838	90.54503	1.233508	4.082166	0.526651	0.473349	0.7598981
5652	-266.8823	-356.5486	89.66632	0.5459319	8.495194	0.440218	0.559782	1.271598
5658	-269.7963	-360.1229	90.32659	0.7001351	5.086455	0.514782	0.485218	1.221427
5664	-263.5407	-353.746	90.20531	1.122298	5.086455	0.448095	0.551905	0.9400853
5670	-270.6226	-360.6628	90.04019	1.22826	5.986929	0.586513	0.413487	0.7200102
5676	-265.0448	-354.2833	89.23854	1.498208	8.519185	0.616673	0.383327	0.7290241
5682	-268.4903	-358.4756	89.98524	0.9602351	6.653142	0.549144	0.450856	0.9351846
5688	-267.0127	-357.4153	90.40259	1.252433	4.644824	0.544564	0.455436	0.67155
5694	-261.4246	-351.1493	89.72478	0.8765297	5.909826	0.420214	0.579786	1.392884
5700	-268.0317	-358.857	90.82528	1.159827	3.77305	0.473458	0.526542	0.4875601
5706	-263.0946	-353.7561	90.66151	1.243276	3.77305	0.522019	0.477981	0.7285285
5712	-257.8606	-348.7035	90.84287	1.293911	3.218519	0.593109	0.406891	0.688721
5718	-252.7585	-343.2467	90.48817	1.098716	4.207336	0.557233	0.442767	0.9434216
5724	-260.7465	-351.2905	90.54399	1.276188	4.175899	0.599472	0.400528	0.629874
5730	-262.5737	-353.9201	91.34645	1.158861	2.105634	0.32348	0.67652	0.9025488
5736	-259.443	-349.8242	90.38128	0.7375759	3.192475	0.430933	0.569067	1.635303
5742	-263.2064	-353.942	90.73564	1.015442	4.417005	0.691221	0.308779	0.6105281
5748	-262.7041	-353.3475	90.64338	1.09228	3.48824	0.477866	0.522134	1.045665
5754	-260.6202	-351.4842	90.86401	1.067822	3.48824	0.65113	0.34887	0.8352231
5760	-263.4396	-353.8708	90.43112	1.419519	4.170855	0.583413	0.416587	0.4975867
5766	-269.2377	-360.0556	90.81791	1.108665	3.453272	0.470825	0.529175	0.8577849
5772	-262.4314	-352.5524	90.12098	1.589849	4.617986	0.340661	0.659339	0.5129268
5778	-259.3406	-349.5869	90.24632	0.912882	5.297718	0.61871	0.38129	1.051616
5784	-254.0915	-344.1129	90.02137	1.246262	4.27567	0.584062	0.415938	1.221069
5790	-257.0358	-347.1083	90.07246	1.178392	5.550774	0.534985	0.465015	0.8881076
5796	-260.2421	-350.7453	90.5032	1.039886	4.353176	0.34842	0.65158	0.940587
5802	-253.4721	-343.8881	90.41599	1.226194	4.208262	0.471018	0.528982	0.8819159
5808	-260.8476	-352.3817	91.53407	1.35217	1.521127	0.320853	0.679147	0.8930128
5814	-260.7036	-350.9557	90.25208	1.320704	4.854223	0.463756	0.536244	0.7095659
5820	-257.1287	-347.7554	90.6267	1.063163	3.914623	0.638901	0.361099	0.937432
5826	-263.2799	-352.8539	89.57396	1.271507	7.519979	0.646385	0.353615	0.8408045
5832	-263.7848	-354.8543	91.06949	1.357074	2.437594	0.442055	0.557945	0.7821991
5838	-266.0864	-357.4621	91.37565	0.4919773	2.190273	0.346732	0.653268	1.42696
5844	-266.5012	-357.848	91.34679	1.078637	1.836024	0.322668	0.677332	1.138849
5850	-259.8156	-350.2474	90.43176	0.8172632	5.106557	0.470579	0.529421	1.014878
5856	-264.4251	-354.8395	90.41431	0.7415304	5.144257	0.470579	0.529421	1.093679
5862	-262.196	-352.9231	90.72711	0.7266165	2.428544	0.576183	0.423817	1.641528
5868	-266.3132	-357.3878	91.07459	1.064099	2.890459	0.536529	0.463471	0.8777961
5874	-268.5095	-358.648	90.13857	1.094768	6.417494	0.400904	0.599096	0.5715099
5880	-264.6731	-355.3756	90.70251	1.205158	3.785325	0.346138	0.653862	0.7168212
5886	-265.4893	-355.2972	89.80792	1.241203	7.27417	0.517225	0.482775	0.5662202
5892	-267.834	-357.2124	89.37843	1.380525	8.802996	0.602501	0.397499	0.4383672
5898	-263.2922	-353.6076	90.31537	1.230434	5.195597	0.512533	0.487467	0.5188254
5904	-267.0823	-356.3473	89.26501	1.145208	10.7565	0.292877	0.707123	0.6604876
5910	-256.873	-347.7373	90.86429	1.421173	2.768256	0.265461	0.734539	0.7587469
5916	-261.2671	-352.1273	90.86017	1.284863	2.976186	0.402284	0.597716	0.8251623
5922	-262.7279	-353.5447	90.81683	1.154578	3.358896	0.472448	0.527552	0.8473428
5928	-254.9803	-345.497	90.51663	1.154578	4.402784	0.512773	0.487227	0.7663056
5934	-263.2772	-353.7479	90.47066	1.223631	4.380856	0.234005	0.765995	0.7422162
5940	-260.0217	-350.6678	90.64606	1.166288	3.605039	0.37311	0.62689	0.9235538
5946	-258.7994	-349.0866	90.28718	1.331089	4.744649	0.37311	0.62689	0.6853688
5952	-264.1435	-354.5479	90.40444	1.434071	4.070764	0.60458	0.39542	0.6654248
5958	-271.0649	-360.6238	89.55888	1.476055	7.107473	0.701521	0.298479	0.3497759
5964	-272.2551	-362.9577	90.70269	0.8473417	5.137321	0.749418	0.250582	0.5828354
5970	-272.2357	-361.6199	89.38426	1.365654	4.86352	0.315985	0.684015	1.490916
5976	-271.366	-360.666	89.29999	1.116501	4.905195	0.370322	0.629678	1.724415
5982	-272.1379	-362.3889	90.25102	0.7204877	4.327944	0.605054	0.394946	1.445042
5988	-271.5486	-361.6049	90.05626	1.014857	4.021653	0.650935	0.349065	1.445042
5994	-265.9403	-356.5092	90.56896	1.072572	3.054671	0.158638	0.841362	1.27971
6000	-265.1837	-355.471	90.28731	1.285617	4.47461	0.325897	0.674103	0.8647963
6006	-265.6986	-356.0338	90.33525	1.34555	4.249268	0.38476	0.61524	0.8190074
6012	-266.6052	-356.1465	89.54133	1.680056	6.379749	0.571686	0.428314	0.3874198
6018	-266.7203	-356.8484	90.12811	1.865023	3.708931	0.462977	0.537023	0.4181101
6024	-265.8609	-355.4275	89.5666	2.07308	4.811364	0.406036	0.593964	0.4194632
6030	-259.055	-348.4065	89.35153	1.722218	6.541653	0.357855	0.642145	0.2793636
6036	-257.1554	-344.8017	87.64625	1.722218	19.80267	0.681439	0.318561	0.3406637
6042	-259.6037	-347.6177	88.01399	1.887005	14.05184	0.591444	0.408556	0.2954938
6048	-260.4103	-351.5322	91.1219	1.21894	2.704735	0.622475	0.377525	0.717965
6054	-259.0677	-349.59	90.52227	1.155375	3.862098	0.414282	0.585718	0.9693069
6060	-257.8061	-348.4032	90.59709	1.032883	3.921411	0.515292	0.484708	0.9970307
6066	-263.7162	-354.1206	90.40441	0.8729536	3.928822	0.618447	0.381553	1.307685
6072	-258.6635	-349.2788	90.61523	0.8538298	5.032551	0.514854	0.485146	0.7896629
6078	-253.908	-344.2863	90.37828	1.034897	5.032551	0.486182	0.513818	0.8606288
6084	-253.5925	-344.0941	90.50164	1.175562	3.932472	0.533639	0.466361	0.9444197
6090	-260.2965	-350.3333	90.03676	1.02879	5.847653	0.233569	0.766431	1.005398
6096	-252.8829	-343.6462	90.76326	1.166414	3.837558	0.414347	0.585653	0.6399792
6102	-268.4612	-359.0081	90.54684	1.539687	3.492772	0.292402	0.707598	0.5222846
6108	-267.4057	-358.2438	90.83812	1.468283	2.924764	0.261655	0.738345	0.5745647
6114	-261.0966	-352.1874	91.09078	0.981219	2.901788	0.451512	0.548488	0.946169
6120	-260.3773	-350.67	90.29272	1.754514	3.560314	0.489288	0.510712	0.4181628
6126	-269.8176	-359.6996	89.88198	1.665264	5.161123	0.30642	0.69358	0.5686461
6132	-262.5036	-353.1758	90.67223	1.691257	2.542223	0.248797	0.751203	0.2875102
6138	-271.8743	-362.2915	90.41719	1.23355	4.400264	0.351551	0.648449	0.7958404
6144	-274.6192	-364.2058	89.5866	1.328746	6.108214	0.525272	0.474728	1.088804
6150	-276.3282	-368.0104	91.6822	0.5647045	2.170174	0.367957	0.632043	1.123099
6156	-278.7718	-368.6589	89.88707	0.7332731	3.339166	0.327701	0.672299	1.941189
6162	-285.6007	-374.8046	89.20394	0.8785129	4.971926	0.400273	0.599727	1.941189
6168	-267.7147	-357.9509	90.23621	0.732952	4.747239	0.64526	0.35474	1.347608
6174	-270.2818	-360.1604	89.8786	0.9764697	6.901975	0.234864	0.765136	0.9731311
6180	-263.661	-354.2973	90.6363	1.472889	3.379448	0.457304	0.542696	0.6108661
6186	-263.8044	-353.6462	89.84186	1.248766	5.720558	0.635637	0.364363	1.011882
6192	-274.2268	-363.5751	89.34827	1.589456	7.7827	0.422241	0.577759	0.411499
6198	-270.0236	-360.7293	90.70576	1.589456	2.932861	0.309938	0.690062	0.411499
6204	-267.9949	-358.507	90.51214	1.092874	4.002439	0.498829	0.501171	0.9944942
6210	-272.1115	-362.4704	90.35896	0.9408477	3.998617	0.394124	0.605876	1.270015
6216	-265.0266	-356.1469	91.12029	1.646291	2.01647	0.276969	0.723031	0.5478198
6222	-271.8675	-360.7151	88.84761	1.846282	8.017028	0.66104	0.33896	0.2387764
6228	-274.1842	-363.5266	89.34245	1.192352	9.447926	0.661308	0.338692	0.7901292
6234	-264.2346	-353.578	89.34341	1.409961	8.827262	0.559059	0.440941	0.5725992
6240	-276.3654	-365.9488	89.58347	1.160746	8.827262	0.586112	0.413888	0.6032633
6246	-266.0134	-356.8575	90.84402	1.531371	2.783772	0.519122	0.480878	0.5429475
6252	-266.3723	-356.6074	90.23512	1.074034	5.763847	0.602633	0.397367	0.7422721
6258	-263.4179	-354.2053	90.78743	1.127358	3.444498	0.411528	0.588472	0.8756507
6264	-270.8012	-360.1424	89.34112	1.339215	9.310392	0.684589	0.315411	0.4979551
6270	-264.2781	-353.8355	89.55738	1.8895	5.551839	0.430619	0.569381	0.5538873
6276	-264.5746	-354.4096	89.83503	1.575754	5.575728	0.45038	0.54962	0.3785123
6282	-262.4871	-352.7482	90.2611	1.215275	5.423304	0.337492	0.662508	0.5714352
6288	-268.3158	-358.6367	90.32083	0.6387322	6.062796	0.552687	0.447313	1.057553
6294	-270.3466	-359.9701	89.62348	1.251051	6.956423	0.552687	0.447313	0.9405359
6300	-268.1785	-358.5707	90.39215	1.414284	3.997641	0.350385	0.649615	0.7603779
6306	-269.0853	-359.7846	90.69932	1.077926	3.946836	0.355937	0.644063	0.823374
6312	-263.4565	-354.6188	91.16229	1.342079	2.515269	0.400024	0.599976	0.5177123
6318	-269.6934	-360.794	91.10063	1.325409	2.64847	0.440881	0.559119	0.418035
6324	-273.0397	-363.1903	90.15061	0.8591061	6.397836	0.367369	0.632631	0.9278829
6330	-268.337	-358.3824	90.04532	1.039314	5.905619	0.613707	0.386293	0.9716798
6336	-263.7065	-354.3622	90.65572	1.05204	3.956254	0.20148	0.79852	0.9022649
6342	-265.2506	-355.1761	89.92543	1.317119	6.214585	0.560144	0.439856	0.6694928
6348	-269.9319	-359.8172	89.88539	1.401199	6.214585	0.326004	0.673996	0.5399274
6354	-266.6327	-355.7733	89.14058	1.669554	8.560365	0.457928	0.542072	0.4911966
6360	-265.2011	-354.9454	89.74424	1.154448	7.725884	0.588248	0.411752	0.7075667
6366	-263.6324	-353.7464	90.11401	1.361342	4.686299	0.35742	0.64258	0.90366
6372	-265.2973	-355.2359	89.93854	1.002104	4.686299	0.390877	0.609123	1.384246
6378	-268.3279	-359.5886	91.26064	1.28222	2.10708	0.656839	0.343161	0.8581307
6384	-257.5497	-348.3408	90.79111	1.286122	3.383954	0.6028	0.3972	0.678403
6390	-259.9273	-348.2173	88.29003	1.790888	13.38362	0.715893	0.284107	0.4118769
6396	-257.5197	-346.7137	89.19401	1.854831	7.229114	0.598132	0.401868	0.4118769
6402	-260.7852	-350.2947	89.5095	1.085844	9.208692	0.730575	0.269425	0.7611711
6408	-262.5918	-351.6327	89.04089	1.206902	10.29552	0.662304	0.337696	0.9671997
6414	-261.6845	-350.2678	88.58328	1.953323	8.120428	0.601856	0.398144	0.1879226
6420	-257.3291	-346.0225	88.69338	2.086566	6.561141	0.631696	0.368304	0.1670898
6426	-264.8183	-354.8994	90.08109	1.851609	3.822906	0.529305	0.470695	0.3787809
6432	-256.4625	-345.8603	89.39778	1.686077	7.021231	0.581855	0.418145	0.3942562
6438	-256.0746	-346.7465	90.67191	1.198018	3.977272	0.416023	0.583977	0.6652293
6444	-252.2331	-342.8597	90.62663	1.459136	3.39607	0.378451	0.621549	0.6518155
6450	-254.8557	-345.3965	90.54082	1.052208	3.39607	0.454661	0.545339	1.205717
6456	-259.5399	-350.4158	90.87594	1.020808	3.39607	0.454661	0.545339	0.9169997
6462	-257.8374	-349.0184	91.18099	1.298638	2.440265	0.34868	0.65132	0.6981943
6468	-255.1252	-345.2741	90.14892	0.9916755	5.515284	0.553184	0.446816	1.014191
6474	-252.3866	-342.9586	90.57197	0.8514452	4.507511	0.557987	0.442013	1.014191
6480	-252.4347	-342.8771	90.44243	0.7001576	5.068121	0.503161	0.496839	1.124851
6486	-261.4198	-351.814	90.39417	0.7356488	5.428183	0.507734	0.492266	1.046693
6492	-276.0434	-365.3533	89.30984	1.368145	9.297426	0.392592	0.607408	0.5490601
6498	-271.0249	-360.6312	89.60634	1.526219	6.6942	0.404802	0.595198	0.6714639
6504	-260.5119	-350.6934	90.18152	0.7608976	6.011592	0.447092	0.552908	1.085157
6510	-252.6309	-342.8215	90.19059	0.7974246	6.168719	0.579506	0.420494	1.005517
6516	-258.3602	-348.2488	89.88869	0.8081056	5.68566	0.316289	0.683711	1.361617
6522	-262.8592	-353.7797	90.9205	0.7056836	2.245805	0.333199	0.666801	1.585274
6528	-266.2135	-357.807	91.59356	0.7455275	1.805464	0.361668	0.638332	1.23028
6534	-259.891	-349.7236	89.83262	0.9286063	3.398528	0.210011	0.789989	1.829682
6540	-266.5028	-356.569	90.06623	1.024866	6.453154	0.399428	0.600572	0.8176431
6546	-271.871	-362.6959	90.82492	0.8461308	4.044236	0.399428	0.600572	0.910171
6552	-272.5642	-362.6997	90.13555	0.718109	5.312848	0.380714	0.619286	1.313584
6558	-267.2685	-358.1445	90.87591	0.9569191	2.53761	0.430384	0.569616	1.313584
6564	-268.1951	-358.0063	89.81118	0.5427514	4.657279	0.299496	0.700504	1.818265
6570	-264.915	-355.2523	90.33734	0.6135994	4.688436	0.455207	0.544793	1.375676
6576	-262.4294	-352.7708	90.34144	0.8789608	3.846602	0.633705	0.366295	1.375676
6582	-258.2602	-348.2614	90.00119	0.9133101	4.885826	0.538114	0.461886	1.359164
6588	-252.049	-343.0506	91.00163	0.846231	2.849481	0.522794	0.477206	1.18027
6594	-255.4934	-345.9562	90.46283	1.072089	4.965056	0.570015	0.429985	0.7200629
6600	-264.3051	-355.1778	90.87271	1.533837	2.715601	0.233706	0.766294	0.5423417
6606	-261.7482	-352.6963	90.94811	1.450533	2.732821	0.260751	0.739249	0.5423417
6612	-258.3459	-348.3804	90.03454	1.095539	6.91105	0.394265	0.605735	0.5423417
6618	-258.9509	-349.3668	90.41592	0.8290764	4.848645	0.32944	0.67056	1.087971
6624	-256.152	-347.3588	91.20683	0.7196177	2.890363	0.57191	0.42809	1.094051
6630	-256.7556	-346.8602	90.10451	1.001033	4.884513	0.522704	0.477296	1.202672
6636	-264.397	-355.2716	90.87466	1.173409	3.035607	0.389435	0.610565	0.9099393
6642	-256.2606	-346.0739	89.81327	1.68415	4.961746	0.329675	0.670325	0.2977686
6648	-257.9616	-347.4481	89.48647	1.994016	4.961746	0.514989	0.485011	0.2858996
6654	-266.1318	-356.2414	90.10959	1.961293	3.265878	0.468663	0.531337	0.3050663
6660	-264.5423	-355.2164	90.67409	1.468913	3.23275	0.420491	0.579509	0.6659426
6666	-262.9935	-353.8021	90.8086	1.378675	3.23275	0.500034	0.499966	0.5229251
6672	-263.3731	-353.7889	90.41579	0.8237696	4.893384	0.455663	0.544337	1.081126
6678	-260.5852	-352.1262	91.54101	0.8497892	1.419643	0.312115	0.687885	1.40527
6684	-260.6272	-351.3759	90.74867	0.5963597	2.373458	0.312115	0.687885	1.738586
6690	-263.4909	-352.0813	88.59046	1.594445	10.24355	0.560277	0.439723	0.1906414
6696	-262.2948	-352.6118	90.31702	1.511532	4.185812	0.49311	0.50689	0.412806
6702	-257.588	-348.1502	90.56223	0.6042072	5.225593	0.636398	0.363602	1.063155
6708	-260.7003	-350.3738	89.67346	0.7163599	8.021287	0.657818	0.342182	1.196027
6714	-268.8604	-359.1305	90.27011	1.098928	3.610155	0.538765	0.461235	1.324583
6720	-261.6791	-352.78	91.10091	1.144111	2.596229	0.608169	0.391831	0.9096571
6726	-258.1817	-349.7927	91.61096	1.214635	1.879495	0.257283	0.742717	0.6262136
6732	-258.9143	-349.9235	91.00922	0.9855073	3.258888	0.412775	0.587225	0.866488
6738	-260.5659	-349.7049	89.13899	1.036531	8.798058	0.711486	0.288514	1.257388
6744	-270.8506	-361.4633	90.6127	0.6553162	4.363934	0.56707	0.43293	1.196948
6750	-263.1057	-353.3124	90.20676	0.4621347	6.74861	0.547933	0.452067	1.17865
6756	-264.9977	-356.2142	91.21644	0.6685658	2.891967	0.646436	0.353564	1.13105
6762	-266.5658	-357.9483	91.3825	0.7390996	2.879646	0.51175	0.48825	0.9027005
6768	-267.992	-357.714	89.72196	0.889737	6.215145	0.567812	0.432188	1.326883
6774	-270.2955	-360.5538	90.25833	1.368045	3.826493	0.282949	0.717051	1.032906
6780	-262.7306	-353.6646	90.93401	0.8323923	3.470204	0.444024	0.555976	1.022485
6786	-268.325	-358.9108	90.58578	1.02054	3.228052	0.295646	0.704354	1.250122
6792	-266.3484	-356.9568	90.60835	1.038184	3.802411	0.559048	0.440952	1.021476
6798	-262.0216	-352.5414	90.51979	1.145505	3.903534	0.5336	0.4664	0.9672922
6804	-259.1426	-348.7965	89.65395	1.504649	6.79438	0.5336	0.4664	0.5066333
6810	-258.2857	-348.5897	90.30402	1.609473	3.935723	0.432111	0.567889	0.4171069
6816	-258.603	-348.4107	89.80779	1.275334	7.126835	0.374775	0.625225	0.5496369
6822	-256.4719	-346.8613	90.38934	1.167881	5.073858	0.604226	0.395774	0.614162
6828	-265.2948	-356.8295	91.5347	1.404663	1.407868	0.313587	0.686413	0.928073
6834	-268.6265	-359.2219	90.59541	1.69228	2.879007	0.168117	0.831883	0.3596164
6840	-272.1592	-361.5179	89.35865	1.216175	7.451171	0.548272	0.451728	1.131508
6846	-264.94	-355.1628	90.22278	1.114003	4.65035	0.548272	0.451728	1.05633
6852	-265.7131	-356.0363	90.32315	1.398703	4.579624	0.468895	0.531105	0.47989
6858	-259.0042	-349.7112	90.70694	1.351858	3.556284	0.303465	0.696535	0.5516486
6864	-261.0102	-351.6625	90.65233	1.396611	3.471488	0.470464	0.529536	0.3625206
6870	-266.8603	-356.7473	89.88701	1.677843	4.612631	0.653635	0.346365	0.2749534
6876	-262.4795	-352.5536	90.07413	1.60359	4.612631	0.506854	0.493146	0.3790402
6882	-279.901	-370.1776	90.27668	0.99722	4.93292	0.427954	0.572046	1.037954
6888	-276.0359	-365.838	89.80209	1.538985	5.997278	0.4691	0.5309	0.4892644
6894	-270.9635	-361.0099	90.0464	1.062349	7.01969	0.507184	0.492816	0.5284635
6900	-266.3753	-355.3723	88.99698	1.701287	8.461685	0.630006	0.369994	0.2865272
6906	-271.714	-360.9559	89.24195	1.518221	8.209823	0.508261	0.491739	0.297524
6912	-276.1809	-366.05	89.8691	1.529419	5.314214	0.466534	0.533466	0.2961521
6918	-258.3128	-349.1412	90.82834	1.372352	2.542519	0.39677	0.60323	0.9840342
6924	-261.1037	-352.2753	91.17151	1.138579	2.466361	0.454396	0.545604	0.9076095
6930	-256.262	-347.7407	91.47871	0.7290028	2.278228	0.498862	0.501138	1.105771
6936	-263.7787	-354.8214	91.04272	0.8482445	3.2356	0.412146	0.587854	0.9892754
6942	-273.3854	-363.9772	90.59183	0.5421856	4.093581	0.422101	0.577899	1.377806
6948	-268.5384	-359.0383	90.49981	0.7746198	4.093581	0.455019	0.544981	1.264812
6954	-271.3157	-362.1446	90.8289	1.22505	3.531356	0.376351	0.623649	0.6041952
6960	-274.6762	-364.6037	89.92749	1.598369	5.098475	0.460076	0.539924	0.6698138
6966	-273.2298	-362.3686	89.13886	1.591146	8.984029	0.507833	0.492167	0.4482261
6972	-272.4081	-362.629	90.22086	0.9141511	4.629826	0.39525	0.60475	1.240722
6978	-272.9282	-363.2751	90.34687	1.026604	4.629826	0.681617	0.318383	1.026933
6984	-267.955	-357.494	89.53903	1.983666	4.136357	0.124321	0.875679	0.192591
6990	-267.2655	-356.567	89.30143	1.879727	5.685179	0.660597	0.339403	0.2297256
6996	-270.6355	-359.0142	88.37867	2.012588	9.211459	0.352778	0.647222	0.203581
7002	-268.9239	-358.5594	89.63557	1.519406	6.756709	0.352448	0.647552	0.4266918
7008	-264.3583	-354.028	89.6697	1.480081	6.756709	0.677707	0.322293	0.4130844
7014	-270.8626	-361.2372	90.37465	1.155403	5.145487	0.603824	0.396176	0.6329436
7020	-256.7259	-346.3138	89.58794	1.677323	6.165078	0.587458	0.412542	0.3775669
7026	-259.5222	-350.2158	90.69356	1.164869	3.679025	0.323319	0.676681	0.8391523
7032	-273.0606	-363.0454	89.98486	1.548615	5.200769	0.440783	0.559217	0.5801116
7038	-271.3521	-361.3992	90.04711	1.303137	5.92652	0.265634	0.734366	0.5669006
7044	-260.633	-351.6982	91.06526	0.9291463	2.828073	0.4712	0.5288	1.056241
7050	-254.0444	-344.2602	90.21578	1.549978	4.430338	0.264649	0.735351	0.5364728
7056	-256.2202	-345.7773	89.55709	1.490273	7.309674	0.478678	0.521322	0.5364728
7062	-257.4439	-346.3133	88.86948	1.42807	11.75539	0.479698	0.520302	0.5841521
7068	-253.4224	-344.1252	90.70278	1.200102	3.678439	0.42633	0.57367	0.7813429
7074	-257.398	-347.8747	90.47667	1.077524	4.27952	0.349445	0.650555	0.9535062
7080	-258.2683	-348.8598	90.59148	0.8349667	2.583691	0.349445	0.650555	1.60623
7086	-260.6736	-351.2012	90.52759	0.8168326	4.470077	0.559347	0.440653	1.100055
7092	-255.9008	-346.115	90.21419	1.271133	4.776224	0.56952	0.43048	0.861722
7098	-250.3811	-339.5297	89.14857	1.760052	7.905541	0.591166	0.408834	0.3999459
7104	-262.7561	-352.8023	90.04616	1.173455	6.032156	0.550242	0.449758	0.7771767
7110	-266.8339	-356.242	89.4081	0.7539147	12.12207	0.647809	0.352191	0.7559331
7116	-259.8119	-349.73	89.91808	0.8212341	5.147477	0.403058	0.596942	1.438542
7122	-267.0638	-358.1356	91.07176	0.4362404	3.415962	0.39704	0.60296	1.270641
7128	-265.939	-356.9249	90.98591	0.5992662	3.219031	0.471562	0.528438	1.270641
7134	-258.702	-348.1982	89.49621	1.637105	6.865418	0.547113	0.452887	0.4326471
7140	-254.1693	-344.9677	90.79843	1.517285	2.925987	0.539147	0.460853	0.4882944
7146	-253.4635	-343.8967	90.43321	1.216412	4.121528	0.381038	0.618962	0.9055357
7152	-256.5471	-347.3175	90.77046	1.136785	3.84775	0.47047	0.52953	0.6790427
7158	-256.4465	-347.0747	90.62817	0.9166005	4.386675	0.400393	0.599607	0.9274827
7164	-264.5372	-354.2508	89.71353	1.621005	5.66723	0.341363	0.658637	0.7405743
7170	-259.7382	-350.2744	90.53623	1.515302	3.565049	0.527158	0.472842	0.5701919
7176	-258.225	-349.0162	90.79114	1.325756	3.395087	0.571741	0.428259	0.5647514
7182	-274.3417	-364.2005	89.85872	0.9451141	5.49367	0.189829	0.810171	1.315393
7188	-270.2855	-360.8401	90.55465	1.188232	3.069617	0.303709	0.696291	1.189265
7194	-269.5359	-360.2288	90.69281	1.217837	3.502766	0.329471	0.670529	0.8544981
7200	-261.6566	-351.3693	89.71279	1.155449	8.228415	0.482532	0.517468	0.4645331
7206	-260.0485	-351.044	90.99545	1.155897	3.303477	0.430993	0.569007	0.5696972
7212	-252.7142	-343.6433	90.92913	1.442382	2.783597	0.430993	0.569007	0.5635595
7218	-255.3724	-346.6334	91.26101	1.227534	2.501535	0.248157	0.751843	0.6155003
7224	-257.0272	-347.4468	90.41962	1.373617	4.235255	0.412554	0.587446	0.6477267
7230	-263.403	-352.8703	89.46733	1.566323	7.388999	0.36073	0.63927	0.5059043
7236	-262.2367	-352.1018	89.86511	1.566323	5.353166	0.423802	0.576198	0.3327031
7242	-265.193	-355.5971	90.40403	1.513147	3.97042	0.547549	0.452451	0.4981054
7248	-264.9788	-356.3466	91.36779	0.9812794	2.730269	0.338146	0.661854	0.6830564
7254	-267.12	-358.0602	90.94021	1.429446	2.730269	0.238782	0.761218	0.6409571
7260	-280.2352	-369.6538	89.41863	1.334098	8.685997	0.387132	0.612868	0.6445294
7266	-276.3005	-364.682	88.38153	1.681713	13.01653	0.80668	0.19332	0.3247428
7272	-270.4013	-362.2072	91.80589	1.150999	1.611673	0.478175	0.521825	0.7129199
7278	-265.1363	-356.3647	91.22848	1.312958	2.180471	0.470636	0.529364	0.8089562
7284	-268.3771	-359.3196	90.94254	0.7474697	2.180471	0.388929	0.611071	1.56444
7290	-265.5899	-357.0643	91.47442	1.085865	2.180471	0.49174	0.50826	0.783624
7296	-266.953	-358.0052	91.05215	1.115639	2.802753	0.49174	0.50826	0.8890549
7302	-266.1839	-356.2157	90.0318	1.557914	4.893858	0.497897	0.502103	0.6567552
7308	-259.9218	-350.2881	90.36635	1.533567	4.002318	0.558796	0.441204	0.44517
7314	-264.2796	-354.2063	89.92668	1.618384	5.13594	0.481049	0.518951	0.6001078
7320	-268.2409	-358.6004	90.35953	1.317501	4.701292	0.590881	0.409119	0.5716224
7326	-260.4821	-350.6526	90.17052	1.151625	5.652141	0.595508	0.404492	0.7647216
7332	-269.2227	-359.6945	90.47182	1.151625	4.710598	0.542493	0.457507	0.6941355
7338	-265.0224	-355.5216	90.49921	1.453393	3.726013	0.413834	0.586166	0.6742564
7344	-263.2149	-353.3185	90.10365	1.435346	5.199408	0.426209	0.573791	0.4453028
7350	-260.7063	-350.7979	90.09155	1.726994	3.846085	0.256357	0.743643	0.2790635
7356	-265.8784	-355.3847	89.50626	1.726994	5.230565	0.609542	0.390458	0.2042522
7362	-267.2302	-358.4583	91.22808	0.9311263	2.638442	0.327952	0.672048	0.9795975
7368	-261.7166	-352.4719	90.75538	0.8566393	2.638442	0.327952	0.672048	1.448899
7374	-262.485	-354.2493	91.76431	0.4193602	1.406207	0.310473	0.689527	1.569152
7380	-259.4626	-350.1307	90.6681	0.8992721	3.110158	0.525855	0.474145	1.321217
7386	-263.2955	-354.0843	90.78878	0.9736107	3.72538	0.517132	0.482868	0.9305689
7392	-260.5675	-351.0622	90.49471	1.502573	3.72538	0.283843	0.716157	0.451395
7398	-258.3437	-348.6531	90.30936	1.461725	4.401803	0.580436	0.419564	0.4469349
7404	-268.7523	-358.4637	89.71139	1.795053	5.319382	0.661319	0.338681	0.4441919
7410	-261.8781	-351.194	89.31584	1.808857	6.464855	0.611325	0.388675	0.3027374
7416	-266.7768	-357.511	90.73422	1.855823	2.040944	0.369895	0.630105	0.2640116
7422	-278.5409	-369.3551	90.81422	1.332701	3.326316	0.418269	0.581731	0.5481902
7428	-277.4697	-367.8521	90.38244	1.332701	4.60469	0.290686	0.709314	0.4997382
7434	-270.6189	-361.6641	91.04518	1.494442	2.430806	0.249117	0.750883	0.5626631
7440	-270.058	-360.7523	90.69431	1.273993	3.783899	0.27531	0.72469	0.5860032
7446	-267.9082	-358.2763	90.36811	1.506744	3.783899	0.613543	0.386457	0.7678842
7452	-270.5043	-360.7412	90.23685	1.490162	4.457602	0.362597	0.637403	0.6393431
7458	-271.3201	-361.7889	90.46883	0.941889	5.308755	0.33276	0.66724	0.7658078
7464	-281.3245	-372.1874	90.86289	1.336555	2.530482	0.242796	0.757204	0.9912263
7470	-271.3156	-361.4949	90.17927	1.201349	5.201604	0.413851	0.586149	0.8437318
7476	-267.9102	-357.8159	89.90564	1.00141	6.690241	0.54732	0.45268	0.9670423
7482	-262.5875	-352.26	89.67254	1.302894	7.658952	0.533631	0.466369	0.5478322
7488	-267.8374	-356.8664	89.02906	1.344976	11.26204	0.471296	0.528704	0.553339
7494	-258.1577	-348.6475	90.48972	0.7950973	5.393792	0.436908	0.563092	0.8959693
7500	-263.2613	-353.7827	90.52149	0.9923074	4.138326	0.287132	0.712868	1.039844
7506	-263.6969	-355.7142	92.01732	0.9402344	1.2492	0.317417	0.682583	1.039844
7512	-261.7553	-354.2877	92.53237	1.180719	0.6093599	0.317417	0.682583	0.9782013
7518	-259.892	-352.409	92.51703	1.040775	0.811921	0.384703	0.615297	0.8613865
7524	-252.9025	-343.5054	90.60291	1.073705	4.156122	0.376207	0.623793	0.8613865
7530	-252.356	-341.9336	89.57768	1.161159	7.97943	0.658129	0.341871	0.8613865
7536	-262.589	-354.49	91.90102	0.4799142	2.198252	0.610231	0.389769	0.9805155
7542	-260.5166	-351.5289	91.01232	1.084326	2.897137	0.580223	0.419777	0.9218241
7548	-269.0782	-358.7826	89.7044	0.8304034	9.223898	0.472671	0.527329	0.8385926
7554	-271.9265	-362.0141	90.08763	0.5692039	6.258605	0.524859	0.475141	1.28205
7560	-267.2948	-356.2654	88.97055	1.492427	10.63514	0.524174	0.475826	0.4396941
7566	-276.5606	-365.53	88.96937	1.632405	8.169461	0.524174	0.475826	0.2127202
7572	-261.6105	-351.8603	90.24979	1.438072	4.517536	0.504629	0.495371	0.3536071
7578	-260.821	-351.3257	90.50472	1.230364	4.517536	0.518926	0.481074	0.5587922
7584	-260.1466	-349.2326	89.086	1.196784	11.8667	0.545183	0.454817	0.5824696
7590	-264.4211	-354.5162	90.09509	0.942555	5.18633	0.438168	0.561832	1.188678
7596	-260.8697	-351.0107	90.14092	1.085476	6.065709	0.641387	0.358613	0.7558526
7602	-263.3163	-353.5096	90.1933	0.8210895	6.065709	0.62097	0.37903	1.003622
7608	-251.9659	-342.1398	90.17386	0.9344601	6.065709	0.366291	0.633709	0.9048646
7614	-269.3587	-359.6555	90.29674	1.150834	4.888583	0.205277	0.794723	0.8680469
7620	-260.7367	-351.3913	90.65456	1.073559	3.884453	0.640938	0.359062	0.9069702
7626	-261.497	-351.5342	90.03724	1.100917	5.458064	0.475556	0.524444	1.03112
7632	-275.6038	-364.467	88.86323	0.9678458	10.87918	0.682474	0.317526	1.266551
7638	-270.8741	-360.9429	90.06873	1.022421	5.65724	0.614964	0.385036	1.027032
7644	-265.212	-355.6127	90.40073	1.048699	4.161493	0.613611	0.386389	1.09332
7650	-264.7352	-354.0165	89.2813	0.6926649	9.35565	0.676036	0.323964	1.343696
7656	-264.8392	-353.5677	88.72848	1.241173	9.381534	0.634858	0.365142	1.343696
7662	-263.15	-352.9406	89.79061	0.7105629	7.137386	0.449847	0.550153	1.250555
7668	-263.7226	-353.3584	89.6358	1.044874	8.150026	0.592328	0.407672	0.891617
7674	-261.9703	-351.5731	89.6028	0.8903851	10.13815	0.601481	0.398519	0.6819643
7680	-259.0561	-348.6513	89.59521	1.02311	8.113005	0.670295	0.329705	0.9666786
7686	-257.4968	-348.4984	91.00157	0.7666904	3.868227	0.553854	0.446146	0.8673857
7692	-260.8505	-351.6401	90.78956	1.327702	3.358976	0.431224	0.568776	0.6104362
7698	-260.5226	-351.3312	90.8086	1.271097	3.358976	0.272122	0.727878	0.691733
7704	-268.6302	-359.7113	91.08108	0.9960606	2.918477	0.539028	0.460972	0.9328999
7710	-265.3597	-355.4775	90.11771	1.012088	5.641649	0.452124	0.547876	0.992666
7716	-266.6932	-356.8263	90.13305	0.8569607	6.019267	0.65817	0.34183	1.038423
7722	-266.7076	-358.2197	91.51204	1.119802	2.012062	0.462867	0.537133	0.8152407
7728	-270.5102	-361.8253	91.31517	1.218237	2.166382	0.453615	0.546385	0.8292037
7734	-264.8546	-354.6676	89.81303	1.202872	5.79176	0.714277	0.285723	1.066756
7740	-251.2962	-342.1924	90.89612	1.068947	3.45586	0.550617	0.449383	0.8084038
7746	-252.2253	-341.9555	89.73018	0.6049253	5.709373	0.309066	0.690934	1.629176
7752	-254.5263	-344.4276	89.90138	1.039064	6.688322	0.412463	0.587537	0.9322238
7758	-251.7099	-342.2679	90.55807	1.131381	3.929988	0.513823	0.486177	0.9322238
7764	-253.5844	-343.6491	90.06467	1.112412	4.621174	0.686851	0.313149	1.207346
7770	-250.5667	-340.5927	90.02595	0.6280499	6.107321	0.525992	0.474008	1.313331
7776	-252.9807	-343.5364	90.55563	0.8756863	3.843765	0.525992	0.474008	1.204103
7782	-264.3196	-356.2739	91.95427	1.157333	1.206064	0.320587	0.679413	0.9201374
7788	-269.814	-359.7547	89.94069	1.410439	4.841054	0.220699	0.779301	0.9876061
7794	-269.4719	-359.9292	90.45735	1.165214	2.637936	0.489981	0.510019	1.441019
7800	-271.8195	-362.7597	90.94016	0.9286433	3.474891	0.435827	0.564173	0.914708
7806	-276.7853	-367.5949	90.80959	1.028005	3.188048	0.516761	0.483239	1.060089
7812	-265.1814	-356.3787	91.19732	0.8181287	3.423946	0.638801	0.361199	0.7553272
7818	-264.9668	-355.5413	90.57447	1.20441	4.188039	0.5707	0.4293	0.7046235
7824	-263.6024	-354.6883	91.08588	1.348451	2.408631	0.378544	0.621456	0.7915718
7830	-269.8383	-361.9969	92.15856	1.637605	0.7375419	0.430126	0.569874	0.3866293
7836	-260.6039	-351.0493	90.44541	1.811257	2.974499	0.501754	0.498246	0.3738709
7842	-276.2962	-367.5199	91.22371	1.763426	1.627845	0.163311	0.836689	0.3879268
7848	-271.0267	-362.2987	91.27203	1.725347	1.609374	0.447979	0.552021	0.3836362
7854	-278.5618	-369.9293	91.36747	1.604846	1.609374	0.378143	0.621857	0.6887817
7860	-270.3114	-360.1294	89.818	1.162709	6.207642	0.391819	0.608181	1.003679
7866	-270.2319	-359.6757	89.4439	1.096671	9.745342	0.724968	0.275032	0.7083745
7872	-268.469	-358.0668	89.59774	1.580594	6.533519	0.540485	0.459515	0.6509302
7878	-265.8416	-354.9713	89.1297	1.587036	8.968435	0.540485	0.459515	0.4029039
7884	-273.284	-363.0523	89.76831	1.821915	4.978641	0.61523	0.38477	0.5956811
7890	-264.5749	-354.4318	89.85697	1.090782	7.599578	0.448763	0.551237	0.6627685
7896	-263.1678	-351.9173	88.74947	1.492496	11.63846	0.660928	0.339072	0.7345945
7902	-267.8471	-358.3048	90.45771	1.009732	5.175649	0.314341	0.685659	0.7345945
7908	-260.2237	-349.3588	89.13504	1.075121	7.827368	0.754431	0.245569	1.373659
7914	-259.228	-349.5843	90.35631	0.7000364	3.33111	0.253754	0.746246	1.640656
7920	-270.1083	-360.4701	90.36182	0.4137642	5.179072	0.424777	0.575223	1.403903
7926	-273.3518	-362.8463	89.49454	0.5774186	4.914245	0.54085	0.45915	1.959225
7932	-274.7968	-365.6961	90.89934	0.5024387	2.375455	0.432117	0.567883	1.697838
7938	-268.2899	-359.1096	90.81978	0.4162306	3.776706	0.277669	0.722331	1.382625
7944	-267.0937	-357.5667	90.47299	0.357398	3.59371	0.250453	0.749547	1.73061
7950	-267.6771	-358.2052	90.52809	0.09550716	5.394652	0.322843	0.677157	1.476088
7956	-261.2797	-352.1726	90.89296	0.04879062	2.403319	0.531632	0.468368	2.00353
7962	-261.4168	-353.5051	92.08832	0.06172591	2.403319	0.531632	0.468368	1.099231
7968	-262.9407	-353.4764	90.53566	0.09765208	3.592563	0.644704	0.355296	1.867397
7974	-263.7044	-354.6423	90.93787	0.2458674	2.070528	0.43907	0.56093	1.961375
7980	-263.4114	-354.3434	90.93204	0.6748933	2.070528	0.578187	0.421813	1.669099
7986	-266.7117	-356.8043	90.09256	1.440728	5.149486	0.611029	0.388971	0.6222973
7992	-271.3051	-361.7485	90.44346	1.460249	3.957119	0.550272	0.449728	0.6008991
7998	-264.4805	-355.2341	90.75354	1.194909	3.842887	0.49605	0.50395	0.5832826
8004	-261.0383	-351.6676	90.6293	1.291727	3.658369	0.539664	0.460336	0.7659454
8010	-254.1623	-344.8406	90.67828	1.332695	3.617473	0.497513	0.502487	0.6334116
8016	-254.4737	-344.9779	90.50418	0.8809147	4.647605	0.497513	0.502487	1.010315
8022	-253.0498	-343.2352	90.18542	1.132923	4.947788	0.479469	0.520531	0.9899525
8028	-255.8501	-345.7905	89.94037	0.6676877	6.530884	0.479469	0.520531	1.270911
8034	-263.5451	-353.217	89.67189	0.7910906	9.296959	0.479469	0.520531	0.9082718
8040	-250.0962	-340.4619	90.36567	1.128429	4.32094	0.606231	0.393769	1.001566
8046	-256.6989	-346.1159	89.41695	1.083307	8.684143	0.582238	0.417762	0.9809056
8052	-258.9418	-347.8961	88.9543	1.19143	13.00525	0.794413	0.205587	0.4988186
8058	-262.9565	-351.934	88.97755	1.076368	13.74955	0.689503	0.310497	0.4936379
8064	-256.8021	-344.7473	87.9452	1.661986	16.42688	0.614431	0.385569	0.2746777
8070	-250.6941	-339.4513	88.7572	1.664976	10.51499	0.633521	0.366479	0.3388198
8076	-260.9883	-349.0164	88.02816	1.757552	15.71537	0.708431	0.291569	0.364799
8082	-263.5591	-353.8668	90.30775	1.493018	4.325226	0.593472	0.406528	0.5142656
8088	-276.2728	-365.9767	89.70388	1.874224	5.073611	0.343563	0.656437	0.5311641
8094	-258.2318	-348.7213	90.48955	1.264303	4.411656	0.513669	0.486331	0.6074531
8100	-264.8774	-355.711	90.83358	1.069435	2.931691	0.589627	0.410373	1.099053
8106	-267.367	-357.8628	90.49579	0.839193	2.530481	0.464692	0.535308	1.690325
8112	-273.8268	-363.3145	89.48768	1.401598	8.128949	0.617078	0.382922	0.4913263
8118	-267.7087	-358.1379	90.42921	1.160691	4.964316	0.446481	0.553519	0.6085344
8124	-286.004	-374.9601	88.95616	1.294971	11.6235	0.744446	0.255554	0.7233018
8130	-279.415	-370.5876	91.1726	1.456724	2.17034	0.295498	0.704502	0.6836313
8136	-277.0403	-367.8914	90.85109	1.127154	3.732279	0.393967	0.606033	0.6113247
8142	-265.461	-355.8775	90.41652	1.010803	4.956223	0.620497	0.379503	0.869267
8148	-267.0292	-358.2652	91.23601	1.295109	2.449466	0.317098	0.682902	0.4455531
8154	-270.4661	-361.2071	90.74092	1.375927	3.350055	0.125282	0.874718	0.6207612
8160	-263.515	-352.8657	89.35073	1.865617	5.240106	0.492995	0.507005	0.1994012
8166	-261.3209	-351.1333	89.81235	1.865617	4.078363	0.466926	0.533074	0.2451417
8172	-267.105	-355.8589	88.75386	1.953457	7.740845	0.456792	0.543208	0.2218299
8178	-257.7479	-347.4768	89.72888	2.001289	3.731257	0.480131	0.519869	0.216481
8184	-271.3587	-361.4452	90.0865	2.145874	2.391275	0.192542	0.807458	0.1940774
8190	-284.4863	-375.1681	90.68185	1.132037	2.732728	0.500145	0.499855	1.253737
8196	-279.7479	-369.6742	89.92632	1.207082	6.062311	0.472928	0.527072	0.8772007
8202	-265.7673	-356.6455	90.87819	1.236638	2.482839	0.419822	0.580178	1.095007
8208	-272.1055	-362.2889	90.1834	1.438638	4.78142	0.556168	0.443832	0.6569193
8214	-266.0342	-357.3076	91.27336	0.560442	2.679103	0.389592	0.610408	1.257753
8220	-274.2508	-362.7241	88.47322	1.936116	10.1404	0.66438	0.33562	0.2817672
8226	-259.1127	-348.1463	89.03363	1.679732	8.715662	0.588012	0.411988	0.336241
8232	-267.3271	-358.0298	90.70272	0.8903169	4.694857	0.481795	0.518205	0.751086
8238	-272.8006	-363.5606	90.75995	1.146477	3.760303	0.458871	0.541129	0.7330545
8244	-262.3623	-352.8852	90.52286	0.9387889	3.957331	0.247665	0.752335	1.143684
8250	-259.2225	-349.9363	90.71376	0.950825	3.829071	0.583206	0.416794	0.9943048
8256	-252.2574	-342.9199	90.66249	1.35923	3.655329	0.343711	0.656289	0.5557834
8262	-256.8727	-347.6895	90.81681	1.145846	3.821357	0.494284	0.505716	0.5557834
8268	-261.5752	-352.5405	90.96538	1.553217	2.484271	0.340307	0.659693	0.5291163
8274	-268.0327	-358.7019	90.66914	1.670431	2.866658	0.340307	0.659693	0.4664929
8280	-260.3568	-350.9825	90.62568	1.333495	2.933128	0.357898	0.642102	1.045859
8286	-258.0255	-348.457	90.43157	1.393423	3.841046	0.369961	0.630039	0.8087221
8292	-261.0553	-351.3388	90.28353	1.64526	3.929898	0.515016	0.484984	0.4677799
8298	-270.4683	-358.6445	88.17622	1.641507	15.8132	0.618497	0.381503	0.5351467
8304	-269.5474	-358.9399	89.39251	1.54853	7.856723	0.46623	0.53377	0.5085608
8310	-261.4423	-352.3491	90.90675	1.306552	3.167858	0.501431	0.498569	0.5244745
8316	-259.9964	-350.0202	90.02382	1.690037	4.543504	0.501431	0.498569	0.4071071
8322	-258.5425	-347.3432	88.80069	1.614301	10.66221	0.584501	0.415499	0.3557852
8328	-258.8338	-348.5239	89.6901	1.459736	6.45524	0.6528	0.3472	0.3218224
8334	-254.6202	-344.9956	90.37536	1.596405	3.77117	0.338074	0.661926	0.5894418
8340	-265.1414	-353.9551	88.81366	1.58259	9.132879	0.588007	0.411993	0.2007565
8346	-265.8073	-355.5223	89.71504	0.8918595	9.351298	0.646287	0.353713	0.7053369
8352	-260.5939	-350.9774	90.38344	1.369436	4.47217	0.628613	0.371387	0.4653713
8358	-272.6864	-361.604	88.91761	1.548105	10.63035	0.3994	0.6006	0.5562416
8364	-269.9753	-359.8423	89.86696	1.856223	4.053355	0.594332	0.405668	0.2642897
8370	-268.66	-358.9724	90.31244	1.520189	4.226458	0.702444	0.297556	0.5040491
8376	-261.3571	-352.3679	91.01074	1.239843	2.954157	0.320353	0.679647	0.6813779
8382	-265.0328	-355.6061	90.57326	1.259667	3.962982	0.438625	0.561375	0.7381734
8388	-269.2558	-359.6602	90.40442	0.8913839	3.962982	0.285429	0.714571	1.283201
8394	-274.3652	-365.1892	90.82398	0.8255264	3.618398	0.677033	0.322967	1.081446
8400	-265.7548	-355.6228	89.86799	1.572477	5.314101	0.688311	0.311689	0.3313656
8406	-260.8201	-350.9382	90.11817	1.136662	6.325102	0.552625	0.447375	0.5704054
8412	-268.0487	-357.7728	89.72404	1.508893	6.325102	0.618015	0.381985	0.3856693
8418	-265.5217	-355.5953	90.07357	1.180892	6.325102	0.670047	0.329953	0.5718834
8424	-266.9491	-357.0101	90.06099	0.9251076	6.325102	0.78005	0.21995	0.9705055
8430	-262.9292	-353.4809	90.55171	1.110464	4.744162	0.629992	0.370008	0.5801818
8436	-264.4689	-354.3256	89.85665	1.218097	6.52797	0.284756	0.715244	0.8169165
8442	-263.0055	-353.8125	90.80699	0.9175743	4.399107	0.249367	0.750633	0.6817114
8448	-265.2794	-355.3797	90.10023	1.135392	4.995331	0.59038	0.40962	1.057717
8454	-263.2797	-354.6558	91.37613	0.8060997	2.203695	0.177753	0.822247	1.164277
8460	-270.1679	-360.9816	90.81375	0.6672923	4.311696	0.599835	0.400165	1.0174
8466	-261.1618	-351.518	90.3562	0.8142515	4.311696	0.484323	0.515677	1.292271
8472	-264.992	-355.9484	90.95634	0.6293934	3.274795	0.561828	0.438172	1.251761
8478	-261.3611	-352.0593	90.69819	0.9476021	3.862981	0.342034	0.657966	1.001327
8484	-262.5557	-352.712	90.15625	0.9091245	4.912714	0.534255	0.465745	1.229948
8490	-259.944	-349.8668	89.92279	0.9747461	7.608655	0.627328	0.372672	0.7463887
8496	-266.4977	-356.8299	90.3322	1.320953	4.599516	0.240473	0.759527	0.7000196
8502	-262.2204	-351.4177	89.19732	1.122974	11.52176	0.67744	0.32256	0.613401
8508	-264.8735	-355.3099	90.43632	1.239534	4.602948	0.405977	0.594023	0.6546691
8514	-271.7487	-362.7488	91.00007	0.5675105	3.379392	0.470715	0.529285	1.232737
8520	-257.3227	-348.1599	90.83716	0.9523755	2.624754	0.268608	0.731392	1.314819
8526	-268.5395	-358.825	90.28545	0.8289681	4.814875	0.341612	0.658388	1.212183
8532	-275.6243	-366.331	90.70677	1.394249	3.182498	0.490063	0.509937	0.3025155
8538	-270.5712	-360.0025	89.43131	1.868873	5.625818	0.64998	0.35002	0.28429
8544	-266.6485	-356.0736	89.42506	1.026087	9.884453	0.534931	0.465069	0.8073336
8550	-259.1467	-349.591	90.44435	1.545028	3.684749	0.447355	0.552645	0.6266503
8556	-260.0649	-350.9354	90.87054	1.676215	2.42028	0.447355	0.552645	0.5538885
8562	-261.9431	-352.1232	90.18015	1.620469	3.997689	0.418739	0.581261	0.3026354
8568	-257.2629	-347.6565	90.39355	1.505329	3.962609	0.418739	0.581261	0.4045069
8574	-256.8916	-346.9164	90.02475	1.488836	5.312589	0.54961	0.45039	0.5269557
8580	-259.8253	-348.0783	88.25296	1.63782	14.23326	0.365635	0.634365	0.3037987
8586	-252.2789	-342.3624	90.08347	1.64621	4.190199	0.409363	0.590637	0.2971388
8592	-257.598	-345.5824	87.98439	1.928156	13.30149	0.277298	0.722702	0.2485075
8598	-260.1884	-350.4554	90.26703	1.344564	4.959692	0.484101	0.515899	0.5108822
8604	-259.2838	-350.0806	90.7968	0.7424715	3.100946	0.330882	0.669118	1.346737
8610	-254.2174	-344.6616	90.44417	1.06503	5.033877	0.440549	0.559451	0.7303948
8616	-254.4799	-345.5816	91.10168	0.9085547	2.670681	0.280865	0.719135	1.108202
8622	-252.6923	-343.493	90.80069	0.9475754	3.733424	0.280865	0.719135	0.9426441
8628	-253.1559	-343.5078	90.35196	0.8786933	5.631509	0.469402	0.530598	0.8875815
8634	-270.1722	-360.4022	90.22999	0.240699	5.015214	0.310539	0.689461	1.663936
8640	-265.3836	-355.9067	90.52316	0.988828	3.193689	0.18514	0.81486	1.338262
8646	-265.0346	-356.1384	91.10381	0.9648649	2.586678	0.485143	0.514857	1.091005
8652	-258.9843	-349.9215	90.93714	0.2729518	2.432765	0.455821	0.544179	1.811571
8658	-255.1523	-345.6536	90.50134	0.5892489	3.324522	0.246481	0.753519	1.617811
8664	-255.7792	-346.4374	90.65824	0.3750098	2.796506	0.441792	0.558208	1.814404
8670	-259.9288	-350.3801	90.45137	1.002717	3.242532	0.256597	0.743403	1.368626
8676	-258.8684	-349.1092	90.24086	1.316154	3.883178	0.418734	0.581266	1.080086
8682	-253.5627	-343.3748	89.81213	1.247785	7.106805	0.630409	0.369591	0.637444
8688	-254.1182	-343.6621	89.54392	1.014725	9.06387	0.480635	0.519365	0.8427157
8694	-254.2	-344.9916	90.79164	0.7528873	4.760632	0.618824	0.381176	0.7925546
8700	-254.3966	-345.0508	90.65412	0.8711174	4.776192	0.63705	0.36295	0.8121367
8706	-260.3776	-350.9167	90.53918	0.8918073	4.933298	0.629391	0.370609	0.8725845
8712	-257.2164	-348.7142	91.49788	0.7087121	2.315522	0.50197	0.49803	1.088789
8718	-261.9848	-353.409	91.42421	0.6409545	1.82564	0.407365	0.592635	1.439322
8724	-270.3024	-360.7857	90.48334	0.6237417	4.171473	0.443318	0.556682	1.378901
8730	-265.643	-355.8007	90.1577	0.8702205	3.607518	0.58719	0.41281	1.58554
8736	-262.1034	-352.9788	90.87545	0.702738	3.863708	0.276126	0.723874	1.066563
8742	-269.7021	-361.5339	91.83177	0.7761719	1.676724	0.450843	0.549157	1.066563
8748	-276.3583	-368.2426	91.88432	0.462717	1.469515	0.225366	0.774634	1.409971
8754	-277.6711	-369.3798	91.70878	1.145982	1.876496	0.322668	0.677332	0.4965245
8760	-271.4139	-362.1453	90.73144	0.668777	4.344921	0.509067	0.490933	1.084505
8766	-269.4267	-360.5492	91.12252	0.5560111	3.306432	0.462721	0.537279	1.161863
8772	-265.9703	-356.6012	90.63087	0.6009869	4.104035	0.481123	0.518877	1.296902
8778	-261.6414	-352.5244	90.88296	0.9680849	3.049021	0.318902	0.681098	1.100871
8784	-262.2258	-352.7218	90.49602	0.8364539	2.796073	0.520359	0.479641	1.602924
8790	-277.9601	-370.1605	92.20042	0.7710269	1.415529	0.538877	0.461123	0.8857395
8796	-263.1703	-353.4433	90.27296	1.342721	4.828513	0.293494	0.706506	0.6410419
8802	-262.9504	-352.4735	89.52304	1.17657	8.496324	0.5358	0.4642	0.7895103
8808	-264.6799	-355.4973	90.81737	0.879163	2.832788	0.51762	0.48238	1.312881
8814	-265.739	-355.2287	89.48975	1.101303	9.167126	0.439138	0.560862	0.7773422
8820	-263.5705	-353.2525	89.68202	1.001949	9.167126	0.67109	0.32891	0.6081678
8826	-262.8491	-352.2784	89.42925	1.559836	7.404413	0.506752	0.493248	0.3694262
8832	-265.6305	-356.1576	90.52706	1.376269	4.004008	0.53562	0.46438	0.5362903
8838	-263.3468	-354.0053	90.65854	1.593	2.852731	0.444598	0.555402	0.752991
8844	-264.6051	-355.3791	90.77403	1.573786	2.852731	0.341186	0.658814	0.488726
8850	-268.9683	-359.6658	90.69756	0.8755556	4.135778	0.55743	0.44257	0.9819686
8856	-263.16	-353.0174	89.85736	1.121892	7.620989	0.55743	0.44257	0.5658533
8862	-267.3156	-355.8512	88.53559	1.980284	10.18086	0.668416	0.331584	0.618299
8868	-271.8404	-361.5519	89.71151	0.7932295	6.851973	0.43258	0.56742	1.297532
8874	-264.0478	-353.8836	89.83582	1.357599	6.63343	0.195153	0.804847	0.4820695
8880	-263.3233	-354.2654	90.94201	0.4981189	4.023332	0.325836	0.674164	1.143024
8886	-266.2946	-357.2184	90.92386	1.091776	3.36326	0.306239	0.693761	0.7882282
8892	-267.5588	-357.89	90.33121	0.9571449	3.391439	0.210126	0.789874	1.451816
8898	-270.4334	-361.1486	90.71519	0.8473585	4.346261	0.408538	0.591462	0.9219183
8904	-259.3843	-350.1153	90.73107	1.780935	2.372311	0.480706	0.519294	0.3411792
8910	-263.1704	-353.0038	89.83344	1.94773	4.137445	0.367435	0.632565	0.325366
8916	-259.3863	-349.6368	90.25047	1.625931	3.721311	0.428797	0.571203	0.2881792
8922	-256.9249	-347.4632	90.53833	1.180759	4.570064	0.392312	0.607688	0.5590765
8928	-265.8799	-356.3403	90.46042	1.093911	5.138658	0.447604	0.552396	0.5646519
8934	-257.7863	-348.2178	90.43153	1.173956	4.313651	0.446303	0.553697	0.8853633
8940	-256.3214	-346.6167	90.29529	1.424527	4.355588	0.446303	0.553697	0.7140995
8946	-260.5955	-350.7207	90.1252	1.126561	5.46168	0.34449	0.65551	0.9130284
8952	-262.3088	-352.523	90.2142	0.78658	5.437914	0.521073	0.478927	1.162333
8958	-263.8399	-354.6171	90.77718	1.38113	3.286904	0.521073	0.478927	0.5678719
8964	-272.9573	-362.6127	89.65545	0.7839011	7.691878	0.321054	0.678946	1.208023
8970	-266.7228	-357.006	90.28319	0.7751867	4.888483	0.289734	0.710266	1.241628
8976	-263.4465	-352.8214	89.3749	1.001226	10.5172	0.446861	0.553139	0.7760517
8982	-263.5358	-353.4189	89.88309	1.386282	6.285324	0.379135	0.620865	0.4579814
8988	-264.8569	-355.0287	90.17177	1.163528	5.91588	0.62155	0.37845	0.6222686
8994	-267.9293	-357.5333	89.60396	1.176932	8.640468	0.665426	0.334574	0.5919211
9000	-263.2265	-353.7946	90.56814	1.374739	3.894602	0.454197	0.545803	0.509638
9006	-266.352	-356.4002	90.04824	1.187076	6.140961	0.555956	0.444044	0.7138722
9012	-269.3888	-359.3043	89.91552	1.526002	5.531034	0.358646	0.641354	0.5952885
9018	-266.6166	-357.1244	90.50781	1.195661	2.482624	0.357724	0.642276	1.436441
9024	-248.9947	-339.1995	90.20484	1.290919	5.250057	0.437775	0.562225	0.6464212
9030	-252.6705	-341.3552	88.68463	1.713217	11.12542	0.53035	0.46965	0.5236186
9036	-259.049	-347.6441	88.59517	1.915392	8.552614	0.53035	0.46965	0.2051664
9042	-284.2535	-375.807	91.55345	1.335972	1.6459	0.405878	0.594122	0.7795205
9048	-273.7332	-365.1324	91.39923	1.502273	1.8002	0.465399	0.534601	0.5239756
9054	-271.6534	-360.4064	88.75295	1.527152	11.96164	0.626467	0.373533	0.5327042
9060	-270.396	-361.6037	91.20764	1.338312	1.973338	0.491883	0.508117	0.9416556
9066	-270.6808	-361.3428	90.66196	1.121815	4.121754	0.348883	0.651117	0.732154
9072	-273.6337	-364.1555	90.52174	1.127926	2.430128	0.396142	0.603858	1.497121
9078	-269.0562	-359.9143	90.85806	1.267229	3.027389	0.438188	0.561812	0.8226152
9084	-260.7271	-351.2246	90.49742	1.063192	4.965194	0.689565	0.310435	0.6745519
9090	-257.2843	-347.7639	90.47952	0.7802734	4.521069	0.247241	0.752759	1.161932
9096	-266.9268	-358.1464	91.21956	0.899305	2.189179	0.222293	0.777707	1.225566
9102	-257.3549	-347.4417	90.08675	0.9075919	4.750666	0.537093	0.462907	1.326697
9108	-264.6217	-354.4702	89.84847	1.101751	5.295938	0.537093	0.462907	1.237881
9114	-264.335	-355.6205	91.28545	0.9372788	2.259434	0.274203	0.725797	1.101171
9120	-267.6964	-358.9387	91.24228	1.28855	2.143701	0.316086	0.683914	0.8479307
9126	-279.5163	-369.251	89.73465	0.9864703	4.170596	0.125027	0.874973	1.666849
9132	-268.8051	-358.7306	89.92547	0.9109307	4.628315	0.415511	0.584489	1.477623
9138	-261.0252	-351.7087	90.68347	1.146293	3.225149	0.405315	0.594685	1.053344
9144	-262.9277	-353.0787	90.15099	0.8498647	4.798213	0.414081	0.585919	1.310296
9150	-259.7828	-349.7147	89.93187	1.132729	5.110366	0.634496	0.365504	1.183361
9156	-252.4576	-342.7484	90.29075	1.061379	5.110366	0.692815	0.307185	0.9061218
9162	-255.3978	-346.2476	90.84977	1.002626	4.01426	0.266316	0.733684	0.6752123
9168	-260.4854	-350.5248	90.03934	1.225077	6.109315	0.31679	0.68321	0.6752971
9174	-264.4424	-354.6955	90.25309	1.452514	4.410949	0.167043	0.832957	0.7089163
9180	-262.975	-353.7106	90.7356	1.019044	3.543419	0.420291	0.579709	1.007044
9186	-263.8186	-354.9412	91.12255	0.8590861	3.174129	0.333317	0.666683	0.9200521
9192	-265.5334	-354.6633	89.12986	0.8714421	11.57337	0.722448	0.277552	1.026978
9198	-269.132	-359.5924	90.46048	1.043881	5.133432	0.501256	0.498744	0.692152
9204	-258.9066	-349.4439	90.53729	1.345942	3.844197	0.465027	0.534973	0.7231077
9210	-258.899	-348.6752	89.77625	1.068409	7.540949	0.40752	0.59248	0.8366285
9216	-261.3715	-351.2758	89.90429	1.169137	6.646688	0.503301	0.496699	0.783316
9222	-261.3157	-350.5071	89.19142	0.9588955	11.70293	0.791648	0.208352	0.8473715
9228	-269.8668	-359.3475	89.48072	1.177093	6.613796	0.705758	0.294242	1.213742
9234	-272.7125	-362.9548	90.24223	0.7674297	5.709667	0.405176	0.594824	1.091687
9240	-260.8285	-351.4865	90.658	0.6529403	2.605054	0.376372	0.623628	1.681898
9246	-263.5227	-354.0067	90.48404	0.5702364	3.797451	0.648028	0.351972	1.515831
9252	-260.575	-351.313	90.73795	0.7876047	2.633687	0.401277	0.598723	1.515831
9258	-262.4111	-354.2067	91.7956	0.522158	1.579755	0.476987	0.523013	1.3704
9264	-266.3029	-356.5497	90.24688	0.5962997	5.071335	0.329508	0.670492	1.37423
9270	-253.9573	-344.5812	90.62387	0.4869406	3.825196	0.418617	0.581383	1.465991
9276	-253.8776	-344.6576	90.78001	0.375425	3.699104	0.516494	0.483506	1.465991
9282	-256.2187	-347.2237	91.00493	0.1887138	3.699104	0.330862	0.669138	1.436842
9288	-265.9773	-356.8741	90.89682	0.09869512	2.153906	0.49099	0.50901	2.055491
9294	-264.604	-355.6717	91.06763	0.176132	1.740608	0.387157	0.612843	2.055491
9300	-261.688	-352.5384	90.85046	0.02038492	2.388743	0.364835	0.635165	2.055491
9306	-264.4613	-355.4485	90.98721	0.03104947	2.113125	0.444223	0.555777	2.055491
9312	-262.0288	-353.2343	91.20558	0.02194731	1.765564	0.36355	0.63645	2.055491
9318	-265.6298	-357.0049	91.37511	0.04644312	1.484845	0.192535	0.807465	2.055491
9324	-263.3473	-354.8699	91.52261	0.03967192	2.280115	0.192535	0.807465	1.618455
9330	-261.8302	-353.4852	91.65499	0.06696894	1.993625	0.348341	0.651659	1.618455
9336	-261.1889	-351.9309	90.74196	0.1127571	3.843889	0.299869	0.700131	1.649865
9342	-270.464	-361.2335	90.76949	1.575219	2.757221	0.481076	0.518924	0.3630134
9348	-266.7418	-357.3303	90.58847	1.723882	2.915658	0.238424	0.761576	0.4389288
9354	-258.8642	-348.4051	89.54086	1.547276	7.111362	0.485579	0.514421	0.538704
9360	-258.6859	-348.9399	90.25405	0.9760214	5.366137	0.485579	0.514421	0.9631339
9366	-282.3773	-372.7971	90.41985	1.014671	5.551193	0.485579	0.514421	0.6007971
9372	-275.9056	-365.1726	89.267	1.5935	7.571723	0.364641	0.635359	0.8086014
9378	-268.7755	-359.1071	90.33159	0.9754799	4.754328	0.541381	0.458619	1.055425
9384	-261.2135	-352.1315	90.91801	1.164553	2.856046	0.462022	0.537978	0.9562031
9390	-264.9274	-355.8966	90.96917	1.264731	2.924507	0.447906	0.552094	0.7318512
9396	-264.7375	-356.2348	91.4973	0.9382106	2.31238	0.447906	0.552094	0.8532917
9402	-270.856	-360.8382	89.98218	1.408948	5.7907	0.74509	0.25491	0.5199987
9408	-267.7744	-356.7992	89.02489	1.417009	10.83025	0.74509	0.25491	0.5033865
9414	-263.5392	-353.8611	90.32186	1.49175	4.260256	0.265769	0.734231	0.5668165
9420	-262.7893	-352.5883	89.79895	1.390013	6.311554	0.352391	0.647609	0.724406
9426	-268.2958	-358.9933	90.69748	1.023058	4.333348	0.430488	0.569512	0.724406
9432	-271.1196	-360.6821	89.56252	1.024033	7.933187	0.614665	0.385335	1.032573
9438	-266.8527	-357.3759	90.52317	0.685553	5.536743	0.645314	0.354686	0.9386555
9444	-276.4121	-366.9109	90.49882	0.722377	3.423388	0.428883	0.571117	1.493383
9450	-260.7766	-351.1287	90.35209	0.8483066	5.569095	0.605721	0.394279	0.9386555
9456	-261.3226	-352.0006	90.67792	0.8181823	4.484203	0.605721	0.394279	0.9473028
9462	-261.6664	-352.2079	90.54142	0.8096943	4.977857	0.623451	0.376549	0.9473028
9468	-262.3172	-352.5132	90.19599	0.9985961	4.977857	0.423629	0.576371	1.100535
9474	-259.182	-349.0515	89.86946	1.000044	6.248744	0.630708	0.369292	1.100535
9480	-264.645	-355.0197	90.37475	0.7930613	4.904162	0.383036	0.616964	1.143515
9486	-267.0461	-356.7017	89.65553	1.042165	6.878361	0.492943	0.507057	1.12836
9492	-259.7289	-349.0686	89.33972	1.140141	5.857223	0.492943	0.507057	1.495652
9498	-256.5125	-347.5665	91.05401	1.400333	2.277763	0.441015	0.558985	0.8525378
9504	-265.8276	-356.8898	91.06217	1.133203	2.896447	0.233076	0.766924	0.804623
9510	-259.5575	-350.5176	90.96013	1.176027	2.914925	0.352869	0.647131	0.8682648
9516	-257.2163	-347.7281	90.51182	1.367735	4.008737	0.440147	0.559853	0.6195016
9522	-262.4765	-353.2508	90.77427	1.544039	2.899749	0.528242	0.471758	0.570525
9528	-261.9153	-352.3746	90.45931	1.522427	3.752041	0.438745	0.561255	0.5783156
9534	-263.74	-353.7358	89.9958	1.341688	5.161621	0.494383	0.505617	0.9067742
9540	-263.2875	-353.3891	90.10156	1.394944	5.161621	0.465778	0.534222	0.6924003
9546	-261.644	-351.8612	90.21718	1.128979	5.161621	0.374979	0.625021	0.8970407
9552	-271.374	-362.2673	90.89327	0.6269584	3.771901	0.462204	0.537796	1.148678
9558	-261.2521	-352.4581	91.20604	0.5905494	3.411272	0.473038	0.526962	1.014856
9564	-271.1099	-361.6642	90.55433	0.7451047	5.825849	0.42758	0.57242	0.7334602
9570	-263.8793	-354.2254	90.34608	0.2639559	7.158742	0.481729	0.518271	1.153496
9576	-269.758	-361.0216	91.26358	0.1202612	4.79951	0.538048	0.461952	0.9664002
9582	-261.008	-351.8882	90.88019	0.1041456	3.953702	0.475157	0.524843	1.527723
9588	-267.4912	-358.7977	91.30648	0.07676149	2.91272	0.64495	0.35505	1.527723
9594	-257.5051	-348.4683	90.96325	0.03293364	3.443226	0.398225	0.601775	1.652835
9600	-266.4903	-357.2863	90.796	1.073037	2.985436	0.4662	0.5338	1.108998
9606	-263.7387	-354.1378	90.39912	1.129114	4.584001	0.437601	0.562399	0.8781893
9612	-263.4117	-354.5871	91.17538	0.9801894	2.829108	0.350571	0.649429	0.8895485
9618	-266.2149	-356.6102	90.3953	1.496797	3.799642	0.52116	0.47884	0.7337814
9624	-265.7544	-356.9549	91.20058	1.345448	2.312681	0.45181	0.54819	0.6962768
9630	-266.3885	-356.5203	90.13175	0.918501	3.809306	0.409932	0.590068	1.515729
9636	-269.5147	-359.7034	90.18873	0.8016734	3.983304	0.470211	0.529789	1.515729
9642	-269.6233	-358.6762	89.05296	0.9139435	7.751524	0.256984	0.743016	1.569203
9648	-272.5708	-362.4714	89.90059	1.594506	5.144959	0.338423	0.661577	0.7029242
9654	-268.8841	-357.4836	88.59951	1.482289	12.44264	0.220009	0.779991	0.8083019
9660	-264.1466	-352.4246	88.27803	1.346156	16.25967	0.358758	0.641242	0.8243818
9666	-274.5535	-360.0986	85.54513	1.621692	65.44683	0.131982	0.868018	0.512435
9672	-265.9229	-354.7725	88.84964	1.621692	9.645535	0.131982	0.868018	0.2714298
9678	-270.3736	-359.2482	88.87457	1.320608	12.60344	0.430292	0.569708	0.4694909
9684	-266.3934	-358.2707	91.87729	1.030633	1.636563	0.48424	0.51576	0.7622826
9690	-267.9507	-357.7274	89.77677	1.229401	6.567955	0.290478	0.709522	0.8889974
9696	-266.2257	-355.9786	89.75282	1.316944	6.62381	0.432435	0.567565	0.795243
9702	-267.7751	-357.0558	89.28064	1.311142	9.566132	0.663863	0.336137	0.6678664
9708	-265.8603	-355.3351	89.47479	1.476499	7.725958	0.611001	0.388999	0.4175613
9714	-264.8293	-355.2585	90.42924	1.254528	4.704857	0.511147	0.488853	0.5286673
9720	-265.7243	-357.0519	91.32754	1.271596	1.686913	0.43523	0.56477	1.068407
9726	-271.088	-362.6697	91.58168	0.7705592	2.514289	0.43523	0.56477	0.8300603
9732	-263.6047	-353.7163	90.11163	1.303854	4.156856	0.316754	0.683246	1.12559
9738	-275.7828	-365.2059	89.42303	1.491578	7.965681	0.597432	0.402568	0.4485615
9744	-272.4357	-362.465	90.02932	1.486854	5.307064	0.338886	0.661114	0.4880935
9750	-274.4621	-364.7246	90.26249	1.770722	3.615226	0.50323	0.49677	0.4362397
9756	-278.0801	-369.2752	91.19512	1.732053	1.761954	0.450347	0.549653	0.5027837
9762	-264.7411	-355.4484	90.70734	1.543214	2.983485	0.304857	0.695143	0.6565554
9768	-258.5368	-348.0331	89.49625	1.29122	8.415082	0.745998	0.254002	0.6734355
9774	-270.6581	-360.5166	89.85856	1.29122	6.76058	0.745998	0.254002	0.5957351
9780	-267.4019	-357.5747	90.17282	1.493122	4.766526	0.476121	0.523879	0.4747463
9786	-268.6767	-359.8628	91.18608	1.077191	2.98222	0.474502	0.525498	0.6291485
9792	-272.4025	-362.4993	90.09675	1.365648	5.432562	0.467471	0.532529	0.6092378
9798	-284.9119	-375.7467	90.83483	1.210307	3.42519	0.3444	0.6556	0.7076318
9804	-265.7981	-357.4769	91.67882	0.7886485	2.159752	0.481209	0.518791	0.9110782
9810	-265.4833	-355.5998	90.11654	0.6024371	6.492478	0.525146	0.474854	1.18463
9816	-259.2364	-349.2438	90.00747	1.10093	5.098875	0.498212	0.501788	1.147779
9822	-267.5661	-357.2644	89.69839	1.292335	7.550029	0.423856	0.576144	0.4306664
9828	-261.7966	-351.1868	89.39018	1.610963	7.550029	0.761674	0.238326	0.5097889
9834	-253.8136	-344.2568	90.44311	1.575168	3.680544	0.364202	0.635798	0.5080446
9840	-252.8639	-342.3373	89.47339	1.361687	8.404836	0.338508	0.661492	0.4601884
9846	-253.0156	-342.4946	89.47895	1.622648	6.760626	0.561776	0.438224	0.3412963
9852	-264.1722	-352.6451	88.47289	1.822105	11.86713	0.525305	0.474695	0.4995262
9858	-263.6263	-353.3912	89.76485	1.129917	7.226053	0.45769	0.54231	0.8535947
9864	-269.9966	-359.6815	89.68482	1.163414	8.322192	0.677874	0.322126	0.553393
9870	-263.3255	-352.3624	89.03689	1.419706	10.1721	0.633668	0.366332	0.3212667
9876	-254.7118	-343.5876	88.87583	1.66081	10.19421	0.501095	0.498905	0.4740485
9882	-262.1965	-351.9532	89.75667	1.575956	6.012326	0.483979	0.516021	0.5519855
9888	-249.807	-339.233	89.42601	1.50341	7.876704	0.612586	0.387414	0.439708
9894	-254.4545	-344.0528	89.59836	1.32151	7.876704	0.396553	0.603447	0.5993822
9900	-266.8375	-357.5365	90.69902	1.543921	3.098429	0.762827	0.237173	0.4973692
9906	-257.2459	-347.8082	90.56233	1.359586	3.956415	0.493161	0.506839	0.4973692
9912	-267.6145	-358.4397	90.82526	1.302167	3.365946	0.641683	0.358317	0.4378043
9918	-259.3613	-350.5851	91.2238	1.302078	2.118499	0.467002	0.532998	0.8706631
9924	-257.944	-348.7822	90.83822	0.809841	3.472	0.467002	0.532998	1.132345
9930	-265.6099	-357.2466	91.63666	1.155816	1.462833	0.346804	0.653196	1.035319
9936	-259.4534	-350.6905	91.2371	0.8308258	3.083441	0.338467	0.661533	0.8642529
9942	-263.0363	-353.4401	90.40374	0.7888944	3.877042	0.612331	0.387669	1.38916
9948	-263.6164	-354.4966	90.88017	0.4207229	3.414873	0.351241	0.648759	1.43535
9954	-266.9535	-357.4699	90.51647	0.9486841	4.271761	0.508223	0.491777	1.045146
9960	-268.6035	-358.5337	89.93021	1.107708	4.708959	0.352301	0.647699	1.301405
9966	-253.0889	-344.1032	91.0143	1.114411	3.225545	0.344291	0.655709	0.6981265
9972	-253.3378	-343.7033	90.36547	1.214991	4.455117	0.405306	0.594694	0.862974
9978	-262.2459	-353.1038	90.8579	0.9377312	3.32903	0.274428	0.725572	1.046684
9984	-264.494	-354.9438	90.44976	0.8132534	4.103525	0.433539	0.566461	1.271529
9990	-281.4591	-371.8981	90.43903	1.351996	4.262521	0.415275	0.584725	0.6328341
9996	-270.9319	-361.9669	91.03497	1.377798	2.612195	0.489627	0.510373	0.3639216
10002	-268.6962	-360.1132	91.41703	1.440563	1.808708	0.479445	0.520555	0.6542289
10008	-273.7472	-366.2369	92.48965	1.298272	0.7670851	0.323678	0.676322	0.4678444
10014	-260.8259	-350.8499	90.02408	1.234489	6.140127	0.476532	0.523468	0.6724757
10020	-266.0193	-356.5664	90.54714	1.296202	4.045539	0.505985	0.494015	0.6724757
10026	-260.481	-351.3622	90.88128	1.562833	2.63913	0.505985	0.494015	0.4737216
10032	-265.6714	-355.2361	89.56467	1.501094	7.136071	0.505985	0.494015	0.4064286
10038	-262.633	-352.9884	90.35538	1.732154	3.430108	0.505985	0.494015	0.398939
10044	-263.6375	-354.0838	90.44631	1.685146	3.340438	0.613509	0.386491	0.4200852
10050	-274.1998	-365.2545	91.05467	0.8455869	1.845882	0.47457	0.52543	1.553643
10056	-268.5614	-358.8782	90.31684	0.7240097	4.271027	0.375772	0.624228	1.405551
10062	-276.4189	-366.0277	89.60888	1.25102	8.204865	0.676236	0.323764	0.592814
10068	-263.6899	-354.7994	91.10953	1.484153	2.302821	0.508448	0.491552	0.6036669
10074	-269.0014	-358.5394	89.53801	0.8995038	8.695721	0.485692	0.514308	1.04097
10080	-275.5812	-365.0535	89.47231	1.198694	8.77252	0.659016	0.340984	0.7604353
10086	-268.5871	-358.4824	89.89526	0.7783291	8.77252	0.519756	0.480244	0.7566437
10092	-269.899	-360.3156	90.41661	0.9510251	5.522884	0.439328	0.560672	0.7463865
10098	-266.7173	-357.1395	90.42221	1.177139	4.935269	0.375495	0.624505	0.6050249
10104	-272.1881	-362.9924	90.80429	1.259913	3.372956	0.355026	0.644974	0.7093375
10110	-268.7335	-358.4498	89.7163	1.008468	4.619927	0.416039	0.583961	1.562682
10116	-259.7108	-350.3249	90.61406	1.027182	3.7449	0.41318	0.58682	1.046254
10122	-282.9115	-373.2126	90.30117	1.000199	3.935904	0.491808	0.508192	1.286182
10128	-280.961	-372.0536	91.09261	1.07718	1.971494	0.288983	0.711017	1.286182
10134	-274.8656	-365.1976	90.33202	0.8294039	3.613458	0.330709	0.669291	1.484915
10140	-261.8594	-352.4544	90.59501	1.798582	2.681268	0.376524	0.623476	0.3835486
10146	-270.0322	-359.696	89.66384	1.989527	4.337486	0.375954	0.624046	0.2774087
10152	-268.8377	-358.8002	89.9625	1.530261	5.231373	0.3466	0.6534	0.6634029
10158	-270.8071	-362.293	91.48582	1.30633	1.776903	0.374403	0.625597	0.7938007
10164	-270.27	-360.6126	90.34259	1.299371	4.249953	0.459904	0.540096	0.8665076
10170	-270.1112	-360.0654	89.95417	1.092514	5.585465	0.459904	0.540096	1.086588
10176	-270.4215	-361.7919	91.37042	1.265916	2.201099	0.426067	0.573933	0.634141
10182	-266.3505	-355.0847	88.7342	2.050739	7.088963	0.501305	0.498695	0.2018597
10188	-270.9185	-362.1693	91.25076	1.780928	1.602999	0.344872	0.655128	0.4667404
10194	-266.5947	-356.7084	90.1137	1.900994	3.587736	0.434069	0.565931	0.3752841
10200	-270.8713	-360.4615	89.59023	1.767439	5.309194	0.392957	0.607043	0.268809
10206	-256.4606	-346.4884	90.02774	1.476484	5.309194	0.633786	0.366214	0.4274515
10212	-259.0205	-349.1946	90.17409	1.031586	6.344356	0.454159	0.545841	0.6823765
10218	-261.3761	-350.774	89.39789	0.912234	11.75014	0.773376	0.226624	0.4791478
10224	-257.0326	-346.7177	89.68513	1.317263	7.52408	0.559109	0.440891	0.4560013
10230	-260.2801	-349.7863	89.50618	1.276886	8.533375	0.68135	0.31865	0.3838198
10236	-255.7114	-346.0988	90.38735	1.254039	4.799341	0.53642	0.46358	0.5958753
10242	-255.488	-345.9395	90.45147	1.005081	4.90346	0.389278	0.610722	0.8522518
10248	-257.5916	-348.0759	90.48426	0.9780123	3.848955	0.535538	0.464462	1.175854
10254	-254.4125	-345.5727	91.16024	1.245651	2.574056	0.409867	0.590133	0.7121176
10260	-257.9647	-348.4075	90.44284	1.462664	3.86078	0.502874	0.497126	0.6737258
10266	-266.6151	-357.61	90.99498	1.207434	2.208583	0.410914	0.589086	1.144135
10272	-259.0578	-350.1642	91.10649	1.18551	2.955446	0.407409	0.592591	0.5789115
10278	-259.3978	-349.6394	90.24167	1.28076	5.06771	0.60077	0.39923	0.6922725
10284	-258.1887	-348.8006	90.61195	1.157814	4.386041	0.278168	0.721832	0.5825967
10290	-262.011	-353.2892	91.27814	1.544192	1.909384	0.370294	0.629706	0.5825967
10296	-276.0053	-366.9343	90.92901	1.544192	2.542746	0.248806	0.751194	0.4101211
10302	-271.3393	-362.1978	90.85844	1.746709	2.248946	0.254331	0.745669	0.3775695
10308	-275.2074	-365.106	89.89858	1.813225	4.615476	0.538182	0.461818	0.5074133
10314	-275.3304	-365.7842	90.45377	1.293153	2.198633	0.26816	0.73184	1.51495
10320	-268.749	-359.2685	90.51949	1.516142	3.541535	0.408121	0.591879	0.6411244
10326	-275.1646	-365.2781	90.1135	1.664661	4.257163	0.322914	0.677086	0.6646376
10332	-262.6443	-352.5331	89.88876	0.7360463	3.586239	0.254432	0.745568	1.874787
10338	-261.9752	-351.9112	89.93599	0.8361028	3.586239	0.462624	0.537376	1.773323
10344	-267.1273	-357.9873	90.85994	0.9554158	3.339813	0.257884	0.742116	1.023536
10350	-263.695	-354.2161	90.52107	0.9759543	4.241933	0.594686	0.405314	1.023536
10356	-260.1723	-351.835	91.66272	1.140698	1.539581	0.191003	0.808997	0.9681424
10362	-262.7919	-351.892	89.10012	1.201866	11.21557	0.401986	0.598014	0.733848
10368	-262.9889	-353.0814	90.09253	1.691676	4.137238	0.503123	0.496877	0.3281704
10374	-256.8131	-347.1266	90.31344	1.635155	3.639793	0.522626	0.477374	0.3215522
10380	-266.5604	-357.5713	91.0109	0.9297741	3.46103	0.577524	0.422476	0.8370055
10386	-269.1275	-359.0185	89.89103	1.623855	5.289049	0.501146	0.498854	0.4455671
10392	-257.1711	-348.0763	90.90519	1.518464	2.515181	0.243736	0.756264	0.324453
10398	-254.7297	-343.5807	88.85102	1.518464	10.76979	0.443636	0.556364	0.324453
10404	-252.455	-342.9377	90.48275	1.712365	2.635818	0.423267	0.576733	0.2235844
10410	-252.2671	-341.335	89.06793	1.696778	7.752766	0.51384	0.48616	0.2482621
10416	-268.3773	-357.1349	88.75761	1.696778	10.73489	0.35534	0.64466	0.4719413
10422	-271.877	-362.3086	90.43165	1.660466	3.477364	0.295538	0.704462	0.5245674
10428	-270.7112	-360.4722	89.76096	1.591972	5.948421	0.611345	0.388655	0.5103578
10434	-264.2136	-353.7293	89.51564	1.668092	6.569927	0.599093	0.400907	0.3973218
10440	-267.6472	-356.7745	89.12726	1.785546	6.435215	0.442995	0.557005	0.1968577
10446	-260.1534	-349.6625	89.50902	1.937853	4.813043	0.167098	0.832902	0.2433168
10452	-263.2114	-353.2782	90.06681	1.247724	6.069677	0.494377	0.505623	0.4345881
10458	-257.446	-347.843	90.39694	1.729641	2.984309	0.46785	0.53215	0.2653103
10464	-258.8544	-349.5978	90.7434	1.376173	3.158967	0.29209	0.70791	0.7559136
10470	-253.0128	-343.4339	90.42104	1.13683	5.096889	0.573347	0.426653	0.5937625
10476	-252.7288	-343.6853	90.95654	1.101449	3.52978	0.582771	0.417229	0.5937625
10482	-257.9755	-348.4454	90.4699	0.8374078	3.52978	0.445882	0.554118	1.396849
10488	-257.8579	-348.3866	90.5287	1.061946	3.614524	0.425874	0.574126	1.136336
10494	-258.4705	-349.2139	90.74338	1.0164	3.796744	0.476423	0.523577	0.9056946
10500	-269.2549	-359.9385	90.68368	0.5588749	3.786521	0.291186	0.708814	1.37478
10506	-268.2352	-358.8628	90.62759	0.8979183	3.001669	0.423352	0.576648	1.390365
10512	-258.4091	-348.7582	90.34913	1.082541	3.86633	0.423352	0.576648	1.197095
10518	-258.2243	-348.2274	90.00308	0.8852128	7.602709	0.546267	0.453733	0.7618593
10524	-256.4766	-346.9344	90.45777	1.266839	4.153622	0.450741	0.549259	0.8022058
10530	-255.8172	-346.1183	90.30107	1.231915	4.153622	0.427513	0.572487	1.016294
10536	-261.9858	-352.3731	90.38739	1.031042	5.182387	0.521394	0.478606	0.8022028
10542	-262.6013	-353.1946	90.59329	1.116347	3.195097	0.630732	0.369268	1.173438
10548	-255.8361	-346.0607	90.22464	0.8529788	6.403266	0.653812	0.346188	0.8487234
10554	-261.5107	-351.1012	89.59048	1.136404	7.394185	0.549903	0.450097	0.9989376
10560	-258.7966	-349.5041	90.7075	0.7134481	3.86029	0.663026	0.336974	1.208067
10566	-253.9734	-344.4644	90.49101	1.14753	4.516076	0.441567	0.558433	0.7630767
10572	-261.4199	-352.6455	91.22561	1.172764	2.491606	0.50255	0.49745	0.784046
10578	-264.7261	-354.05	89.32388	1.172764	10.45052	0.765316	0.234684	0.532834
10584	-261.0263	-352.8077	91.78135	1.072844	1.633216	0.500621	0.499379	0.8371303
10590	-266.0993	-354.7267	88.62732	1.302387	14.50006	0.730715	0.269285	0.6463524
10596	-253.3077	-343.9946	90.68688	1.202266	3.456585	0.5367	0.4633	0.8997622
10602	-250.7203	-341.5807	90.86038	1.256904	3.139925	0.637565	0.362435	0.7705232
10608	-253.2627	-343.5682	90.3055	0.9340484	5.354571	0.377245	0.622755	0.9564412
10614	-250.1472	-340.2936	90.14638	1.232672	5.599804	0.691555	0.308445	0.6954522
10620	-252.0639	-341.3564	89.29242	1.193025	10.37885	0.653533	0.346467	0.6181689
10626	-261.0009	-350.6555	89.65462	1.068112	8.459068	0.715193	0.284807	0.7665912
10632	-260.0296	-349.7945	89.76498	1.013033	7.854279	0.539055	0.460945	0.8430105
10638	-260.2617	-351.2127	90.95102	0.9780275	2.553677	0.328701	0.671299	1.227826
10644	-268.6073	-359.1161	90.50873	1.958478	2.109442	0.390749	0.609251	0.2242135
10650	-269.7629	-360.8539	91.09096	0.9091156	2.683913	0.343392	0.656608	1.111844
10656	-266.6997	-357.2838	90.58404	0.8817813	2.951495	0.552614	0.447386	1.452945
10662	-269.3269	-360.6033	91.27636	1.479129	2.014087	0.262435	0.737565	0.5972569
10668	-260.7128	-352.2036	91.49075	1.144053	2.112633	0.313609	0.686391	0.7291863
10674	-263.1572	-353.8282	90.671	1.144053	3.324122	0.574062	0.425938	1.029809
10680	-265.429	-355.9934	90.56437	1.130473	4.086223	0.337999	0.662001	0.8670122
10686	-270.9758	-361.474	90.49817	1.511393	3.632338	0.394733	0.605267	0.3939139
10692	-263.3158	-354.124	90.80812	1.213023	3.632338	0.397335	0.602665	0.5907578
10698	-250.1902	-341.5977	91.40757	1.125654	2.213481	0.543779	0.456221	0.7960016
10704	-250.8366	-341.3717	90.53509	1.093852	4.825267	0.402033	0.597967	0.6103445
10710	-252.0074	-343.6859	91.67851	0.9595712	2.128043	0.50964	0.49036	0.7096458
10716	-258.6749	-349.9551	91.28018	1.163175	2.128043	0.240027	0.759973	0.9560183
10722	-254.7649	-346.0896	91.32468	1.250263	2.199121	0.380797	0.619203	0.7478141
10728	-268.507	-359.3102	90.80315	1.587543	2.331042	0.234597	0.765403	0.8943105
10734	-261.3658	-352.1027	90.73685	0.7364672	4.764649	0.466453	0.533547	0.8797769
10740	-268.2819	-358.7403	90.45836	1.413019	3.300554	0.525699	0.474301	0.9830108
10746	-271.273	-362.2894	91.01648	1.179508	3.083811	0.303469	0.696531	0.6809592
10752	-267.8333	-358.5082	90.67495	0.7280043	4.235499	0.572525	0.427475	1.113908
10758	-266.9859	-356.9496	89.96366	1.129115	5.295447	0.499695	0.500305	1.113908
10764	-272.2285	-362.1418	89.91329	1.490488	5.63052	0.479846	0.520154	0.6288083
10770	-273.4754	-363.6249	90.1495	0.8765031	3.305401	0.457456	0.542544	1.66961
10776	-261.1656	-351.6682	90.50266	0.8765031	3.588676	0.457456	0.542544	1.322775
10782	-256.6414	-346.1991	89.55764	1.583058	6.857972	0.644779	0.355221	0.4555595
10788	-263.5959	-352.96	89.36416	1.546325	7.061439	0.71359	0.28641	0.2510807
10794	-264.215	-353.8463	89.63126	1.780558	5.031336	0.477031	0.522969	0.2568009
10800	-270.211	-359.7683	89.5573	2.09608	4.224481	0.351273	0.648727	0.2568009
10806	-261.4652	-349.1584	87.69311	2.462581	6.793289	0.635222	0.364778	0.0789931
10812	-266.7379	-356.8554	90.11751	1.12965	6.08083	0.688919	0.311081	0.7179223
10818	-267.7065	-358.2271	90.52057	1.084564	4.809409	0.376508	0.623492	0.6745491
10824	-259.0075	-347.269	88.26152	2.593331	4.089802	0.410091	0.589909	0.07722106
10830	-257.5252	-346.3446	88.81935	2.586091	2.920553	0.483333	0.516667	0.08803795
10836	-258.3742	-346.6908	88.31663	2.752416	3.378042	0.434333	0.565667	0.07368768
10842	-263.1662	-351.7868	88.62062	2.780473	2.601763	0.487576	0.512424	0.07368768
10848	-256	-344.9438	88.9438	1.90905	6.804482	0.487576	0.512424	0.2042927
10854	-259.8193	-350.0578	90.23854	1.464221	4.63295	0.346564	0.653436	0.4570278
10860	-263.6177	-354.5509	90.93325	1.222746	3.300495	0.492982	0.507018	0.4497304
10866	-265.95	-356.4849	90.53483	1.098103	4.144683	0.527325	0.472675	0.9156339
10872	-268.6498	-359.317	90.6672	1.267886	3.111536	0.38954	0.61046	0.9955903
10878	-272.4541	-363.5122	91.05812	1.120725	2.627732	0.533997	0.466003	0.9645788
10884	-270.3985	-359.9393	89.54082	1.65916	6.317348	0.41809	0.58191	0.339942
10890	-259.9861	-350.0504	90.06435	1.606789	4.251375	0.447025	0.552975	0.2715734
10896	-258.6149	-348.3856	89.77065	1.863108	4.358735	0.49867	0.50133	0.2696072
10902	-263.3477	-352.1421	88.79438	1.899721	8.383815	0.581218	0.418782	0.274798
10908	-258.4722	-348.5204	90.04823	1.585192	4.849147	0.575333	0.424667	0.4328602
10914	-257.239	-347.4474	90.20834	1.22829	5.290826	0.677429	0.322571	0.7341137
10920	-258.6585	-349.2338	90.57526	1.149142	4.419501	0.598067	0.401933	0.6698379
10926	-257.1438	-347.443	90.29923	1.472379	4.419501	0.442724	0.557276	0.4955539
10932	-263.7862	-352.5513	88.76505	1.401052	12.43614	0.696412	0.303588	0.3545886
10938	-263.0299	-353.4058	90.37593	1.2237	4.904736	0.3389	0.6611	0.6273061
10944	-263.7545	-354.2733	90.51875	1.584188	3.417046	0.346423	0.653577	0.4229299
10950	-264.6022	-353.8093	89.20713	1.481755	9.234732	0.500523	0.499477	0.4558022
10956	-261.0219	-351.541	90.51909	1.142089	4.737918	0.448788	0.551212	0.5899014
10962	-264.5281	-354.6165	90.08842	1.5241	4.44645	0.462958	0.537042	0.2732086
10968	-265.1535	-354.927	89.77349	1.126818	8.042185	0.496127	0.503873	0.449587
10974	-258.5457	-348.1025	89.55679	1.510224	7.207007	0.513237	0.486763	0.5463271
10980	-264.4151	-355.4665	91.05132	1.028005	3.184678	0.363199	0.636801	0.7977588
10986	-265.0599	-355.1886	90.1287	0.9456909	4.555372	0.500003	0.499997	1.309021
10992	-254.1321	-344.2269	90.09477	0.8819058	5.9335	0.486055	0.513945	1.070854
10998	-255.9029	-346.1623	90.25945	1.22505	5.128531	0.339277	0.660723	0.7280112
11004	-253.7891	-343.0921	89.30295	1.404084	8.673808	0.427478	0.572522	0.7322759
11010	-263.5897	-353.6326	90.04293	1.532866	5.049594	0.651485	0.348515	0.4299491
11016	-262.8876	-352.6375	89.74987	1.412514	6.361599	0.396751	0.603249	0.7478578
11022	-265.6014	-354.9934	89.39203	1.338911	9.001954	0.653949	0.346051	0.4710756
11028	-273.7958	-363.3222	89.52637	0.9652635	10.30739	0.59072	0.40928	0.3891571
11034	-265.1114	-354.4921	89.38074	1.201441	9.809805	0.577833	0.422167	0.5961765
11040	-255.7418	-345.4237	89.68189	1.198474	7.520624	0.384844	0.615156	0.7957645
11046	-256.9229	-346.9749	90.05201	0.8086242	6.896671	0.447049	0.552951	0.968573
11052	-264.3423	-354.1295	89.78725	1.324704	6.896671	0.431653	0.568347	0.6192613
11058	-249.7769	-339.7283	89.9514	1.389823	5.988395	0.573599	0.426401	0.4673494
11064	-250.1106	-340.9987	90.8881	1.357484	3.084703	0.386025	0.613975	0.5401255
11070	-255.9011	-347.5237	91.62258	0.9269846	1.570774	0.242672	0.757328	1.184983
11076	-260.6048	-351.8744	91.26968	0.4298125	2.429778	0.674239	0.325761	1.459608
11082	-267.7657	-358.1998	90.43411	0.6251354	2.306736	0.306454	0.693546	1.958256
11088	-269.1257	-359.139	90.01336	0.4629436	5.256909	0.327399	0.672601	1.612163
11094	-257.9909	-348.6068	90.61591	0.8129922	4.123106	0.273118	0.726882	1.12346
11100	-256.8382	-347.2471	90.40883	0.7671512	4.123106	0.292107	0.707893	1.336885
11106	-255.9736	-346.0448	90.07118	0.8227374	6.481287	0.569236	0.430764	1.027053
11112	-259.9626	-350.7987	90.83609	0.6952517	3.494861	0.421186	0.578814	1.226224
11118	-266.201	-358.0317	91.83073	0.7795783	1.349143	0.179029	0.820971	1.274028
11124	-264.581	-356.376	91.79494	1.165542	1.420355	0.302065	0.697935	0.8940296
11130	-266.0711	-357.8694	91.79831	1.074815	1.570249	0.407311	0.592689	0.8673984
11136	-259.9436	-350.8706	90.92701	1.11819	3.550965	0.586052	0.413948	0.60836
11142	-266.4682	-357.6704	91.20221	1.278281	2.559466	0.373727	0.626273	0.4621165
11148	-254.783	-345.6504	90.86741	1.334594	3.016027	0.469653	0.530347	0.7201188
11154	-266.949	-357.6584	90.70946	0.674621	3.958255	0.560378	0.439622	1.210849
11160	-262.1274	-352.9905	90.86313	1.242539	3.257235	0.58054	0.41946	0.7158749
11166	-254.6393	-343.8289	89.18965	1.692352	7.481923	0.416374	0.583626	0.2844479
11172	-253.8683	-342.8702	89.0019	1.858269	8.167595	0.617031	0.382969	0.4022549
11178	-255.2408	-345.4585	90.2177	1.961531	2.64641	0.514459	0.485541	0.2192536
11184	-253.2669	-342.5007	89.23377	1.506904	8.1809	0.514459	0.485541	0.2804934
11190	-256.6317	-346.1315	89.49976	1.851613	5.397266	0.596133	0.403867	0.2791408
11196	-256.6083	-346.0266	89.41823	1.457471	8.198164	0.739419	0.260581	0.5202084
11202	-258.2812	-347.771	89.48985	1.434574	7.764483	0.750586	0.249414	0.643405
11208	-253.4032	-343.3486	89.9454	1.347193	5.998318	0.403432	0.596568	0.6722302
11214	-262.643	-353.485	90.84201	1.464043	2.946975	0.490137	0.509863	0.4793819
11220	-259.1583	-350.0884	90.93014	1.433911	2.816757	0.372182	0.627818	0.5030096
11226	-262.5281	-352.8893	90.36127	1.433911	4.301569	0.447127	0.552873	0.4223441
11232	-277.1899	-366.5907	89.40082	1.452046	7.992194	0.387251	0.612749	0.6979878
11238	-260.995	-351.1562	90.16114	1.14953	5.386068	0.251902	0.748098	0.8684847
11244	-260.8303	-351.7451	90.91482	0.4336105	2.740638	0.304959	0.695041	1.609578
11250	-263.1173	-353.5035	90.38621	0.9129282	2.740638	0.343627	0.656373	1.645155
11256	-255.8949	-346.5372	90.64225	0.8738526	3.718933	0.44883	0.55117	1.168852
11262	-260.0986	-350.4345	90.33587	1.05121	4.793073	0.322855	0.677145	0.9649773
11268	-261.2524	-352.0939	90.84148	0.8909117	4.034724	0.449172	0.550828	0.8424035
11274	-270.8192	-361.9936	91.17448	0.9675633	2.33921	0.497285	0.502715	1.136215
11280	-264.6385	-354.2409	89.60245	1.422891	7.158948	0.682672	0.317328	0.6859511
11286	-266.3942	-357.2019	90.80768	0.6456384	4.929259	0.358406	0.641594	0.8472659
11292	-267.7477	-358.1873	90.43967	1.512756	3.857656	0.474582	0.525418	0.5423397
11298	-271.5082	-360.9843	89.47609	1.460091	7.806332	0.463076	0.536924	0.4189662
11304	-267.9785	-357.3052	89.32672	1.567357	8.026028	0.42267	0.57733	0.4189662
11310	-254.9691	-344.702	89.73288	1.373877	6.987429	0.463746	0.536254	0.5755992
11316	-253.8388	-343.9257	90.08683	1.451954	5.223163	0.360368	0.639632	0.5109357
11322	-259.5875	-349.6651	90.07752	1.450753	5.152174	0.640095	0.359905	0.6328058
11328	-256.3611	-346.1812	89.82009	1.369201	6.604517	0.673033	0.326967	0.5786758
11334	-255.3474	-344.3481	89.00075	1.311711	11.24101	0.36817	0.63183	0.7109324
11340	-261.752	-352.6145	90.86253	1.05021	3.720876	0.251381	0.748619	0.7449732
11346	-263.1694	-352.4288	89.25941	1.974095	6.085198	0.446365	0.553635	0.3196295
11352	-259.571	-350.0505	90.47943	1.030269	4.866302	0.806044	0.193956	0.7982785
11358	-255.5246	-346.6017	91.07718	0.7793024	2.777163	0.418755	0.581245	1.200735
11364	-256.5092	-346.8025	90.29331	0.8827184	4.274829	0.431035	0.568965	1.297271
11370	-261.6133	-352.127	90.51367	1.355864	3.578325	0.547942	0.452058	0.8700045
11376	-258.2242	-348.7539	90.52971	1.473708	3.650108	0.483275	0.516725	0.3944932
11382	-263.7056	-353.6859	89.9803	1.847114	4.216346	0.493551	0.506449	0.4376126
11388	-260.95	-350.7721	89.82211	1.398726	6.385888	0.546639	0.453361	0.6304565
11394	-258.552	-349.5583	91.00629	1.104946	2.471873	0.393206	0.606794	1.103283
11400	-263.5644	-353.1997	89.63537	0.936492	8.635066	0.3678	0.6322	0.9143258
11406	-257.1512	-348.2492	91.09803	1.374281	2.541139	0.3678	0.6322	0.6069694
11412	-272.7632	-361.83	89.06682	1.204017	10.77317	0.526816	0.473184	0.8621979
11418	-266.8687	-357.2471	90.37834	1.219889	4.9682	0.529911	0.470089	0.5786252
11424	-274.1649	-364.4741	90.30911	1.215892	4.732257	0.408689	0.591311	0.8288712
11430	-262.7035	-352.779	90.07552	1.479143	5.020649	0.399804	0.600196	0.6551419
11436	-265.2779	-355.5535	90.27561	0.9764256	6.204098	0.795448	0.204552	0.6551419
11442	-264.7488	-353.3353	88.58649	1.527555	13.15644	0.585492	0.414508	0.4244885
11448	-262.0221	-351.8693	89.84717	1.404073	6.379869	0.617481	0.382519	0.495011
11454	-267.928	-358.757	90.82904	0.5557112	3.240553	0.304324	0.695676	1.42326
11460	-271.9268	-361.7239	89.79716	1.450872	6.379869	0.412093	0.587907	0.5414747
11466	-269.2574	-359.2633	90.00583	1.595507	4.98509	0.6759	0.3241	0.4602706
11472	-270.4145	-361.5393	91.12478	0.1915082	3.214947	0.414654	0.585346	1.483268
11478	-268.259	-359.3032	91.0442	0.6007519	2.476452	0.386359	0.613641	1.483268
11484	-276.7004	-366.9509	90.25053	0.9358306	4.220303	0.429182	0.570818	1.30308
11490	-280.2432	-370.8193	90.57607	1.599167	3.241472	0.392608	0.607392	0.5723892
11496	-278.5982	-369.2024	90.60413	1.433932	3.6252	0.377875	0.622125	0.5143826
11502	-274.1819	-364.686	90.50402	1.433576	3.906675	0.491592	0.508408	0.4748177
11508	-267.8592	-358.9836	91.12432	1.272596	2.693997	0.357422	0.642578	0.615049
11514	-271.3513	-362.1674	90.81606	1.041221	2.693997	0.560206	0.439794	1.232361
11520	-272.0186	-362.8436	90.82493	0.6017003	3.662922	0.217864	0.782136	1.261981
11526	-268.2101	-358.6288	90.41868	0.982349	5.153176	0.681619	0.318381	0.8348112
11532	-261.2195	-351.0253	89.80579	1.02836	7.601081	0.386576	0.613424	0.8348112
11538	-261.4538	-352.277	90.82316	0.4194625	2.176313	0.35727	0.64273	1.881558
11544	-263.4852	-354.609	91.1238	0.6750981	2.176313	0.39871	0.60129	1.485115
11550	-267.0534	-357.0141	89.96063	0.5220054	5.319571	0.347026	0.652974	1.595369
11556	-266.0281	-355.6774	89.64927	1.130669	4.505269	0.517421	0.482579	1.54757
11562	-262.4188	-353.2201	90.80131	1.296209	3.453054	0.420102	0.579898	0.5514645
11568	-260.7224	-351.2835	90.56114	1.599338	3.290285	0.486836	0.513164	0.5514645
11574	-256.4736	-346.7567	90.2831	1.379109	4.762824	0.556921	0.443079	0.5574584
11580	-255.2598	-346.0053	90.74548	1.091044	4.16175	0.640828	0.359172	0.5982325
11586	-263.0443	-351.9418	88.89747	1.620633	10.21253	0.463377	0.536623	0.5982325
11592	-256.6821	-347.1952	90.51307	1.061997	4.746908	0.544235	0.455765	0.7550545
11598	-253.5546	-344.1929	90.63836	0.926771	4.120424	0.576895	0.423105	0.9951452
11604	-266.8925	-357.7035	90.81107	0.6684708	2.552615	0.250502	0.749498	1.578428
11610	-258.3681	-349.2253	90.85726	0.955996	3.040001	0.375601	0.624399	1.13844
11616	-264.385	-354.7535	90.36848	1.134902	3.852953	0.540625	0.459375	1.13844
11622	-257.3536	-348.5268	91.17314	1.176577	2.733204	0.470754	0.529246	0.6793
11628	-260.0068	-349.7085	89.70166	1.10805	6.753412	0.684327	0.315673	1.049861
11634	-265.9917	-356.9827	90.99097	1.108556	3.205824	0.402705	0.597295	0.7574789
11640	-267.7595	-358.3724	90.61285	1.034258	4.780733	0.573964	0.426036	0.5948929
11646	-264.7394	-356.1437	91.4043	0.9542158	2.422374	0.451049	0.548951	0.8775784
11652	-261.1547	-352.1574	91.0027	0.9542158	2.984389	0.417834	0.582166	1.026762
11658	-267.4374	-356.5797	89.14235	0.9526712	5.302718	0.476372	0.523628	1.871155
11664	-256.6996	-347.8049	91.10525	0.8868426	2.674379	0.296625	0.703375	1.12308
11670	-252.8328	-343.0679	90.23503	0.9709471	5.327299	0.437725	0.562275	0.9982333
11676	-252.9991	-342.9992	90.00011	0.7882663	7.099558	0.421551	0.578449	0.9982333
11682	-254.9253	-344.3333	89.40799	1.299166	7.099558	0.302903	0.697097	1.076657
11688	-256.4531	-345.9548	89.50171	1.153795	7.352946	0.609115	0.390885	1.075959
11694	-252.6873	-343.2731	90.58584	1.691067	2.92043	0.365085	0.634915	0.3694346
11700	-249.6805	-339.8807	90.20012	1.610888	4.258455	0.353639	0.646361	0.4283167
11706	-248.7982	-338.8522	90.05402	1.525103	4.953346	0.385456	0.614544	0.3798953
11712	-253.7812	-343.5723	89.7911	0.7573349	4.941822	0.39551	0.60449	1.622909
11718	-250.532	-340.4107	89.87868	1.044982	6.463491	0.668564	0.331436	1.001703
11724	-256.3717	-345.812	89.44027	1.094111	8.380155	0.703204	0.296796	1.001703
11730	-260.7779	-351.4102	90.63226	1.518413	3.327429	0.408317	0.591683	0.4905663
11736	-257.6848	-348.7055	91.02065	1.091047	3.327429	0.396293	0.603707	0.6532651
11742	-263.6008	-353.65	90.04928	0.9585834	5.400105	0.485459	0.514541	1.164821
11748	-260.9945	-351.8668	90.87235	0.8762224	3.632004	0.529865	0.470135	0.9803696
11754	-259.2725	-349.8843	90.61184	0.747003	4.916681	0.504912	0.495088	0.9573883
11760	-263.9817	-354.3251	90.34343	1.254869	4.428513	0.435636	0.564364	0.8514427
11766	-262.0681	-352.5194	90.45129	1.252395	4.39694	0.499346	0.500654	0.7193922
11772	-261.0738	-351.451	90.37727	1.286327	4.595298	0.745157	0.254843	0.6834641
11778	-259.685	-350.2956	90.6106	1.357397	3.767683	0.5548	0.4452	0.6048355
11784	-262.0639	-351.7824	89.71846	1.03179	8.636763	0.535877	0.464123	0.6681136
11790	-256.6549	-346.8877	90.23285	0.9957861	5.621064	0.516796	0.483204	0.8929123
11796	-256.929	-346.9847	90.0557	1.442625	5.026595	0.436583	0.563417	0.7502864
11802	-257.0396	-347.2473	90.2077	1.364981	5.026595	0.363448	0.636552	0.6078152
11808	-254.0552	-344.1706	90.11539	1.100817	5.051761	0.417666	0.582334	1.061176
11814	-250.3049	-340.65	90.34504	1.248541	4.984813	0.664395	0.335605	0.5785071
11820	-248.1471	-338.3378	90.19072	1.435712	4.796371	0.548073	0.451927	0.6377199
11826	-264.918	-354.1238	89.20573	1.659214	7.802611	0.46169	0.53831	0.3196244
11832	-262.3157	-351.64	89.32426	1.797199	5.818253	0.443464	0.556536	0.2189687
11838	-263.4395	-352.434	88.99457	1.733036	7.56213	0.47343	0.52657	0.2160058
11844	-256.2403	-345.8614	89.62111	1.259723	8.168742	0.65605	0.34395	0.4763721
11850	-257.3901	-346.9814	89.59134	1.034357	7.923782	0.470666	0.529334	0.995745
11856	-257.8278	-348.1441	90.31623	0.8093334	5.942527	0.453958	0.546042	0.918659
11862	-254.0156	-343.9584	89.94284	0.9131622	7.866559	0.42713	0.57287	0.7327283
11868	-263.1887	-353.8795	90.69073	0.9374741	4.88363	0.626656	0.373344	0.4505599
11874	-261.6374	-352.2263	90.58885	0.6173827	5.052849	0.626656	0.373344	1.070288
11880	-262.0632	-352.7356	90.67242	0.8528222	3.139665	0.435076	0.564924	1.345214
11886	-256.5312	-347.2815	90.75027	0.9162655	4.226682	0.64239	0.35761	0.8459503
11892	-262.5071	-353.0967	90.58961	1.04235	4.306683	0.378569	0.621431	0.8568842
11898	-257.607	-348.0921	90.48513	1.285561	4.306683	0.578059	0.421941	0.6471778
11904	-261.8988	-352.7945	90.89566	0.6203655	2.534503	0.453584	0.546416	1.558097
11910	-261.4116	-351.5644	90.1528	0.8455701	3.37667	0.295052	0.704948	1.669516
11916	-266.0186	-357.3545	91.33591	0.6822171	2.412924	0.594396	0.405604	1.211306
11922	-260.5278	-351.3613	90.83353	0.8715492	3.827477	0.407516	0.592484	0.9532623
11928	-268.2395	-358.1569	89.91747	1.127503	7.18808	0.702283	0.297717	0.6327043
11934	-260.8325	-351.3463	90.51378	0.8921205	2.956238	0.517732	0.482268	1.496731
11940	-263.4467	-353.9821	90.53538	0.8505196	2.956238	0.49988	0.50012	1.511717
11946	-266.8542	-356.7834	89.92912	0.8465752	4.907889	0.671787	0.328213	1.461833
11952	-270.9136	-361.5398	90.62624	1.112401	3.166764	0.312116	0.687884	1.158101
11958	-271.8909	-362.3866	90.49568	1.12703	4.34556	0.54409	0.45591	0.8532398
11964	-266.7001	-355.8565	89.1564	1.678771	8.381566	0.341053	0.658947	0.441225
11970	-263.9831	-353.8275	89.84441	1.655796	5.130312	0.35655	0.64345	0.3416479
11976	-268.3528	-358.5655	90.21277	1.944258	3.020763	0.430782	0.569218	0.7842941
11982	-261.3189	-351.9111	90.59214	0.6058864	4.004836	0.456343	0.543657	1.350629
11988	-255.1968	-345.8762	90.67943	0.9440896	3.584009	0.456343	0.543657	1.116847
11994	-268.6171	-357.6107	88.99365	1.023059	10.79755	0.468462	0.531538	1.116847
12000	-281.1654	-371.7181	90.55263	1.135872	3.739657	0.237293	0.762707	1.001893
12006	-275.8645	-366.0073	90.14282	0.8474762	2.503612	0.347559	0.652441	1.937462
12012	-276.244	-366.8143	90.57036	1.359095	2.653304	0.4131	0.5869	1.187003
12018	-271.7647	-362.6453	90.8805	0.7988462	2.653304	0.291559	0.708441	1.39155
12024	-258.7315	-348.6419	89.91037	1.042394	6.890018	0.578528	0.421472	0.8689506
12030	-255.7691	-346.1702	90.40103	1.091348	5.268578	0.695335	0.304665	0.6428537
12036	-262.6973	-352.9377	90.24041	1.219799	5.521111	0.433811	0.566189	0.4966641
12042	-258.1901	-347.732	89.54184	1.395432	7.785964	0.280891	0.719109	0.4119363
12048	-264.5734	-354.5314	89.95801	0.9670336	7.785964	0.463817	0.536183	0.6322893
12054	-260.58	-350.2988	89.71878	1.333772	7.140976	0.560911	0.439089	0.6379453
12060	-260.4692	-350.3309	89.86173	0.8899781	7.23291	0.474084	0.525916	1.007107
12066	-259.6298	-349.8702	90.24039	0.8336777	5.969891	0.494548	0.505452	0.9664352
12072	-260.5206	-350.6727	90.15206	1.392932	5.197189	0.647128	0.352872	0.5233958
12078	-267.8147	-358.1187	90.30402	1.567317	4.05143	0.646143	0.353857	0.4095883
12084	-267.621	-359.1231	91.50214	0.9357646	1.915414	0.246086	0.753914	1.082957
12090	-264.7132	-355.2605	90.5472	1.264583	4.134791	0.527293	0.472707	0.6764348
12096	-268.8814	-359.843	90.96158	1.027522	3.608932	0.408391	0.591609	0.6852072
12102	-273.4107	-362.6833	89.27267	1.89371	6.679638	0.674453	0.325547	0.4122824
12108	-270.5721	-360.2445	89.67237	1.674083	5.975267	0.538241	0.461759	0.4906
12114	-265.3929	-355.7563	90.36346	1.094863	4.586017	0.559866	0.440134	0.9545099
12120	-264.6065	-355.0509	90.44434	1.621843	3.522678	0.53583	0.46417	0.4322453
12126	-264.0675	-354.617	90.54949	1.505499	3.522678	0.53583	0.46417	0.6104097
12132	-259.2722	-349.69	90.41782	1.590982	3.697152	0.488045	0.511955	0.4585585
12138	-260.1448	-350.4121	90.26726	1.3849	4.805972	0.439769	0.560231	0.4585585
12144	-269.9594	-358.4998	88.54036	1.673546	12.12185	0.706436	0.293564	0.3623973
12150	-267.3624	-356.6566	89.29416	1.628883	7.913564	0.399485	0.600515	0.5624808
12156	-263.5149	-353.4185	89.90358	1.260375	6.690431	0.545232	0.454768	0.4121751
12162	-282.6376	-373.0159	90.37825	1.057312	5.132199	0.457176	0.542824	0.7976553
12168	-287.4289	-376.5216	89.09271	1.426376	9.271585	0.6719	0.3281	0.8480352
12174	-261.6726	-351.8812	90.20862	1.587853	4.334574	0.510948	0.489052	0.4710733
12180	-264.461	-354.0472	89.58626	1.713352	5.213207	0.691246	0.308754	0.227651
12186	-260.9351	-348.86	87.92486	1.157628	24.11694	0.691246	0.308754	0.469513
12192	-262.211	-350.8176	88.60662	1.523741	12.75467	0.691246	0.308754	0.3616129
12198	-264.349	-354.4339	90.08489	1.120554	6.281148	0.568287	0.431713	0.7088142
12204	-267.4488	-357.9051	90.45629	1.113343	4.517674	0.605177	0.394823	0.8529698
12210	-265.1393	-355.8395	90.70027	1.20365	4.009458	0.598719	0.401281	0.4931587
12216	-264.6989	-355.2921	90.59326	1.362086	3.780525	0.630469	0.369531	0.3918369
12222	-258.2831	-349.5678	91.28475	1.362086	2.190944	0.324331	0.675669	0.6219526
12228	-259.628	-350.7088	91.08078	0.8724836	3.789911	0.485749	0.514251	0.6233765
12234	-253.1024	-344.6993	91.59693	0.7484006	2.201192	0.474076	0.525924	1.01461
12240	-250.7858	-342.4089	91.6231	0.9773194	1.769994	0.243524	0.756476	1.01461
12246	-261.7721	-351.4798	89.70775	0.9931328	8.147693	0.810252	0.189748	0.8687334
12252	-271.2144	-360.0976	88.88319	1.810503	8.539708	0.575986	0.424014	0.2930886
12258	-265.1832	-355.7488	90.56561	1.689967	3.064567	0.400642	0.599358	0.5274388
12264	-260.3452	-350.9141	90.5689	1.659258	3.064567	0.415631	0.584369	0.6299696
12270	-267.5318	-358.8772	91.34535	1.56245	1.698543	0.491105	0.508895	0.6956412
12276	-268.3465	-358.7543	90.40776	1.702597	3.26764	0.521087	0.478913	0.341745
12282	-260.1241	-350.2228	90.0987	0.8363753	6.890809	0.52816	0.47184	0.8892677
12288	-261.2335	-351.6792	90.44574	1.109451	4.544764	0.441885	0.558115	0.8604298
12294	-266.9989	-357.5563	90.55745	1.247762	4.303957	0.799448	0.200552	0.5375677
12300	-268.1551	-357.9116	89.75644	0.9186233	5.890008	0.49368	0.50632	1.338526
12306	-275.032	-365.313	90.28098	1.443117	4.095856	0.494655	0.505345	0.8274215
12312	-276.1149	-364.74	88.62505	2.094338	7.81812	0.734509	0.265491	0.2331352
12318	-265.3919	-356.2265	90.83461	1.517108	2.826793	0.680709	0.319291	0.4398441
12324	-266.582	-358.2483	91.66632	1.010517	1.451856	0.184224	0.815776	1.149615
12330	-276.2399	-365.3734	89.13349	0.9457074	12.24156	0.56137	0.43863	0.8451595
12336	-275.744	-363.7369	87.99288	1.283045	21.07	0.846777	0.153223	0.3596704
12342	-269.5847	-359.96	90.37524	1.541776	3.816145	0.408596	0.591404	0.6813972
12348	-270.4799	-360.4409	89.96099	1.201112	4.873392	0.508009	0.491991	1.156338
12354	-267.1506	-358.9547	91.80415	1.054827	1.789887	0.335914	0.664086	0.6756207
12360	-271.4266	-362.3637	90.93709	1.041997	3.048378	0.193181	0.806819	0.9776148
12366	-268.754	-358.9619	90.2079	0.6481738	4.406907	0.44752	0.55248	1.513549
12372	-267.7301	-358.7816	91.05145	1.211052	2.275897	0.176424	0.823576	1.055942
12378	-261.1007	-351.714	90.61329	0.8787567	4.612328	0.563752	0.436248	0.9096033
12384	-258.7702	-348.8728	90.10262	0.8664598	4.612328	0.335312	0.664688	1.379216
12390	-263.8791	-355.0967	91.2176	1.025792	2.198834	0.474093	0.525907	1.112092
12396	-271.1511	-361.9396	90.78853	1.344958	3.059361	0.540759	0.459241	0.7942686
12402	-258.3505	-348.8751	90.52455	1.001302	3.405525	0.56563	0.43437	1.259192
12408	-259.0943	-350.2403	91.14609	1.142022	2.4601	0.348369	0.651631	0.9350468
12414	-268.2192	-359.4039	91.18468	1.349867	2.144878	0.409092	0.590908	0.8425778
12420	-268.2327	-359.3685	91.13581	1.364619	2.259487	0.388734	0.611266	0.8067455
12426	-262.4727	-353.5653	91.09255	1.342236	2.45586	0.420911	0.579089	0.7574347
12432	-259.9929	-350.3074	90.31451	1.389661	4.626669	0.608995	0.391005	0.5483239
12438	-257.2493	-347.1328	89.88351	1.704061	4.626669	0.346235	0.653765	0.2926059
12444	-260.5422	-349.7127	89.17049	1.681261	7.680802	0.455671	0.544329	0.7915095
12450	-272.9244	-363.0993	90.17495	1.296224	4.162323	0.339558	0.660442	1.072869
12456	-267.8377	-358.2695	90.43183	0.9358428	3.287938	0.339558	0.660442	1.421926
12462	-256.7152	-347.334	90.61878	1.316079	3.813643	0.425747	0.574253	0.6470591
12468	-267.2418	-356.7093	89.46751	1.340745	8.388989	0.502471	0.497529	0.6398194
12474	-262.6811	-352.6027	89.92156	1.117748	7.353226	0.632133	0.367867	0.5296556
12480	-258.1433	-349.2839	91.14059	0.9463385	2.837658	0.564434	0.435566	0.9601633
12486	-259.0146	-349.9234	90.90886	1.034007	3.288901	0.411975	0.588025	0.9121599
12492	-262.344	-352.8475	90.50349	1.29815	4.165824	0.447679	0.552321	0.6764386
12498	-258.8968	-348.8348	89.93792	1.102783	7.109636	0.514338	0.485662	0.6764386
12504	-258.2032	-348.0581	89.85494	1.271202	6.847672	0.610446	0.389554	0.6095351
12510	-264.6631	-355.4685	90.80533	1.427735	3.071717	0.559103	0.440897	0.6095351
12516	-262.8424	-352.1942	89.35179	1.505349	8.284684	0.666742	0.333258	0.5418774
12522	-259.8137	-351.0052	91.19152	1.334153	2.39588	0.218192	0.781808	0.6526351
12528	-257.2044	-347.3423	90.13789	0.5367724	5.178736	0.525663	0.474337	1.481214
12534	-257.8377	-349.3061	91.46836	0.5709711	1.779668	0.467947	0.532053	1.481214
12540	-260.166	-350.4485	90.28254	1.098425	3.584554	0.451748	0.548252	1.322546
12546	-261.4937	-352.9073	91.41356	0.9666764	1.902324	0.535412	0.464588	1.142561
12552	-261.8944	-353.601	91.70658	0.9022224	1.702435	0.259017	0.740983	1.049432
12558	-268.3215	-358.4256	90.10418	0.7987241	6.012383	0.480969	0.519031	1.121118
12564	-258.6859	-348.7823	90.09644	1.618495	4.576842	0.487088	0.512912	0.4372959
12570	-256.5147	-346.9141	90.39939	1.022048	5.445717	0.632695	0.367305	0.6908563
12576	-266.3246	-357.2964	90.97172	0.7148336	3.032465	0.627488	0.372512	1.250199
12582	-266.7776	-357.1231	90.34545	0.4513629	2.824197	0.554388	0.445612	1.966729
12588	-265.9125	-356.8786	90.96601	0.6437042	2.718371	0.414444	0.585556	1.42213
12594	-262.8737	-353.1642	90.29048	0.6967346	5.101062	0.710706	0.289294	1.251214
12600	-263.3814	-353.1977	89.81628	0.7819336	4.898172	0.594969	0.405031	1.595799
12606	-262.4652	-353.2696	90.8044	1.184168	3.077712	0.485242	0.514758	0.9550925
12612	-262.8985	-353.434	90.53546	1.468421	3.7203	0.330707	0.669293	0.5117225
12618	-258.374	-348.6309	90.2569	1.391553	4.808404	0.651021	0.348979	0.4445705
12624	-253.0815	-342.8958	89.81421	1.399184	6.54154	0.689573	0.310427	0.5249261
12630	-253.1879	-343.2992	90.11133	1.285216	5.772034	0.493868	0.506132	0.5015229
12636	-255.2577	-345.3782	90.12045	1.170073	5.772034	0.597291	0.402709	0.7668617
12642	-253.7046	-343.6609	89.95628	1.103059	6.338069	0.492965	0.507035	0.887922
12648	-255.8389	-346.1997	90.36079	0.7744026	4.412119	0.366249	0.633751	1.295335
12654	-267.8322	-358.6454	90.81317	1.208345	3.163566	0.240423	0.759577	0.8800116
12660	-270.4647	-360.5641	90.0994	1.085573	4.809174	0.412435	0.587565	1.152477
12666	-274.9247	-364.2172	89.29258	1.444626	8.599955	0.629192	0.370808	0.7042804
12672	-262.8531	-353.7494	90.89624	1.249319	3.335935	0.544027	0.455973	0.5320957
12678	-269.1644	-359.5305	90.36609	1.138788	4.740392	0.61718	0.38282	0.8508001
12684	-267.1361	-358.0199	90.88378	0.7526443	3.196216	0.351889	0.648111	1.235643
12690	-262.9981	-353.982	90.9839	1.064356	3.580613	0.558556	0.441444	0.5594304
12696	-264.7682	-354.5308	89.76267	1.460081	6.276949	0.543962	0.456038	0.6796101
12702	-268.5682	-358.6612	90.093	1.795056	4.055078	0.502852	0.497148	0.4814998
12708	-269.1359	-359.0968	89.96097	1.836567	4.334668	0.511933	0.488067	0.5182834
12714	-259.7336	-348.8334	89.09984	1.699379	8.5685	0.544731	0.455269	0.4338228
12720	-261.1238	-351.9704	90.8466	1.012791	2.315118	0.493434	0.506566	1.381569
12726	-259.6688	-350.6447	90.97592	0.9757434	3.299143	0.61869	0.38131	0.8978228
12732	-271.6911	-360.359	88.66794	0.6224423	6.356134	0.448043	0.551957	2.230976
12738	-266.8943	-356.9614	90.0671	0.8592008	4.525687	0.37601	0.62399	1.432717
12744	-265.0237	-355.2992	90.2755	0.7351384	4.255454	0.37601	0.62399	1.432717
12750	-259.6558	-350.0698	90.41397	0.8061949	3.640547	0.391734	0.608266	1.432717
12756	-266.5529	-356.6262	90.07333	1.155721	6.457529	0.575742	0.424258	0.5490985
12762	-258.0474	-348.0068	89.95938	1.11013	7.20563	0.562406	0.437594	0.4703696
12768	-260.6882	-350.1635	89.47526	1.58909	7.200416	0.562406	0.437594	0.4391439
12774	-268.3746	-357.6932	89.31868	1.753435	7.200416	0.588929	0.411071	0.4876901
12780	-268.1121	-357.1645	89.05238	1.251385	11.79707	0.678293	0.321707	0.5203356
12786	-268.2513	-357.1827	88.93133	1.543079	10.60062	0.525578	0.474422	0.4717809
12792	-266.9682	-357.0522	90.08392	1.686255	4.272793	0.448179	0.551821	0.6705997
12798	-263.8118	-354.29	90.47822	1.329695	4.272793	0.624802	0.375198	0.5736586
12804	-267.3027	-357.2105	89.90781	1.287847	6.59109	0.638895	0.361105	0.5652622
12810	-268.4869	-358.2861	89.79914	1.288462	6.890675	0.420242	0.579758	0.6756751
12816	-265.0202	-354.647	89.62686	0.953079	7.846982	0.668105	0.331895	1.054827
12822	-260.8038	-350.8719	90.06806	1.065195	6.716439	0.398404	0.601596	0.6602381
12828	-265.2126	-354.9901	89.77748	1.267004	6.716439	0.653848	0.346152	0.8016794
12834	-265.3898	-355.8766	90.48684	0.7930656	3.836009	0.23411	0.76589	1.331412
12840	-263.3786	-352.9328	89.55419	1.264102	7.813473	0.50338	0.49662	0.8016794
12846	-262.6707	-352.1477	89.47697	0.930168	8.436439	0.562106	0.437894	1.112766
12852	-270.9072	-360.5914	89.68418	0.974426	8.535645	0.398411	0.601589	0.8336913
12858	-268.8677	-359.0215	90.15377	1.287066	4.451492	0.718142	0.281858	1.013969
12864	-260.0409	-349.6208	89.57988	0.9289831	8.61079	0.679411	0.320589	0.985435
12870	-253.6945	-343.9156	90.22115	0.9738895	3.843162	0.373401	0.626599	1.396449
12876	-256.8731	-347.0516	90.17847	0.8850569	5.083089	0.502938	0.497062	1.190792
12882	-252.0067	-342.4368	90.43009	0.7010401	4.491086	0.416753	0.583247	1.278734
12888	-255.633	-345.3671	89.73413	1.047026	7.790019	0.656771	0.343229	0.8543168
12894	-265.7569	-355.7423	89.98543	1.496617	5.436689	0.295413	0.704587	0.5085886
12900	-260.6263	-350.4433	89.81703	0.8059382	7.790019	0.645311	0.354689	1.023993
12906	-260.3008	-350.2435	89.94267	1.045433	6.089334	0.196481	0.803519	1.023993
12912	-254.0851	-344.352	90.26692	0.6145976	4.942824	0.410785	0.589215	1.372394
12918	-257.1149	-345.8553	88.7404	1.386013	13.15307	0.608659	0.391341	0.4808641
12924	-256.7012	-346.0438	89.34257	2.01844	5.214563	0.524804	0.475196	0.2565762
12930	-262.5537	-352.3648	89.81109	1.35197	6.755355	0.687542	0.312458	0.4558417
12936	-255.9322	-346.8485	90.91631	1.500261	2.678174	0.435766	0.564234	0.4303958
12942	-261.6719	-352.5449	90.87297	0.955075	3.384635	0.586451	0.413549	0.9937271
12948	-262.5528	-353.552	90.99927	1.064872	2.40837	0.52222	0.47778	1.173662
12954	-270.8227	-361.0567	90.23404	1.720285	3.718257	0.62732	0.37268	0.3574027
12960	-264.1739	-354.6549	90.48106	2.01114	2.379731	0.299832	0.700168	0.3252001
12966	-266.5881	-356.1431	89.55496	1.380487	7.799377	0.492821	0.507179	0.4137768
12972	-267.5459	-357.9696	90.42373	1.424551	3.943494	0.339859	0.660141	0.7243651
12978	-265.0077	-355.7831	90.77539	1.234815	3.426285	0.549635	0.450365	0.7617143
12984	-267.4384	-356.581	89.14258	1.622898	8.40825	0.601877	0.398123	0.3331351
12990	-258.6393	-348.0313	89.39201	1.283476	9.276358	0.517168	0.482832	0.4308105
12996	-256.5593	-346.6267	90.0674	1.142557	6.552553	0.664286	0.335714	0.5336988
13002	-256.6383	-346.6347	89.99645	1.201361	6.591658	0.620058	0.379942	0.5546377
13008	-266.2386	-356.338	90.0994	1.521032	4.928185	0.398845	0.601155	0.487449
13014	-274.9699	-364.9661	89.99616	1.710301	4.109188	0.566305	0.433695	0.2652857
13020	-265.9256	-356.7198	90.79427	0.8227285	2.606447	0.597623	0.402377	1.45665
13026	-269.1966	-359.8523	90.65573	0.7291448	4.312448	0.57391	0.42609	1.108035
13032	-272.8922	-362.572	89.67978	1.17274	6.815904	0.629111	0.370889	0.9946224
13038	-270.5107	-361.1996	90.68894	1.002439	4.180317	0.438751	0.561249	0.8337762
13044	-266.8367	-356.0937	89.25692	0.8840829	8.475249	0.658843	0.341157	1.332369
13050	-280.3198	-369.8209	89.50109	1.31863	6.786477	0.71966	0.28034	1.033291
13056	-268.9554	-359.7264	90.77098	1.310535	3.197216	0.610162	0.389838	0.7879282
13062	-258.2617	-348.9238	90.66211	1.151319	4.280108	0.604531	0.395469	0.532671
13068	-253.5046	-343.7963	90.2917	0.9779216	6.051008	0.549159	0.450841	0.6915329
13074	-260.4312	-349.7908	89.3596	0.808771	5.888757	0.436249	0.563751	1.716339
13080	-258.8222	-349.7347	90.91247	1.045994	2.096373	0.436249	0.563751	1.397023
13086	-254.5618	-345.2338	90.67197	0.6083699	4.277937	0.612026	0.387974	1.209659
13092	-262.1877	-352.3554	90.16766	1.104194	4.538733	0.469434	0.530566	1.146556
13098	-264.307	-354.0198	89.71273	0.9908643	6.757225	0.498923	0.501077	1.146556
13104	-259.8489	-350.0316	90.18269	0.6273489	3.112963	0.5599	0.4401	1.874087
13110	-266.1913	-356.9716	90.78026	0.5945159	3.213055	0.350213	0.649787	1.439394
13116	-260.645	-351.5733	90.92836	0.5489502	3.327496	0.399178	0.600822	1.323454
13122	-256.2728	-347.0917	90.81895	0.6342954	3.38953	0.485136	0.514864	1.323454
13128	-260.072	-350.5867	90.51468	0.9878933	3.38953	0.580439	0.419561	1.283437
13134	-258.2315	-348.4588	90.2273	0.951975	4.632576	0.419099	0.580901	1.202563
13140	-265.4745	-355.5098	90.0353	1.670656	4.513104	0.539501	0.460499	0.3761814
13146	-265.0897	-355.3109	90.22116	1.528212	4.471826	0.416239	0.583761	0.557354
13152	-252.1047	-342.9046	90.79986	0.79591	3.637997	0.505649	0.494351	1.124066
13158	-252.1758	-342.4473	90.27157	1.438782	4.594849	0.51417	0.48583	0.5648377
13164	-257.1635	-347.5756	90.41209	1.239731	4.594849	0.701108	0.298892	0.7047662
13170	-271.6067	-362.0733	90.46655	0.6549837	4.492452	0.380174	0.619826	1.286254
13176	-266.9328	-358.1729	91.24004	0.7459381	2.300918	0.464065	0.535935	1.286254
13182	-271.398	-362.8465	91.44852	0.8566631	2.500571	0.464065	0.535935	0.8941189
13188	-265.8496	-356.824	90.97439	1.009056	2.500571	0.414313	0.585687	1.203612
13194	-263.7267	-354.034	90.30733	1.918791	2.518326	0.383105	0.616895	0.2137251
13200	-271.4578	-359.9246	88.46686	1.963344	7.996313	0.594902	0.405098	0.1543119
13206	-272.9509	-361.5937	88.64272	2.376558	5.121199	0.585143	0.414857	0.1410577
13212	-265.6828	-357.2562	91.57339	1.351062	1.754673	0.375889	0.624111	0.4413773
13218	-262.7177	-353.3629	90.64526	1.376042	3.651879	0.493403	0.506597	0.4413773
13224	-265.0969	-354.2052	89.10827	1.921279	6.794753	0.53674	0.46326	0.2870478
13230	-263.6439	-354.2679	90.62399	1.574125	3.136958	0.424977	0.575023	0.3891055
13236	-265.6574	-356.2641	90.60671	1.32847	3.868569	0.377683	0.622317	0.4137242
13242	-257.0872	-347.4246	90.33737	1.142437	5.325824	0.532887	0.467113	0.636568
13248	-263.9246	-355.0756	91.15107	1.079173	2.991788	0.276112	0.723888	0.6892107
13254	-258.6211	-348.9376	90.31644	1.132435	5.245857	0.516718	0.483282	0.7338634
13260	-259.056	-350.1855	91.12955	0.6656281	3.975384	0.573703	0.426297	0.7869227
13266	-256.4358	-347.0537	90.61794	0.9610522	4.604589	0.415594	0.584406	0.8081763
13272	-254.554	-344.486	89.93199	1.559903	5.190577	0.503292	0.496708	0.3508338
13278	-257.1242	-346.9916	89.86746	1.559903	5.635711	0.528755	0.471245	0.5429592
13284	-255.9953	-346.1016	90.10634	1.360879	5.278092	0.366657	0.633343	0.6883254
13290	-256.7911	-346.587	89.79582	1.274828	6.986442	0.693745	0.306255	0.6687938
13296	-258.7124	-348.7245	90.0121	1.403917	5.617292	0.459747	0.540253	0.4075805
13302	-260.8806	-351.7118	90.83123	1.129834	2.551338	0.299417	0.700583	1.201576
13308	-254.8961	-346.2665	91.37041	0.7945433	1.841462	0.23722	0.76278	1.353855
13314	-260.0213	-351.3303	91.30906	0.6287605	2.154684	0.263822	0.736178	1.387691
13320	-251.5351	-342.6238	91.08873	0.7686718	2.303986	0.342099	0.657901	1.387691
13326	-255.9508	-345.9518	90.00101	0.7865653	5.518978	0.601935	0.398065	1.323206
13332	-262.6979	-352.81	90.1121	0.7984269	6.168566	0.406428	0.593572	1.080021
13338	-259.4015	-350.6392	91.23775	0.6043081	3.125042	0.430887	0.569113	1.080021
13344	-264.4983	-351.6421	87.14384	1.359029	32.8678	0.774171	0.225829	0.5872534
13350	-274.9791	-365.0777	90.09859	0.9995648	5.720806	0.45915	0.54085	1.004345
13356	-271.7888	-361.3037	89.51498	1.068292	8.989221	0.283928	0.716072	0.8280098
13362	-271.1598	-360.419	89.25915	1.221469	7.848141	0.43064	0.56936	1.145689
13368	-272.4153	-361.9475	89.53224	0.7870297	6.44907	0.479204	0.520796	1.511109
13374	-274.7168	-364.4715	89.75467	1.142407	4.672745	0.221957	0.778043	1.421214
13380	-281.9304	-371.7286	89.79827	1.121399	4.926918	0.541642	0.458358	1.345782
13386	-270.4179	-360.3298	89.91191	0.9809989	5.489393	0.427408	0.572592	1.243182
13392	-274.9352	-364.8239	89.88871	1.004196	5.489393	0.287186	0.712814	1.243182
13398	-276.73	-366.6769	89.94684	1.105861	5.786943	0.225697	0.774303	1.032761
13404	-272.9949	-361.7812	88.78625	2.120777	6.842097	0.662126	0.337874	0.2279802
13410	-273.2991	-364.1061	90.80703	1.346254	2.804856	0.305959	0.694041	0.9043779
13416	-277.9887	-367.4014	89.41269	1.585309	7.508361	0.650076	0.349924	0.4274837
13422	-267.3641	-357.3928	90.02864	1.99445	3.062136	0.628467	0.371533	0.2306689
13428	-269.4136	-359.1967	89.78308	1.937858	4.153266	0.288806	0.711194	0.2828171
13434	-259.4387	-349.1713	89.73264	1.724756	5.027328	0.599457	0.400543	0.2828171
13440	-258.8319	-348.6476	89.81566	1.786636	4.9658	0.440061	0.559939	0.4400696
13446	-264.952	-354.7595	89.80746	1.173736	7.149792	0.277245	0.722755	0.7606845
13452	-265.3377	-356.1968	90.85915	1.35197	3.013601	0.447375	0.552625	0.7066009
13458	-260.3264	-350.8033	90.47696	1.146471	4.686485	0.382501	0.617499	0.7066009
13464	-268.0444	-357.7195	89.6751	0.7575238	4.96413	0.408752	0.591248	1.701225
13470	-268.161	-358.3707	90.20976	0.7250529	3.583009	0.41381	0.58619	1.659339
13476	-270.5204	-361.3784	90.85795	1.101716	2.757526	0.410151	0.589849	1.117809
13482	-263.6652	-354.7348	91.0696	1.44399	2.480795	0.33397	0.66603	0.567455
13488	-260.8287	-351.3361	90.50737	1.242434	3.808525	0.33397	0.66603	0.9121856
13494	-266.8824	-357.9809	91.09849	1.00616	2.752616	0.33397	0.66603	0.9813207
13500	-262.1473	-352.3408	90.19348	0.8469046	4.979075	0.597878	0.402122	1.235171
13506	-255.1336	-345.3986	90.26503	1.275826	4.784423	0.389427	0.610573	0.7881149
13512	-256.7628	-346.9752	90.21245	1.232038	4.831891	0.365632	0.634368	0.8904907
13518	-253.4723	-344.7781	91.30582	1.187537	2.286763	0.311335	0.688665	0.7969334
13524	-257.1199	-347.529	90.40913	1.183585	3.881399	0.539045	0.460955	1.046972
13530	-261.9086	-352.8004	90.89185	0.9347644	2.785038	0.27685	0.72315	1.22313
13536	-268.7854	-360.0607	91.27529	1.029384	2.46519	0.402362	0.597638	0.9142497
13542	-268.458	-359.2976	90.83966	1.254759	2.346221	0.375139	0.624861	1.174993
13548	-265.5785	-357.2413	91.66273	0.8655423	1.406206	0.293744	0.706256	1.304487
13554	-268.1127	-358.4948	90.3821	0.6257908	4.786633	0.67966	0.32034	1.307324
13560	-269.1294	-360.0403	90.91088	1.243852	2.883763	0.296708	0.703292	0.8623797
13566	-267.6814	-356.759	89.07764	1.430498	10.32051	0.765318	0.234682	0.4312481
13572	-265.4061	-354.1007	88.69465	1.359664	13.64422	0.706552	0.293448	0.5829503
13578	-260.1772	-348.4266	88.24939	1.990595	9.905774	0.784124	0.215876	0.1913155
13584	-261.8459	-349.4863	87.64044	1.990595	17.0899	0.73326	0.26674	0.3495426
13590	-258.2628	-347.8506	89.58782	1.402814	7.320399	0.784962	0.215038	0.3495426
13596	-262.03	-351.079	89.04901	1.557885	9.401134	0.429112	0.570888	0.3480911
13602	-263.5548	-350.1802	86.62544	1.639043	35.62211	0.809219	0.190781	0.3080071
13608	-253.1514	-342.9865	89.83507	2.124434	2.695886	0.549413	0.450587	0.1599749
13614	-259.6413	-348.1934	88.55211	2.348669	6.217907	0.494969	0.505031	0.178211
13620	-265.672	-353.7764	88.10437	2.178418	9.084562	0.7548	0.2452	0.1657258
13626	-259.9009	-347.9648	88.06387	1.66443	16.6906	0.542282	0.457718	0.4913896
13632	-263.0159	-352.6144	89.59852	1.206879	8.510433	0.523959	0.476041	0.5880027
13638	-267.1355	-356.2404	89.10487	1.082808	11.44642	0.775367	0.224633	0.8453725
13644	-271.0381	-361.0721	90.03399	1.346434	5.789511	0.448898	0.551102	0.4271385
13650	-278.021	-368.5847	90.56379	0.9709924	5.122136	0.349412	0.650588	0.6368841
13656	-272.7669	-362.5784	89.81151	1.41983	6.36718	0.323504	0.676496	0.614681
13662	-265.3984	-354.8899	89.49155	1.601103	6.918627	0.593794	0.406206	0.3727642
13668	-263.4402	-352.7996	89.35939	1.276258	9.580695	0.528093	0.471907	0.5015647
13674	-261.1206	-351.0916	89.971	1.061896	7.192266	0.480914	0.519086	0.6576088
13680	-257.5165	-347.8309	90.31436	1.229572	5.14818	0.61909	0.38091	0.5932664
13686	-269.4048	-358.7098	89.30504	1.19948	10.33771	0.704401	0.295599	0.5793598
13692	-271.9423	-362.2761	90.33375	1.207316	4.062176	0.316731	0.683269	1.037776
13698	-273.9647	-365.0941	91.12933	0.7253123	3.47725	0.436208	0.563792	0.9292004
