Iteration	Posterior	Likelihood	Prior	rate_log_sd	rate_loss	root_freqs[1]	root_freqs[2]	tree_length
0	-264.253	-354.4782	90.22518	1.632639	3.948368	0.4522	0.5478	0.3387435
6	-271.4546	-361.3515	89.89685	1.559163	5.453279	0.352174	0.647826	0.6118876
12	-277.4871	-366.0911	88.60398	1.534886	12.09191	0.400112	0.599888	0.7942656
18	-260.2699	-351.4288	91.15886	1.510948	2.194799	0.51352	0.48648	0.4832963
24	-270.0909	-359.3806	89.28971	1.483761	8.767552	0.466512	0.533488	0.5010158
30	-277.5002	-368.5121	91.0119	1.32466	2.847029	0.372052	0.627948	0.4208247
36	-261.3965	-351.7254	90.32897	1.621631	3.865907	0.333681	0.666319	0.5351785
42	-260.2871	-350.7915	90.50441	1.714025	3.13576	0.186633	0.813367	0.4354065
48	-266.0589	-356.2752	90.2163	1.468328	4.600986	0.612506	0.387494	0.3845669
54	-259.3045	-348.9335	89.62899	1.824198	4.915005	0.631209	0.368791	0.2614293
60	-263.9603	-354.0781	90.11774	1.131227	5.417617	0.52219	0.47781	0.9286982
66	-269.3707	-359.3464	89.9757	1.431121	5.717965	0.55449	0.44551	0.4607154
72	-261.1057	-351.6157	90.51002	1.132774	4.466307	0.55449	0.44551	0.7787195
78	-261.7635	-351.7721	90.00857	1.156587	6.716387	0.467555	0.532445	0.5763412
84	-266.901	-357.1229	90.22197	1.116901	5.74861	0.582383	0.417617	0.7000025
90	-263.4218	-353.5036	90.08171	1.377968	5.465464	0.592667	0.407333	0.4183346
96	-266.3529	-357.7931	91.44021	1.41471	1.7444	0.326024	0.673976	0.7333485
102	-266.2022	-356.4409	90.23868	0.9393974	6.242835	0.781619	0.218381	0.7652862
108	-255.8096	-345.6126	89.80308	1.110181	7.449214	0.659577	0.340423	0.7700928
114	-252.7676	-343.817	91.04935	0.7696269	2.771774	0.558155	0.441845	1.23462
120	-255.6666	-345.589	89.9224	1.043752	4.799822	0.498662	0.501338	1.337799
126	-253.1084	-342.6731	89.56473	0.7728564	6.427573	0.439047	0.560953	1.501059
132	-252.0397	-342.6253	90.58558	0.8817029	4.19467	0.65847	0.34153	1.066659
138	-260.4569	-351.4622	91.00528	1.022853	3.327017	0.318028	0.681972	0.7904182
144	-264.1072	-355.5007	91.39342	1.300257	2.150393	0.414166	0.585834	0.5239459
150	-263.7747	-353.6982	89.92353	1.602401	5.267571	0.663117	0.336883	0.5239459
156	-264.2235	-355.2612	91.03771	1.400601	2.626659	0.616419	0.383581	0.4233203
162	-264.6274	-354.4056	89.77815	1.333679	6.950873	0.593807	0.406193	0.4233203
168	-266.8961	-356.5162	89.62007	1.161946	8.584587	0.593807	0.406193	0.6175018
174	-261.8548	-351.9804	90.12553	1.585742	4.581646	0.607694	0.392306	0.5771147
180	-260.3871	-350.5187	90.1316	1.415248	4.688841	0.4005	0.5995	0.8173328
186	-260.4587	-351.3948	90.93606	1.417483	2.780124	0.516988	0.483012	0.6253364
192	-266.0445	-356.1822	90.13769	1.383108	5.150601	0.516988	0.483012	0.6507175
198	-281.4806	-370.6649	89.18435	1.258595	10.61787	0.709885	0.290115	0.6339429
204	-269.1769	-359.6891	90.51224	0.938406	3.161618	0.378446	0.621554	1.396874
210	-266.0415	-357.128	91.08651	0.7223349	3.085776	0.454755	0.545245	1.125252
216	-260.8693	-351.6319	90.76256	1.212615	3.801252	0.483753	0.516247	0.5126573
222	-257.6678	-348.6046	90.93683	0.7929405	3.456272	0.445573	0.554427	1.062748
228	-261.8472	-352.6803	90.83316	1.253483	3.491337	0.522941	0.477059	0.5267769
234	-267.0115	-358.0823	91.0708	1.0202	3.168957	0.356576	0.643424	0.7906091
240	-266.5222	-357.1184	90.59621	0.9000987	3.072354	0.292803	0.707197	1.389942
246	-263.2095	-353.0342	89.82467	1.164723	5.000818	0.530625	0.469375	1.272498
252	-272.2393	-362.8228	90.5835	0.8775562	5.000818	0.724682	0.275318	0.8121302
258	-271.6961	-362.7322	91.03611	0.7770269	2.274354	0.3017	0.6983	1.434071
264	-258.5228	-348.1412	89.6184	0.8727201	5.204738	0.493566	0.506434	1.611644
270	-259.6804	-350.0901	90.40966	1.200266	4.838212	0.533321	0.466679	0.6476381
276	-259.1871	-349.872	90.68487	1.022693	4.312273	0.38148	0.61852	0.7547125
282	-263.2903	-353.0547	89.76447	0.9781815	5.263482	0.546169	0.453831	1.411727
288	-261.8581	-352.2091	90.35097	1.217519	4.756389	0.404962	0.595038	0.7606425
294	-267.6421	-358.8921	91.25002	0.8755332	2.374472	0.222997	0.777003	1.13472
300	-267.7347	-358.1996	90.46494	0.8869615	4.323193	0.385041	0.614959	1.13472
306	-267.2693	-358.9801	91.71081	1.166247	1.618652	0.264203	0.735797	0.8209799
312	-259.3718	-350.3897	91.01788	1.072331	3.188124	0.352021	0.647979	0.7809977
318	-263.378	-354.2969	90.91889	1.074116	3.188124	0.647156	0.352844	0.9011523
324	-267.0473	-358.3028	91.25553	0.7727987	3.305931	0.318223	0.681777	0.8012621
330	-265.4885	-355.7687	90.28026	1.160848	4.152679	0.510951	0.489049	1.103593
336	-265.6728	-355.6646	89.99175	1.220757	6.116826	0.312827	0.687173	0.7583723
342	-269.3415	-359.8226	90.48116	1.292376	4.412632	0.279772	0.720228	0.4888141
348	-273.6655	-363.8874	90.22197	1.025002	5.183421	0.447	0.553	0.9959698
354	-267.5205	-357.9076	90.38711	1.068863	5.183421	0.431642	0.568358	0.7489442
360	-270.4228	-360.3136	89.89074	1.191534	6.472701	0.682827	0.317173	0.8232555
366	-270.6006	-360.3752	89.77463	1.454446	6.472701	0.44589	0.55411	0.5233761
372	-269.7104	-358.4	88.68953	1.305803	11.32845	0.622628	0.377372	1.065663
378	-269.4819	-359.3057	89.82377	1.682144	5.25339	0.577063	0.422937	0.6201511
384	-279.2056	-370.4308	91.22521	1.385462	2.221201	0.670817	0.329183	0.6661317
390	-273.1765	-363.3422	90.16574	1.707228	4.102342	0.169075	0.830925	0.507902
396	-271.5569	-361.9502	90.39323	1.067481	4.110224	0.169075	0.830925	1.09839
402	-266.5244	-356.9611	90.43672	1.023991	4.110224	0.425418	0.574582	1.09839
408	-273.2107	-361.9978	88.78709	1.325698	9.812265	0.359201	0.640799	1.166124
414	-270.5656	-361.2722	90.70661	0.9217607	4.292477	0.535053	0.464947	0.8665322
420	-254.2162	-343.6106	89.39441	1.207045	9.747862	0.655825	0.344175	0.5619246
426	-259.9104	-348.5137	88.60325	1.769071	9.399054	0.324957	0.675043	0.2079374
432	-255.8006	-344.801	89.0004	1.600214	9.399054	0.658914	0.341086	0.3407649
438	-260.6093	-350.4951	89.88576	1.684876	4.876145	0.445667	0.554333	0.3407649
444	-261.8247	-351.5828	89.75809	1.738808	5.139368	0.61083	0.38917	0.3407649
450	-266.5869	-356.9694	90.38252	1.641578	3.036047	0.545872	0.454128	0.2264891
456	-264.5806	-354.1205	89.53989	1.531851	6.764384	0.434837	0.565163	0.3137669
462	-254.4098	-344.809	90.39916	1.081777	5.377049	0.582359	0.417641	0.5977539
468	-258.2435	-348.6475	90.40396	0.94613	5.377049	0.594505	0.405495	0.8231656
474	-256.0541	-347.3018	91.24771	0.9622505	2.907991	0.40214	0.59786	0.7779649
480	-256.1775	-346.1278	89.95029	0.8860812	6.534545	0.309316	0.690684	1.070572
486	-263.5869	-353.1166	89.52979	1.573279	6.962226	0.459426	0.540574	0.6052111
492	-259.6478	-348.6367	88.98887	1.852028	8.206201	0.588066	0.411934	0.3805206
498	-258.9393	-347.8148	88.87549	1.683776	8.206201	0.604527	0.395473	0.2001839
504	-256.5752	-346.4999	89.92468	1.726709	4.45178	0.400607	0.599393	0.3004139
510	-263.2194	-351.634	88.4146	1.723479	11.72693	0.557455	0.442545	0.25881
516	-272.3823	-360.5399	88.15768	2.04693	11.133	0.624209	0.375791	0.2499591
522	-257.5484	-347.2151	89.66668	1.599994	5.957631	0.541777	0.458223	0.3218353
528	-260.1103	-349.7098	89.59954	1.511307	7.016657	0.525256	0.474744	0.5070969
534	-270.538	-361.5714	91.03335	0.6816435	3.286831	0.564603	0.435397	1.136415
540	-264.398	-354.8638	90.46585	1.154319	4.786588	0.564603	0.435397	0.6576935
546	-266.1387	-356.5168	90.37811	1.111688	5.10254	0.704805	0.295195	0.7309545
552	-269.3159	-359.5186	90.20271	1.183813	5.703092	0.473127	0.526873	0.6260965
558	-267.8186	-358.6833	90.86471	1.230562	3.400424	0.370777	0.629223	0.6260965
564	-262.5891	-353.2238	90.63469	0.8917711	3.610361	0.273478	0.726522	1.193895
570	-263.3777	-354.9822	91.60448	0.7832953	1.736721	0.273478	0.726522	1.226639
576	-269.851	-360.3393	90.48831	0.8297117	4.099987	0.417941	0.582059	1.226639
582	-265.6599	-356.7803	91.12042	1.244363	2.733893	0.451073	0.548927	0.6481191
588	-270.1985	-360.4588	90.26026	1.396752	4.66942	0.305017	0.694983	0.3733168
594	-263.9174	-353.4433	89.52592	1.68668	6.082498	0.431535	0.568465	0.301939
600	-264.9521	-354.2275	89.27538	1.912084	6.188585	0.541673	0.458327	0.301939
606	-267.0537	-356.7221	89.6684	1.845331	4.923828	0.599922	0.400078	0.301939
612	-259.1874	-348.6376	89.45016	1.931727	5.297661	0.34639	0.65361	0.2817511
618	-255.3412	-345.3754	90.03417	1.931727	3.422584	0.375155	0.624845	0.2747846
624	-263.8132	-353.3971	89.58393	1.741548	5.240507	0.506606	0.493394	0.2423843
630	-263.8456	-354.2955	90.44992	1.804327	3.053449	0.391993	0.608007	0.4414594
636	-263.1591	-352.651	89.49196	1.775501	5.977573	0.391993	0.608007	0.3270338
642	-262.0473	-352.3372	90.28997	1.608016	4.01672	0.560906	0.439094	0.4588205
648	-262.2131	-351.6065	89.39345	1.432848	8.429689	0.483555	0.516445	0.5642199
654	-254.35	-344.3762	90.0262	1.612202	4.826835	0.499484	0.500516	0.4283582
660	-271.4389	-361.4791	90.04022	1.003648	6.263499	0.493871	0.506129	0.9244652
666	-269.3693	-359.4396	90.07038	1.119691	4.24403	0.528745	0.471255	1.293858
672	-267.9594	-357.8623	89.90285	0.7300978	5.318834	0.511114	0.488886	1.484199
678	-268.264	-358.9962	90.73217	1.385325	2.976477	0.363473	0.636527	0.8589043
684	-263.7466	-353.9708	90.2242	0.9799332	5.361649	0.363473	0.636527	0.9909243
690	-259.3348	-349.7479	90.41308	1.113936	4.327786	0.349984	0.650016	0.9658995
696	-260.5551	-350.8811	90.32601	0.8533865	3.637735	0.505873	0.494127	1.464625
702	-257.6851	-346.7853	89.10017	1.009133	12.55284	0.640218	0.359782	0.7497768
708	-263.2082	-353.4938	90.2856	1.418837	4.531622	0.57133	0.42867	0.6391632
714	-259.9969	-349.4137	89.41686	1.557826	7.633795	0.656093	0.343907	0.574165
720	-266.1941	-355.5085	89.3144	1.629761	7.122345	0.428386	0.571614	0.8190084
726	-270.8338	-360.5196	89.68585	1.25831	7.122345	0.651708	0.348292	0.8190084
732	-267.2568	-357.2188	89.96204	1.25831	5.805318	0.482883	0.517117	0.848245
738	-266.9743	-357.4279	90.45358	1.64432	3.27036	0.482883	0.517117	0.3300966
744	-257.0576	-347.5954	90.53781	1.625066	3.106456	0.465863	0.534137	0.3287983
750	-258.0783	-348.1203	90.04208	1.585094	4.76677	0.397225	0.602775	0.655098
756	-260.1801	-350.7444	90.56436	0.9780792	4.84456	0.493077	0.506923	0.7613532
762	-260.3618	-351.2071	90.84529	1.138959	3.514754	0.420639	0.579361	0.7506963
768	-258.4804	-349.1455	90.66512	1.265189	3.525191	0.443841	0.556159	0.8196613
774	-258.2193	-348.2175	89.99824	0.9619991	3.525191	0.198824	0.801176	1.656471
780	-267.3608	-357.3665	90.00561	0.8824054	6.095528	0.659876	0.340124	1.116572
786	-262.2368	-353.0992	90.86231	0.7604439	3.084077	0.500672	0.499328	1.285046
792	-261.04	-351.5055	90.46546	0.8284121	4.4955	0.329766	0.670234	1.138693
798	-265.0042	-354.6106	89.60638	0.9297278	6.064263	0.645053	0.354947	1.414521
804	-255.2654	-345.5765	90.31113	0.8032648	4.979425	0.450007	0.549993	1.171768
810	-258.4814	-349.6796	91.19817	0.8490305	2.560718	0.40945	0.59055	1.12197
816	-265.0054	-356.6649	91.65949	1.109379	1.584397	0.415985	0.584015	0.9708791
822	-260.2959	-350.639	90.34314	0.9890527	4.486602	0.415985	0.584015	1.106599
828	-262.4538	-352.9344	90.4806	0.9154769	2.960771	0.415985	0.584015	1.502642
834	-257.9193	-348.2321	90.31281	0.6948758	3.842335	0.386592	0.613408	1.538804
840	-257.0408	-347.1472	90.10637	0.9005958	5.604752	0.554998	0.445002	1.118419
846	-256.0175	-347.0993	91.08182	1.185874	2.706756	0.447229	0.552771	0.8213057
852	-264.3484	-355.3108	90.96236	1.405046	2.706756	0.409951	0.590049	0.6685927
858	-255.9137	-345.5729	89.65926	1.044432	8.020991	0.492944	0.507056	0.8930756
864	-263.7752	-353.5887	89.81356	1.072268	8.020991	0.698841	0.301159	0.6175648
870	-267.8238	-358.0802	90.25634	1.251005	4.495528	0.50895	0.49105	0.931569
876	-265.3376	-355.6997	90.36206	1.213247	4.495528	0.333367	0.666633	0.8542829
882	-260.6042	-350.7694	90.16522	1.139162	5.097073	0.352217	0.647783	0.9614801
888	-261.4661	-353.4644	91.99832	1.139782	1.234147	0.225403	0.774597	0.862406
894	-259.3674	-349.9619	90.5945	0.7170903	4.30291	0.282271	0.717729	1.175919
900	-258.6948	-349.6624	90.96758	1.084648	3.582026	0.348762	0.651238	0.5327569
906	-260.7924	-352.1811	91.38868	1.404467	1.939865	0.320152	0.679848	0.6152156
912	-261.5565	-352.9232	91.36668	0.9723699	1.921269	0.329263	0.670737	1.168719
918	-259.857	-350.7755	90.91846	1.064787	2.992524	0.329263	0.670737	0.9973116
924	-258.6151	-349.4391	90.82396	0.8631138	4.1674	0.297242	0.702758	0.8442965
930	-256.675	-347.3517	90.67675	1.004205	4.1674	0.625727	0.374273	0.8517552
936	-255.973	-346.5909	90.61789	1.247862	4.114515	0.477596	0.522404	0.5419579
942	-258.5977	-348.8719	90.27415	1.269843	4.892701	0.536994	0.463006	0.7383086
948	-263.8453	-354.0314	90.18605	1.393185	5.076103	0.528483	0.471517	0.4952191
954	-267.8765	-357.4926	89.61609	1.393185	7.510019	0.387024	0.612976	0.4952191
960	-263.4348	-353.7678	90.333	1.91944	2.687326	0.498167	0.501833	0.2618273
966	-264.5751	-353.3724	88.79726	1.743626	9.125891	0.779194	0.220806	0.2618273
972	-261.262	-352.078	90.81601	1.395923	3.170154	0.571806	0.428194	0.4722179
978	-257.0057	-346.2703	89.26454	1.371705	9.577019	0.564885	0.435115	0.5021218
984	-258.6627	-348.2447	89.58201	1.45301	7.306023	0.462213	0.537787	0.41673
990	-265.4274	-355.3438	89.91648	1.014059	7.306023	0.550369	0.449631	0.7866364
996	-260.9731	-352.0918	91.11862	0.9569901	3.29914	0.399698	0.600302	0.7375003
1002	-258.0893	-348.8446	90.75527	1.337032	3.443849	0.246637	0.753363	0.5873216
1008	-254.1939	-344.4773	90.28341	1.358187	4.80778	0.239926	0.760074	0.5873216
1014	-260.4588	-349.9442	89.48535	1.74624	6.461497	0.686188	0.313812	0.4771342
1020	-255.7325	-345.2972	89.5647	1.576621	6.461497	0.56013	0.43987	0.3155809
1026	-257.1037	-346.3919	89.28816	1.409107	9.071631	0.653861	0.346139	0.399377
1032	-254.5185	-344.3716	89.85312	1.565124	5.678009	0.530923	0.469077	0.4698498
1038	-260.0117	-350.3548	90.34315	1.597921	3.863953	0.528944	0.471056	0.424869
1044	-262.9366	-353.5596	90.62294	1.259513	4.036285	0.546636	0.453364	0.424869
1050	-257.0497	-346.6713	89.62169	1.425079	7.221562	0.537575	0.462425	0.6103472
1056	-257.9298	-347.7638	89.83406	1.195857	7.221562	0.661506	0.338494	0.6510589
1062	-255.4305	-346.1167	90.68627	1.123883	2.953788	0.462601	0.537399	1.173475
1068	-258.9129	-348.6127	89.69976	1.439835	6.534102	0.419844	0.580156	0.7221433
1074	-264.6509	-355.8127	91.16178	1.019063	2.564444	0.259988	0.740012	0.9933947
1080	-271.4776	-362.2087	90.73111	1.560606	2.967964	0.442541	0.557459	0.5576954
1086	-266.821	-357.5441	90.72311	1.568205	2.967964	0.366866	0.633134	0.5596058
1092	-264.9476	-355.1244	90.17671	1.736725	3.960852	0.380828	0.619172	0.561455
1098	-263.6174	-353.9205	90.3031	1.410365	3.566976	0.53819	0.46181	1.038785
1104	-277.7438	-367.7342	89.99033	1.601258	4.591279	0.655259	0.344741	0.796769
1110	-274.0899	-363.2224	89.13257	1.837413	7.588438	0.491148	0.508852	0.398882
1116	-270.2959	-360.3097	90.01384	1.659186	4.72289	0.545007	0.454993	0.4430771
1122	-264.2912	-354.2302	89.93896	1.336592	5.993407	0.537785	0.462215	0.7054908
1128	-261.8788	-351.819	89.94022	1.11963	6.722581	0.667606	0.332394	0.7789126
1134	-271.8319	-361.8322	90.00034	0.8239915	4.901208	0.535114	0.464886	1.426087
1140	-274.7088	-364.4794	89.77062	1.032583	4.975766	0.460448	0.539552	1.426087
1146	-261.6853	-351.6355	89.95022	1.079768	4.975766	0.574269	0.425731	1.244661
1152	-269.7316	-359.6709	89.93939	0.7763609	5.490871	0.297429	0.702571	1.38591
1158	-269.3586	-359.2074	89.84879	0.8669603	5.490871	0.329378	0.670622	1.38591
1164	-266.8273	-357.1668	90.33954	0.9784724	3.896367	0.454419	0.545581	1.283648
1170	-270.6876	-360.4787	89.79108	0.9867831	5.916233	0.305023	0.694977	1.249515
1176	-271.7823	-360.5704	88.78809	1.158192	11.01514	0.503801	0.496199	1.151336
1182	-271.8758	-362.3755	90.49969	1.354826	3.345578	0.398881	0.601119	0.9822458
1188	-263.0692	-353.9402	90.87102	1.066345	3.642169	0.295988	0.704012	0.7505778
1194	-261.4777	-351.7233	90.24565	1.044574	5.823197	0.590097	0.409903	0.748639
1200	-260.1752	-350.313	90.13785	0.8988992	5.747174	0.647197	0.352803	1.057563
1206	-262.901	-353.2634	90.36241	1.134079	4.906719	0.702578	0.297422	0.8004855
1212	-270.3908	-359.6452	89.2544	0.7597292	9.816284	0.715128	0.284872	1.249772
1218	-263.8538	-353.7201	89.86637	0.8935965	7.440272	0.730182	0.269818	0.9555107
1224	-266.1821	-355.1801	88.99803	0.9089149	12.81159	0.673291	0.326709	0.9555107
1230	-263.1993	-353.2619	90.06255	0.9668899	4.078739	0.298288	0.701712	1.462307
1236	-263.1266	-354.3532	91.22655	1.05256	2.061206	0.313612	0.686388	1.148964
1242	-262.1122	-352.5424	90.4302	0.7960077	4.825257	0.452742	0.547258	1.111378
1248	-265.7093	-356.2441	90.53472	1.043149	4.825257	0.452742	0.547258	0.7150448
1254	-268.0093	-357.7029	89.69362	1.273362	6.286182	0.559059	0.440941	0.9990815
1260	-275.8189	-366.518	90.69914	1.288524	3.758258	0.444377	0.555623	0.5396609
1266	-273.3012	-363.5851	90.28385	1.090772	5.470755	0.543061	0.456939	0.7561606
1272	-261.7129	-352.2608	90.54793	1.447387	3.595692	0.164658	0.835342	0.6826807
1278	-265.7146	-357.4479	91.7333	1.361218	1.51073	0.469887	0.530113	0.4501477
1284	-263.1648	-355.1421	91.97727	0.8955117	1.51073	0.433621	0.566379	0.9165148
1290	-256.4623	-347.4842	91.02188	1.166747	3.211395	0.565433	0.434567	0.5669423
1296	-261.6131	-352.6952	91.08217	1.166747	2.71952	0.286173	0.713827	0.8375456
1302	-262.7358	-352.2307	89.49494	0.9393222	9.841766	0.447385	0.552615	0.8375456
1308	-254.7455	-345.7188	90.97333	0.9181706	3.558433	0.66077	0.33923	0.8525785
1314	-255.455	-345.7891	90.33408	1.056784	5.02456	0.66077	0.33923	0.8892742
1320	-252.6336	-342.7885	90.15488	1.043376	5.366621	0.609815	0.390185	0.9955128
1326	-257.8527	-348.4042	90.55151	1.164445	4.108444	0.448659	0.551341	0.832446
1332	-261.2389	-350.1746	88.93564	1.435377	11.31716	0.672819	0.327181	0.5159589
1338	-256.9455	-347.1398	90.19423	1.369761	4.851658	0.477049	0.522951	0.3270297
1344	-257.699	-347.1992	89.5002	1.425177	7.928868	0.287589	0.712411	0.5319074
1350	-264.5456	-354.8193	90.27367	1.40733	4.446285	0.685723	0.314277	0.7312681
1356	-268.8413	-357.2854	88.44409	1.578814	14.008	0.621523	0.378477	0.5106714
1362	-268.3702	-357.3647	88.99457	1.347226	11.52452	0.468441	0.531559	0.4842842
1368	-257.1505	-347.1723	90.02182	1.310006	6.008882	0.786774	0.213226	0.444401
1374	-263.3866	-352.6505	89.26383	1.025448	11.54663	0.486338	0.513662	0.6750742
1380	-259.2334	-350.0005	90.76712	0.6569047	4.899331	0.548664	0.451336	0.8917669
1386	-260.4374	-350.8552	90.41784	0.9731514	5.210557	0.681358	0.318642	0.8277987
1392	-258.6877	-348.4746	89.78694	1.00918	6.599355	0.658775	0.341225	1.094481
1398	-262.5449	-352.6564	90.11148	1.189553	5.836503	0.395516	0.604484	0.7267548
1404	-259.9418	-348.7588	88.81698	1.21182	13.93141	0.796631	0.203369	0.5425427
1410	-257.0338	-346.7421	89.7083	0.824269	9.424169	0.777856	0.222144	0.7984459
1416	-267.6445	-356.5148	88.87025	1.098553	12.19557	0.55637	0.44363	0.9747419
1422	-260.7638	-350.4115	89.64766	1.133043	7.755869	0.560715	0.439285	0.8628224
1428	-270.1188	-360.1337	90.01492	1.146024	6.755152	0.632578	0.367422	0.5582602
1434	-268.6083	-358.3104	89.70205	0.972192	6.602563	0.353539	0.646461	1.201857
1440	-270.2217	-360.6762	90.45456	1.019113	4.918018	0.383397	0.616603	0.8259464
1446	-262.1514	-353.0575	90.90618	1.057565	2.514289	0.405085	0.594915	1.21467
1452	-269.7503	-359.9845	90.23421	1.062329	3.454368	0.738714	0.261286	1.427132
1458	-272.2364	-362.7907	90.55425	0.8522335	3.454368	0.506561	0.493439	1.341054
1464	-263.7111	-355.0782	91.36708	0.5552203	2.977636	0.412361	0.587639	1.062723
1470	-263.8938	-355.3763	91.48248	0.3625118	1.798615	0.305558	0.694442	1.615806
1476	-268.5502	-359.0135	90.46325	0.3986762	4.523532	0.630124	0.369876	1.482214
1482	-268.6266	-358.8276	90.20105	0.5421887	2.610603	0.35767	0.64233	2.067686
1488	-266.5777	-355.8038	89.22616	0.4456244	5.808143	0.566539	0.433461	2.067686
1494	-260.7738	-351.7802	91.00636	0.8054415	2.550539	0.470679	0.529321	1.32547
1500	-267.5715	-357.1593	89.58775	0.906011	9.512125	0.489778	0.510222	0.8299326
1506	-269.0009	-358.7243	89.72343	0.7362962	5.466431	0.297916	0.702084	1.583849
1512	-264.1487	-355.3939	91.24519	0.8517143	2.084755	0.4083	0.5917	1.29203
1518	-265.9915	-356.4196	90.42809	1.02774	3.223849	0.4083	0.5917	1.373138
1524	-257.7883	-348.2634	90.47512	0.8059496	4.309913	0.495564	0.504436	1.200348
1530	-256.5389	-347.9791	91.44013	1.308176	1.966354	0.337726	0.662274	0.6791651
1536	-263.864	-353.1164	89.25231	1.752806	7.531029	0.521993	0.478007	0.4984817
1542	-258.4205	-348.9778	90.55727	1.754326	2.778991	0.365009	0.634991	0.336049
1548	-267.0109	-357.4913	90.48036	1.279659	4.284484	0.662817	0.337183	0.6829204
1554	-276.9076	-366.5354	89.62781	1.460748	6.868498	0.789825	0.210175	0.6829204
1560	-268.1562	-357.8962	89.74004	1.154737	4.328354	0.428656	0.571344	1.503006
1566	-273.7307	-363.6541	89.92343	1.107403	4.747245	0.608751	0.391249	1.298026
1572	-258.2279	-348.6416	90.41364	0.5434969	4.747245	0.579054	0.420946	1.357145
1578	-269.7344	-359.6403	89.90589	0.7774519	5.482107	0.559492	0.440508	1.412894
1584	-264.8849	-355.1889	90.30398	0.378002	5.164355	0.559492	0.440508	1.478648
1590	-266.3852	-356.4193	90.03417	0.4417572	3.419067	0.350812	0.649188	2.017173
1596	-262.7597	-352.9408	90.18104	0.6079288	2.931551	0.512663	0.487337	1.940303
1602	-269.1187	-359.4543	90.3356	0.821518	3.474528	0.442251	0.557749	1.526774
1608	-268.7573	-358.9074	90.15013	0.9919041	4.731458	0.276172	0.723828	1.209371
1614	-269.086	-360.0448	90.95884	0.9792291	2.64655	0.55089	0.44911	1.182298
1620	-269.8444	-360.7136	90.86929	0.9944073	2.216504	0.381439	0.618561	1.419001
1626	-263.7685	-354.5235	90.755	1.315903	3.212533	0.233484	0.766516	0.7939649
1632	-273.7503	-364.0134	90.26314	1.564344	4.137938	0.450708	0.549292	0.6417634
1638	-268.2071	-359.3407	91.13366	1.062103	1.718979	0.392707	0.607293	1.391554
1644	-272.0104	-362.3962	90.38575	1.273728	3.183288	0.550604	0.449396	1.220612
1650	-273.1504	-362.6069	89.45646	1.217134	8.672392	0.584562	0.415438	0.7819211
1656	-262.5367	-352.0327	89.49604	1.217965	7.33641	0.593341	0.406659	1.023303
1662	-266.7397	-356.2712	89.53151	0.9602133	9.219214	0.475792	0.524208	0.8906291
1668	-267.5683	-359.5082	91.93992	0.7878294	1.378026	0.251754	0.748246	1.154741
1674	-267.209	-357.4957	90.28663	0.7090705	4.047137	0.434587	0.565413	1.495729
1680	-264.8856	-355.4966	90.611	1.242336	4.047137	0.554085	0.445915	0.6509351
1686	-267.8663	-357.7606	89.89431	1.651935	5.120334	0.573312	0.426688	0.4047822
1692	-268.1024	-358.0534	89.95106	1.183055	6.864701	0.682904	0.317096	0.5714589
1698	-272.536	-361.0485	88.51255	1.738619	10.29581	0.848014	0.151986	0.2160543
1704	-268.948	-357.4028	88.4548	1.651261	12.21047	0.73512	0.26488	0.2781975
1710	-279.9972	-370.1267	90.12949	0.2245719	1.602907	0.283461	0.716539	2.679365
1716	-272.4048	-362.9484	90.54362	0.4927579	4.809771	0.638357	0.361643	1.278624
1722	-264.7146	-356.0254	91.31076	0.6761649	2.297745	0.556011	0.443989	1.286843
1728	-262.0106	-353.0976	91.08703	0.7052679	2.829178	0.509864	0.490136	1.235376
1734	-261.0896	-351.9098	90.8203	0.6830632	3.365729	0.395092	0.604908	1.290311
1740	-255.8802	-346.6822	90.80199	1.379974	3.19364	0.374037	0.625963	0.6124885
1746	-256.0909	-346.2516	90.16066	1.238178	5.675033	0.606327	0.393673	0.6124885
1752	-250.6999	-341.3932	90.69328	1.127335	4.183178	0.434108	0.565892	0.62291
1758	-259.0408	-347.3958	88.35501	2.274738	7.224828	0.681306	0.318694	0.1652567
1764	-263.7357	-352.5098	88.77406	1.95561	7.224828	0.609225	0.390775	0.193071
1770	-267.9903	-358.1306	90.14031	2.07841	2.821983	0.409781	0.590219	0.2779802
1776	-265.9521	-355.9046	89.95254	1.538168	5.29692	0.325515	0.674485	0.389993
1782	-251.2074	-341.1987	89.99129	1.590456	5.00809	0.55804	0.44196	0.4146489
1788	-255.5497	-345.8641	90.31441	0.8723803	4.522119	0.450845	0.549155	1.224498
1794	-252.7271	-343.4935	90.76636	0.8851619	3.228051	0.443596	0.556404	1.212056
1800	-251.6118	-342.8457	91.2339	0.8513973	2.281293	0.318411	0.681589	1.212056
1806	-258.037	-348.7225	90.68555	1.114767	4.275213	0.529897	0.470103	0.5970961
1812	-258.9147	-349.0357	90.12103	1.146666	6.132577	0.641956	0.358044	0.6576805
1818	-253.8103	-344.528	90.71769	1.08858	3.727561	0.569795	0.430205	0.8806912
1824	-249.6691	-339.4748	89.80566	0.7958964	4.75529	0.569795	0.430205	1.623301
1830	-250.4119	-340.4215	90.00963	0.8529914	4.75529	0.497417	0.502583	1.429037
1836	-257.8555	-348.5816	90.72602	1.091301	2.278832	0.217994	0.782006	1.429037
1842	-257.2717	-348.2997	91.02797	0.863902	2.474395	0.262388	0.737612	1.290839
1848	-258.0344	-348.8563	90.82189	1.439371	2.755629	0.542288	0.457712	0.8005037
1854	-251.2998	-341.9862	90.68645	1.008905	4.131736	0.639226	0.360774	0.8484259
1860	-256.189	-346.016	89.82709	1.271081	6.314942	0.680922	0.319078	0.8484259
1866	-259.0232	-349.1581	90.1349	1.082866	5.815124	0.573027	0.426973	0.8484259
1872	-260.69	-350.5472	89.85723	1.25067	6.883916	0.496346	0.503654	0.6359913
1878	-258.2911	-348.1406	89.84952	1.125908	7.674764	0.496346	0.503654	0.4759261
1884	-262.949	-352.4974	89.54839	1.254172	7.08114	0.277861	0.722139	0.987849
1890	-263.1142	-352.3536	89.23942	1.176182	10.00042	0.649488	0.350512	0.8294217
1896	-257.537	-348.2164	90.67944	0.9701189	4.321695	0.254522	0.745478	0.8294217
1902	-263.6352	-354.0162	90.38105	1.401293	4.284148	0.459434	0.540566	0.6370252
1908	-257.7938	-348.6592	90.86537	1.435403	2.957429	0.371819	0.628181	0.4718228
1914	-273.2224	-364.1171	90.89471	1.362519	2.957429	0.166096	0.833904	0.665747
1920	-265.4353	-355.8052	90.36995	1.148909	2.957429	0.4572	0.5428	1.410231
1926	-260.9798	-351.3737	90.39391	1.276797	3.673021	0.4572	0.5428	1.042678
1932	-265.9408	-356.0097	90.06896	1.941982	3.673021	0.470493	0.529507	0.4320259
1938	-260.0878	-350.0918	90.00401	2.062356	3.020638	0.410818	0.589182	0.242259
1944	-262.1647	-351.4603	89.29562	1.065847	11.32797	0.572238	0.427762	0.5681315
1950	-267.2148	-355.1217	87.9069	1.522806	19.25779	0.791203	0.208797	0.3550727
1956	-254.5162	-344.5908	90.07453	1.079348	6.774098	0.703725	0.296275	0.5710365
1962	-264.0653	-354.7652	90.69991	1.259505	3.68001	0.546208	0.453792	0.6922985
1968	-261.0084	-351.5046	90.49618	1.279405	4.387142	0.63242	0.36758	0.4466113
1974	-262.4484	-352.5234	90.07495	1.426807	5.36092	0.519991	0.480009	0.486219
1980	-260.6038	-350.5618	89.95798	1.543098	5.36092	0.426677	0.573323	0.477281
1986	-260.984	-351.1704	90.1864	1.151028	5.227792	0.426677	0.573323	0.8865057
1992	-252.2191	-343.0085	90.78942	1.235665	2.992197	0.437018	0.562982	0.9545502
1998	-264.2309	-354.872	90.64109	0.817555	2.992197	0.23686	0.76314	1.445124
2004	-262.607	-352.5295	89.9225	1.368736	6.20183	0.591639	0.408361	0.5266875
2010	-263.0221	-352.893	89.87095	1.074874	6.597241	0.413041	0.586959	0.9480604
2016	-259.833	-348.8648	89.03185	1.290416	10.58851	0.601842	0.398158	0.8330443
2022	-257.154	-348.298	91.14403	1.210777	2.275548	0.553556	0.446444	0.9646879
2028	-260.8913	-350.6136	89.72232	1.07888	7.234609	0.554654	0.445346	0.9563103
2034	-267.9991	-358.158	90.1589	1.043046	5.498466	0.698752	0.301248	0.9563103
2040	-259.721	-349.9088	90.18785	1.053104	6.153651	0.667789	0.332211	0.6990782
2046	-267.8487	-358.0953	90.24667	1.30386	4.251886	0.394342	0.605658	0.9665391
2052	-258.2951	-349.5386	91.24347	1.167785	2.367338	0.394342	0.605658	0.848166
2058	-258.0585	-348.272	90.21354	1.111177	5.397117	0.589825	0.410175	0.848166
2064	-262.0524	-352.7808	90.72836	1.028847	4.405995	0.27651	0.72349	0.6028405
2070	-275.6186	-365.4699	89.85133	1.279793	6.890724	0.589121	0.410879	0.5602137
2076	-271.9173	-361.9855	90.06818	1.108075	6.626888	0.624075	0.375925	0.6046846
2082	-272.0563	-360.9322	88.87587	1.673839	9.910194	0.728417	0.271583	0.3824819
2088	-261.1403	-351.0724	89.9321	1.495557	5.52195	0.480977	0.519023	0.6381988
2094	-266.2454	-355.8108	89.5654	1.364068	6.817225	0.437058	0.562942	0.9134275
2100	-269.6576	-357.9262	88.26865	2.071927	8.737801	0.750983	0.249017	0.1651298
2106	-275.3815	-365.6043	90.2228	1.520002	4.503745	0.29492	0.70508	0.5390968
2112	-268.5586	-360.0065	91.44792	1.289219	2.038472	0.363335	0.636665	0.6094896
2118	-261.6802	-352.9895	91.3093	1.167172	2.178749	0.293429	0.706571	0.8891971
2124	-260.5324	-352.1956	91.66313	1.02526	1.818383	0.427296	0.572704	0.8891971
2130	-260.7853	-351.6631	90.87777	1.163476	2.543662	0.426613	0.573387	1.13472
2136	-259.2613	-351.1905	91.92914	0.8718735	1.257647	0.375794	0.624206	1.176132
2142	-261.8348	-352.0866	90.2518	1.320782	3.566908	0.365529	0.634471	1.167751
2148	-254.7378	-345.1786	90.44083	1.102553	4.979841	0.365529	0.634471	0.6986641
2154	-263.1983	-353.7109	90.51251	1.022746	4.979841	0.628551	0.371449	0.7126147
2160	-266.8479	-357.9323	91.08449	0.9953838	2.303284	0.438592	0.561408	1.206811
2166	-269.0273	-359.7209	90.69362	1.107714	4.20803	0.579052	0.420948	0.6492051
2172	-273.9639	-363.9818	90.01791	1.609328	4.880142	0.519318	0.480682	0.5624586
2178	-275.4663	-365.7245	90.25815	1.301069	4.502505	0.519318	0.480682	0.8708836
2184	-281.62	-372.4142	90.79423	1.16251	3.660497	0.590266	0.409734	0.7092508
2190	-275.6393	-366.7105	91.07115	0.7917048	3.354569	0.603493	0.396507	0.9701191
2196	-277.701	-368.5584	90.85747	1.406387	2.917293	0.422728	0.577272	0.6863402
2202	-267.4601	-359.1172	91.65712	1.345561	1.568032	0.422728	0.577272	0.6863402
2208	-262.5281	-353.1565	90.62846	1.57557	3.057599	0.493712	0.506288	0.6863402
2214	-261.3261	-352.7724	91.44625	0.6619512	1.769212	0.347169	0.652831	1.433926
2220	-261.9796	-353.6986	91.71906	0.5599848	1.519665	0.496511	0.503489	1.433926
2226	-272.9469	-363.8825	90.93566	0.7797434	4.298552	0.237707	0.762293	0.7495114
2232	-272.8705	-363.8718	91.00136	0.9390684	3.177464	0.498852	0.501148	0.9625641
2238	-271.779	-362.158	90.37901	0.981409	5.259087	0.608726	0.391274	0.849437
2244	-277.305	-367.7327	90.42775	0.928175	5.018847	0.572618	0.427382	0.9298524
2250	-273.6547	-364.4438	90.78903	1.020528	1.943868	0.30289	0.69711	1.576211
2256	-277.2061	-368.4985	91.29244	1.334503	1.654467	0.372796	0.627204	1.062856
2262	-279.4599	-369.6503	90.19039	1.138685	4.795931	0.28656	0.71344	1.022534
2268	-290.1036	-379.2254	89.12174	1.135272	7.704013	0.500068	0.499932	1.355651
2274	-279.021	-370.9588	91.93772	0.8885426	1.317721	0.436261	0.563739	1.109579
2280	-273.6285	-364.3771	90.74866	0.9596153	4.257161	0.505573	0.494427	0.7789004
2286	-272.6958	-361.5736	88.87787	1.663997	10.16951	0.552068	0.447932	0.5010654
2292	-276.7207	-367.1849	90.46418	1.403159	3.999232	0.601396	0.398604	0.6552887
2298	-272.6883	-362.6086	89.92036	1.701153	4.89901	0.576267	0.423733	0.4410749
2304	-280.961	-370.933	89.97199	1.998074	3.556807	0.417888	0.582112	0.3137275
2310	-280.617	-370.5526	89.93562	1.665817	4.815122	0.170022	0.829978	0.6784723
2316	-275.5814	-365.8619	90.28052	1.637628	3.943817	0.489454	0.510546	0.566244
2322	-276.8692	-367.2674	90.39825	1.567203	3.78482	0.505727	0.494273	0.5942774
2328	-279.7042	-370.095	90.3908	1.567203	3.78482	0.398269	0.601731	0.6157595
2334	-277.704	-368.1282	90.42421	1.067233	3.987922	0.428834	0.571166	1.107565
2340	-267.701	-358.0046	90.3036	0.9910562	5.339881	0.535051	0.464949	0.9009563
2346	-262.2266	-353.0264	90.79979	1.001177	4.048818	0.627047	0.372953	0.7429338
2352	-260.3725	-350.7759	90.40337	1.210438	4.877235	0.456538	0.543462	0.6108641
2358	-253.7291	-345.0646	91.33551	0.9572897	2.278557	0.590643	0.409357	1.025421
2364	-256.7161	-347.0018	90.28565	1.346759	4.871073	0.582718	0.417282	0.5496793
2370	-257.4208	-347.8156	90.39474	1.371802	4.385673	0.666211	0.333789	0.5937384
2376	-258.0961	-348.8025	90.70643	1.198533	2.84498	0.36706	0.63294	1.131713
2382	-258.3504	-348.722	90.37166	0.7609217	3.945694	0.317572	0.682428	1.417532
2388	-262.3745	-352.6361	90.26166	0.934529	3.99069	0.477722	0.522278	1.355865
2394	-272.9498	-363.3034	90.35367	0.7773246	4.187822	0.34049	0.65951	1.355865
2400	-277.4413	-368.7914	91.35012	0.9339637	1.654945	0.365114	0.634886	1.355865
2406	-273.9807	-365.0074	91.02673	1.008836	3.176211	0.469723	0.530277	0.8573977
2412	-274.4519	-364.561	90.10914	1.071365	3.176211	0.417722	0.582278	1.595431
2418	-270.324	-360.7875	90.46355	0.9305486	5.20484	0.310875	0.689125	0.8258368
2424	-269.3838	-360.2741	90.89028	1.482572	2.796752	0.310875	0.689125	0.5097584
2430	-261.8467	-352.387	90.54031	0.899847	4.009624	0.579111	0.420889	1.147087
2436	-264.855	-355.2991	90.44414	1.016596	4.009624	0.45924	0.54076	1.128727
2442	-264.7732	-356.6235	91.85032	0.8556804	1.444266	0.408453	0.591547	1.128727
2448	-260.7747	-351.8387	91.064	1.028306	3.161523	0.572259	0.427741	0.7929401
2454	-266.0018	-355.8155	89.81367	1.39465	6.567624	0.363329	0.636671	0.5148664
2460	-264.492	-355.0301	90.53809	1.550009	3.467199	0.527053	0.472947	0.5702226
2466	-264.2829	-354.6328	90.34987	1.215133	4.821654	0.607674	0.392326	0.7373626
2472	-269.0862	-359.7132	90.62696	1.13976	3.390027	0.315872	0.684128	1.051707
2478	-263.9294	-354.5407	90.61127	0.9543884	3.940274	0.388932	0.611068	1.053528
2484	-264.1951	-355.2231	91.02801	1.122866	3.22195	0.393446	0.606554	0.6587061
2490	-263.3554	-353.918	90.56255	1.340121	3.766184	0.426423	0.573577	0.7356887
2496	-258.6181	-349.6036	90.98555	0.80457	3.654177	0.544412	0.455588	0.9282522
2502	-264.4483	-354.9769	90.52853	1.085906	4.068034	0.519807	0.480193	0.9624363
2508	-260.0251	-350.7328	90.7077	0.9438889	4.068034	0.508351	0.491649	0.9228701
2514	-275.0518	-365.4609	90.40911	0.7729077	2.314116	0.453027	0.546973	1.872563
2520	-272.0002	-362.6848	90.68454	0.6341054	2.700827	0.495846	0.504154	1.64428
2526	-281.5743	-372.4226	90.84831	0.8643207	1.287715	0.207538	0.792462	1.964232
2532	-274.5986	-364.6424	90.04384	0.9292464	5.627542	0.334048	0.665952	1.143578
2538	-274.1564	-363.4411	89.28472	1.082736	8.848731	0.615461	0.384539	1.081763
2544	-276.4805	-367.2042	90.72364	1.270814	3.707565	0.568262	0.431738	0.5892141
2550	-271.3389	-360.4972	89.15831	1.432194	9.838513	0.701225	0.298775	0.4592751
2556	-268.3686	-355.9345	87.56595	1.484015	24.53009	0.646749	0.353251	0.4569624
2562	-266.3649	-353.4696	87.10471	1.661007	28.32778	0.788456	0.211544	0.3935598
2568	-256.2216	-343.3883	87.16673	1.67664	24.33654	0.727708	0.272292	0.2351106
2574	-254.0627	-342.6708	88.60814	2.004584	7.9413	0.737182	0.262818	0.2013614
2580	-250.0922	-339.4523	89.3601	1.482168	8.376319	0.537112	0.462888	0.4743557
2586	-256.4379	-346.8818	90.44383	1.422057	4.052806	0.715006	0.284994	0.6166958
2592	-252.8228	-343.6637	90.84085	1.340303	3.107155	0.335678	0.664322	0.6905017
2598	-255.6525	-346.3699	90.71736	1.463037	3.107155	0.466303	0.533697	0.3473789
2604	-257.1366	-347.0178	89.88117	1.72387	4.637489	0.466303	0.533697	0.3081763
2610	-256.2818	-345.5861	89.30428	1.497247	8.214916	0.560449	0.439551	0.3336083
2616	-255.752	-346.309	90.55701	1.438583	3.695094	0.660315	0.339685	0.5996939
2622	-262.2874	-352.4149	90.12749	0.4587749	7.104788	0.475907	0.524093	1.184128
2628	-260.2033	-350.4517	90.24843	0.9962039	3.49292	0.549303	0.450697	1.455727
2634	-259.8419	-349.6058	89.76385	1.066495	6.171192	0.549303	0.450697	1.152106
2640	-256.4671	-344.7406	88.2735	1.268206	17.07038	0.612792	0.387208	0.8238847
2646	-263.1314	-352.903	89.77161	1.309305	6.370988	0.663886	0.336114	0.8536832
2652	-268.852	-359.3431	90.49114	0.989982	4.740491	0.40122	0.59878	0.8789229
2658	-266.0283	-355.1106	89.08226	1.120974	12.45677	0.727099	0.272901	0.584969
2664	-263.9285	-354.2356	90.30703	1.156138	5.506119	0.593085	0.406915	0.5219665
2670	-260.5207	-350.5552	90.03444	1.119671	6.766075	0.522703	0.477297	0.5769449
2676	-262.2057	-352.6803	90.4746	1.056944	4.639571	0.492138	0.507862	0.854586
2682	-259.9612	-349.9272	89.96595	1.0827	7.231605	0.389271	0.610729	0.5989002
2688	-265.6303	-356.9931	91.36289	1.230664	2.318857	0.364125	0.635875	0.5766087
2694	-254.4502	-344.2353	89.78512	1.127071	7.959985	0.618704	0.381296	0.5709018
2700	-249.9944	-339.7556	89.7612	0.9897379	7.959985	0.451375	0.548625	0.8512991
2706	-252.2888	-343.0263	90.73747	1.110036	3.681802	0.386979	0.613021	0.8512991
2712	-258.1856	-347.6433	89.45769	0.9824726	8.962427	0.572437	0.427563	0.9924509
2718	-256.7662	-346.4713	89.70513	1.465264	6.730296	0.416164	0.583836	0.5346629
2724	-253.1327	-342.1554	89.02265	1.874923	7.7264	0.635722	0.364278	0.3365909
2730	-252.9635	-341.6453	88.68181	1.84392	8.828148	0.396764	0.603236	0.2297557
2736	-263.0504	-352.7395	89.68903	1.937738	4.217799	0.532802	0.467198	0.2424669
2742	-280.8961	-370.8416	89.9455	1.95779	3.42326	0.384577	0.615423	0.2415962
2748	-274.9697	-363.759	88.78931	2.234798	5.841806	0.409494	0.590506	0.1877058
2754	-260.7286	-350.8324	90.10383	1.618085	4.554246	0.426859	0.573141	0.5677737
2760	-258.304	-349.5791	91.2751	1.597456	1.845374	0.399952	0.600048	0.52834
2766	-265.1418	-355.8204	90.67853	1.293722	3.624059	0.437737	0.562263	0.705382
2772	-270.9558	-361.4819	90.5261	1.493764	3.668107	0.715326	0.284674	0.462094
2778	-262.0961	-351.6453	89.5492	1.36843	7.806698	0.667477	0.332523	0.381928
2784	-267.2162	-357.547	90.33076	1.49524	4.087647	0.562638	0.437362	0.3556641
2790	-265.2733	-354.5957	89.32237	1.748888	6.679819	0.459794	0.540206	0.2987129
2796	-279.1654	-368.3408	89.17537	2.1409	4.985327	0.482423	0.517577	0.2096954
2802	-262.913	-352.6632	89.75025	1.736267	4.985327	0.576563	0.423437	0.2946729
2808	-260.6245	-350.2755	89.651	1.805583	4.943667	0.677385	0.322615	0.2679078
2814	-259.0592	-348.7171	89.65799	1.764817	5.359573	0.490871	0.509129	0.3260181
2820	-261.6807	-352.4287	90.74798	1.676487	2.659349	0.496929	0.503071	0.4277091
2826	-260.2272	-349.7658	89.5386	1.676487	6.459346	0.569667	0.430333	0.4108724
2832	-272.4676	-359.3505	86.88294	1.960017	26.63894	0.573341	0.426659	0.3443635
2838	-271.9556	-358.3654	86.40987	1.898488	35.18766	0.777455	0.222545	0.3258767
2844	-279.0952	-367.2329	88.13771	1.592816	16.64323	0.724854	0.275146	0.4637788
2850	-265.2316	-355.557	90.32539	1.176325	5.315846	0.438071	0.561929	0.5829281
2856	-257.2585	-347.2441	89.98563	1.523127	5.315846	0.599957	0.400043	0.4499808
2862	-254.7847	-345.0764	90.2917	1.314879	4.978312	0.409684	0.590316	0.5001555
2868	-263.0685	-352.2374	89.16882	1.478833	8.599832	0.534016	0.465984	0.8329978
2874	-260.55	-350.8233	90.27322	1.407671	3.973887	0.397704	0.602296	0.9253234
2880	-255.8839	-346.5382	90.65435	1.354423	3.456118	0.397704	0.602296	0.7470052
2886	-269.2221	-357.7313	88.50911	1.282359	15.70847	0.695266	0.304734	0.6547137
2892	-259.8972	-350.4478	90.55059	1.417587	3.6945	0.498291	0.501709	0.665775
2898	-259.1957	-349.642	90.44636	0.8110615	5.870014	0.687153	0.312847	0.7793998
2904	-252.9624	-342.9094	89.94691	0.880528	7.065635	0.338113	0.661887	0.9657026
2910	-259.8235	-349.2147	89.39115	1.44687	8.156059	0.573585	0.426415	0.3628383
2916	-261.8691	-351.5471	89.67801	1.331665	7.505328	0.573585	0.426415	0.5172937
2922	-259.0152	-348.1461	89.1309	1.301905	10.86265	0.700282	0.299718	0.5481214
2928	-252.9519	-342.0932	89.14131	1.070125	11.93518	0.633322	0.366678	0.7182725
2934	-258.9368	-348.4668	89.53003	0.9749357	8.426229	0.385507	0.614493	1.022463
2940	-265.5974	-355.1462	89.54875	1.188205	8.866247	0.747232	0.252768	0.6045575
2946	-268.8482	-358.9977	90.14944	1.191805	4.399051	0.243753	0.756247	1.122925
2952	-270.8805	-360.0314	89.15089	1.335732	5.734581	0.599659	0.400341	1.513397
2958	-280.4354	-369.5862	89.15081	1.158544	8.049602	0.593017	0.406983	1.259394
2964	-279.9166	-370.5692	90.65255	1.059229	3.74849	0.435585	0.564415	0.9751686
2970	-270.2076	-361.7795	91.57192	1.30408	1.782771	0.266414	0.733586	0.6502614
2976	-265.0875	-355.7072	90.6197	1.244828	3.658699	0.417869	0.582131	0.8406972
2982	-258.5783	-349.0257	90.44733	1.350604	3.584569	0.417869	0.582131	0.9471123
2988	-260.1721	-350.4373	90.26519	1.165289	4.957217	0.379891	0.620109	0.8652079
2994	-255.322	-346.0452	90.72323	1.129838	3.346336	0.379891	0.620109	0.9834194
3000	-256.045	-346.1878	90.14283	0.9647103	4.810199	0.450725	0.549275	1.219177
3006	-260.8526	-351.5102	90.65766	0.9362709	3.840294	0.421126	0.578874	1.059368
3012	-267.7043	-358.2948	90.59055	0.7256103	4.231368	0.417189	0.582811	1.191742
3018	-258.6773	-348.9354	90.25815	0.8015727	4.341778	0.447027	0.552973	1.373287
3024	-263.4439	-352.9547	89.51085	0.6362763	4.581921	0.366602	0.633398	1.974045
3030	-257.9608	-348.5432	90.58245	0.960665	3.738982	0.578695	0.421305	1.138713
3036	-262.9334	-354.2225	91.28902	1.096723	1.737924	0.427365	0.572635	1.227689
3042	-261.2209	-352.1786	90.95765	0.6522788	3.583375	0.352971	0.647029	1.129307
3048	-264.5933	-355.857	91.26377	0.9450783	2.227392	0.331688	0.668312	1.129307
3054	-269.9702	-360.0475	90.07728	0.7524933	4.297728	0.742418	0.257582	1.55848
3060	-267.8495	-357.2658	89.41637	1.547382	7.40018	0.594705	0.405295	0.3378548
3066	-269.9336	-358.9136	88.98007	1.498907	10.37501	0.660142	0.339858	0.6356056
3072	-266.8488	-357.0599	90.21106	1.293619	4.990524	0.383864	0.616136	0.7558504
3078	-268.0502	-358.4249	90.37473	1.62644	3.728212	0.329692	0.670308	0.4912352
3084	-271.6697	-362.9989	91.32925	1.187772	2.484346	0.583033	0.416967	0.5408825
3090	-275.3361	-365.0411	89.70499	1.02942	6.742894	0.597306	0.402694	1.121801
3096	-273.7207	-364.4842	90.76349	0.5991757	4.580107	0.597306	0.402694	1.051728
3102	-264.1354	-354.6765	90.54102	1.506533	3.571592	0.40169	0.59831	0.4307578
3108	-275.7121	-366.6965	90.9844	1.127497	3.353322	0.389346	0.610654	0.6299559
3114	-270.7726	-361.8838	91.11121	1.491254	2.315545	0.335911	0.664089	0.5428562
3120	-265.0235	-355.838	90.81458	1.318111	3.311663	0.39937	0.60063	0.6185535
3126	-265.461	-355.4505	89.98957	1.022946	6.668399	0.515122	0.484878	0.8553622
3132	-265.9057	-357.3415	91.43583	1.378515	1.725302	0.422307	0.577693	0.808972
3138	-263.5293	-354.7465	91.21724	1.121476	2.607111	0.585449	0.414551	0.7891824
3144	-266.7254	-356.8201	90.09462	1.513497	4.955805	0.21311	0.78689	0.5506644
3150	-260.8316	-351.7106	90.87896	1.102404	3.510294	0.682907	0.317093	0.7574475
3156	-268.5378	-359.1371	90.59933	0.6401197	4.290148	0.682907	0.317093	1.240915
3162	-272.2901	-362.8103	90.52019	1.021742	3.907146	0.64558	0.35442	1.086437
3168	-268.4394	-358.4713	90.03186	0.7249732	6.679821	0.391533	0.608467	1.114065
3174	-263.9708	-354.4383	90.46747	1.165792	4.318542	0.228413	0.771587	0.8507842
3180	-259.4726	-350.6512	91.17859	0.7645198	3.386121	0.576571	0.423429	0.8686459
3186	-265.1801	-355.8385	90.65842	1.190627	3.66161	0.208176	0.791824	0.8582276
3192	-261.3146	-351.1936	89.87896	1.062708	6.802718	0.418344	0.581656	0.9033576
3198	-261.1412	-351.1508	90.00962	0.8206906	6.393975	0.65468	0.34532	1.105678
3204	-261.2368	-351.2292	89.99246	1.250019	6.393975	0.601283	0.398717	0.5547304
3210	-263.7937	-354.3004	90.50665	1.127335	4.002235	0.577917	0.422083	0.964975
3216	-263.1924	-351.5103	88.31792	1.240769	16.4221	0.577917	0.422083	0.8830837
3222	-256.2323	-346.6854	90.45314	1.436973	3.718444	0.488504	0.511496	0.7791411
3228	-265.1486	-354.7286	89.57998	0.987609	8.578546	0.488504	0.511496	0.9300222
3234	-264.6845	-355.3296	90.64518	1.240151	3.68585	0.62289	0.37711	0.8015617
3240	-266.7501	-357.0736	90.32354	1.395369	4.559055	0.438398	0.561602	0.4326322
3246	-269.143	-359.0595	89.9165	0.6280336	4.76888	0.438797	0.561203	1.661435
3252	-263.7239	-354.2472	90.52331	0.7848869	4.76888	0.478725	0.521275	1.050299
3258	-261.3397	-351.8165	90.47685	0.9127769	4.879513	0.464139	0.535861	0.9360042
3264	-267.0011	-357.1314	90.13038	1.139424	4.879513	0.393241	0.606759	1.05643
3270	-267.1924	-356.9604	89.76804	0.7667197	6.545803	0.388902	0.611098	1.327762
3276	-257.1094	-346.7159	89.60653	1.250415	8.119375	0.473205	0.526795	0.6425927
3282	-254.6366	-344.6735	90.03689	1.054151	6.063053	0.318704	0.681296	0.9246147
3288	-255.7686	-345.5834	89.8148	1.231955	6.108872	0.677989	0.322011	0.9601483
3294	-269.6763	-359.4125	89.73619	1.030446	6.27255	0.41556	0.58444	1.187024
3300	-260.525	-350.9411	90.41605	1.024666	4.849946	0.469611	0.530389	0.8888534
3306	-266.7649	-356.4419	89.67701	1.236618	8.000529	0.469611	0.530389	0.4956293
3312	-276.7664	-367.2806	90.51415	1.281586	3.650704	0.642225	0.357775	0.9235228
3318	-268.6654	-359.9257	91.26033	1.092149	1.988859	0.350599	0.649401	1.120953
3324	-264.9609	-354.6551	89.69423	0.794087	10.25237	0.539947	0.460053	0.656577
3330	-261.447	-350.8781	89.43112	1.249252	9.307675	0.549542	0.450458	0.5146334
3336	-267.4301	-357.8832	90.45308	1.249252	4.406832	0.505341	0.494659	0.7165482
3342	-270.5562	-361.2095	90.65335	1.489097	3.315253	0.276526	0.723474	0.5856053
3348	-271.446	-363.1315	91.68546	1.233519	1.645756	0.518087	0.481913	0.7362037
3354	-267.3022	-357.3719	90.06973	1.206405	6.14207	0.577248	0.422752	0.6340188
3360	-271.4312	-361.8365	90.40534	1.026704	4.865305	0.566499	0.433501	0.8937082
3366	-270.7513	-361.3685	90.61723	1.05178	3.226275	0.310385	0.689615	1.197718
3372	-265.7944	-356.3202	90.52579	0.9324666	3.873532	0.23605	0.76395	1.17194
3378	-263.8042	-354.1888	90.38452	1.060755	5.244687	0.618746	0.381254	0.7399546
3384	-265.8499	-357.3627	91.51279	1.317636	1.753251	0.430966	0.569034	0.7616392
3390	-268.5812	-357.9651	89.38391	0.9805804	9.526426	0.390142	0.609858	0.9728205
3396	-259.9892	-350.1277	90.13842	0.9988469	6.693596	0.43046	0.56954	0.6623147
3402	-262.2338	-353.1737	90.93991	1.286377	3.05466	0.507607	0.492393	0.6439594
3408	-270.433	-361.5406	91.10755	1.387995	2.426075	0.284759	0.715241	0.6822354
3414	-279.834	-370.4229	90.58881	1.818865	2.492083	0.490537	0.509463	0.3016058
3420	-275.0356	-365.8082	90.77263	1.286892	3.553882	0.381155	0.618845	0.4509186
3426	-275.6419	-365.5485	89.90655	1.108382	7.432112	0.677459	0.322541	0.5743053
3432	-269.9611	-360.6181	90.65699	0.832976	4.125699	0.463803	0.536197	1.066472
3438	-270.5584	-360.6465	90.08811	1.152263	4.662758	0.26387	0.73613	1.141437
3444	-262.3495	-352.4196	90.07005	0.8581077	5.816136	0.646097	0.353903	1.141437
3450	-253.7452	-344.2184	90.47318	0.4724555	5.816136	0.373382	0.626618	1.125802
3456	-249.147	-339.0796	89.93257	0.7958942	6.285483	0.5035	0.4965	1.217128
3462	-255.9618	-346.5247	90.56291	1.182839	4.492085	0.481706	0.518294	0.5431751
3468	-264.4971	-354.8152	90.31808	1.373649	4.674847	0.262984	0.737016	0.5361038
3474	-254.7612	-345.9746	91.21344	1.090734	2.733823	0.370723	0.629277	0.7542914
3480	-255.395	-345.6345	90.23955	1.61922	3.759303	0.602403	0.397597	0.2854056
3486	-262.1303	-351.027	88.89665	1.964758	7.245718	0.664496	0.335504	0.2458259
3492	-254.2103	-343.8687	89.65836	1.483459	6.522287	0.342972	0.657028	0.3284649
3498	-256.4189	-347.475	91.05611	1.225111	2.855713	0.308016	0.691984	0.7034898
3504	-255.9983	-345.6111	89.6128	1.580116	6.397511	0.515871	0.484129	0.3527599
3510	-253.9194	-345.2291	91.30969	1.515129	1.886628	0.232334	0.767666	0.3988348
3516	-255.2994	-345.2575	89.9581	1.648134	4.895817	0.545688	0.454312	0.3988348
3522	-261.4358	-351.1127	89.67686	1.468142	6.748362	0.586792	0.413208	0.3988348
3528	-260.7677	-350.3876	89.61985	1.790184	5.683779	0.403425	0.596575	0.568694
3534	-259.7714	-350.1341	90.36279	1.098804	5.50995	0.622393	0.377607	0.5281237
3540	-264.7399	-353.9123	89.17233	1.287592	10.70655	0.800633	0.199367	0.4875986
3546	-264.6638	-354.8762	90.21239	1.402957	4.927003	0.587187	0.412813	0.5554981
3552	-259.7601	-350.1163	90.35625	1.092295	4.613306	0.337834	0.662166	0.956169
3558	-264.5565	-354.6959	90.13939	1.092295	5.737568	0.249025	0.750975	0.8549584
3564	-261.0383	-351.1053	90.06697	0.8373393	5.527385	0.620454	0.379546	1.225323
3570	-265.5359	-356.2263	90.69039	1.074537	3.948576	0.407571	0.592429	0.838094
3576	-273.4915	-363.9349	90.44338	0.7629702	3.948576	0.579865	0.420135	1.359109
3582	-264.4787	-355.0568	90.57811	1.08835	4.063748	0.650784	0.349216	0.9080531
3588	-265.3448	-355.7382	90.39346	0.9745797	4.063748	0.449214	0.550786	1.194247
3594	-270.3487	-360.8126	90.46392	0.9559734	2.860085	0.238472	0.761528	1.517607
3600	-268.4422	-359.5034	91.06113	1.267665	2.84606	0.368501	0.631499	0.6129888
3606	-265.5705	-356.5706	91.00018	1.372412	2.648832	0.538989	0.461011	0.7083884
3612	-256.6433	-347.6746	91.03131	0.7839819	2.480287	0.463862	0.536138	1.350123
3618	-268.257	-359.5122	91.25522	0.2797744	2.417074	0.269962	0.730038	1.586848
3624	-277.4431	-368.3795	90.9364	1.119847	3.253908	0.251076	0.748924	0.7914023
3630	-269.8733	-360.7241	90.8508	1.583304	2.609066	0.334051	0.665949	0.6219622
3636	-268.5472	-358.1252	89.57799	1.442432	7.384468	0.455349	0.544651	0.5891192
3642	-269.828	-359.1042	89.27621	0.9704672	10.93789	0.641588	0.358412	0.8621223
3648	-266.0131	-356.7265	90.71342	0.9477194	2.555998	0.342725	0.657275	1.441409
3654	-269.8653	-360.8016	90.93625	1.14702	3.389874	0.301136	0.698864	0.6620374
3660	-261.6088	-351.6025	89.99364	1.122724	6.324467	0.691541	0.308459	0.8230365
3666	-263.6241	-353.3956	89.77155	1.092567	7.391651	0.657295	0.342705	0.8496374
3672	-271.3277	-361.4169	90.08922	1.02119	6.257935	0.468289	0.531711	0.8496374
3678	-272.8211	-363.0117	90.19064	0.9197783	6.257935	0.482224	0.517776	0.8496374
3684	-271.6284	-362.2591	90.63068	1.103418	4.102139	0.349852	0.650148	0.8119384
3690	-272.6397	-363.2697	90.62996	0.6520014	2.788145	0.450643	0.549357	1.642013
3696	-269.2839	-360.4009	91.11701	0.6537678	2.315049	0.304908	0.695092	1.450105
3702	-275.8903	-366.9251	91.03475	1.002276	2.617356	0.350358	0.649642	1.10664
3708	-270.6981	-361.0071	90.30904	0.6885549	3.889928	0.496541	0.503459	1.534076
3714	-260.433	-351.5502	91.11723	0.8549243	2.732679	0.496541	0.503459	1.116768
3720	-260.494	-350.7263	90.23227	0.7973762	5.523565	0.402186	0.597814	1.116768
3726	-259.1675	-349.0637	89.89625	1.255503	6.53565	0.426235	0.573765	0.7011216
3732	-255.8523	-346.0914	90.23903	1.232323	4.937537	0.504586	0.495414	0.8218453
3738	-261.254	-352.9097	91.65565	1.184422	1.845856	0.525536	0.474464	0.6413667
3744	-266.6722	-357.2685	90.59629	1.098271	4.329597	0.595372	0.404628	0.7657131
3750	-270.2559	-360.6687	90.41285	0.9992404	5.177893	0.427789	0.572211	0.8121454
3756	-271.4938	-361.6473	90.15346	1.070398	5.900476	0.527955	0.472045	0.8144253
3762	-262.9088	-353.8372	90.92841	0.8021826	3.02539	0.327759	0.672241	1.215666
3768	-266.2082	-356.4031	90.1949	1.50783	4.207734	0.346474	0.653526	0.8078881
3774	-260.8029	-351.3014	90.49844	1.73365	3.121046	0.374475	0.625525	0.5281378
3780	-264.7881	-353.6421	88.85398	1.526281	11.01921	0.585395	0.414605	0.3806525
3786	-268.3113	-358.761	90.44971	1.532031	3.727976	0.359756	0.640244	0.6058244
3792	-264.733	-355.1844	90.45134	1.312174	4.312404	0.505256	0.494744	0.6586229
3798	-269.1397	-359.7658	90.62613	1.073676	4.433632	0.505256	0.494744	0.7068146
3804	-271.0375	-361.1625	90.125	1.311646	5.61281	0.533416	0.466584	0.5044511
3810	-263.1406	-352.9688	89.82818	1.578855	5.61281	0.634658	0.365342	0.3879184
3816	-273.2721	-362.962	89.68991	1.352107	7.308738	0.325926	0.674074	0.5662496
3822	-271.4638	-361.3179	89.85408	1.174188	7.308738	0.446224	0.553776	0.6118582
3828	-275.852	-366.0963	90.24425	1.736589	3.641935	0.564591	0.435409	0.3561786
3834	-269.105	-359.4294	90.32438	1.955911	2.342803	0.283317	0.716683	0.2016163
3840	-267.1724	-357.276	90.1036	2.068275	2.762038	0.334173	0.665827	0.2386807
3846	-259.3029	-348.8779	89.57506	2.035117	4.147238	0.413933	0.586067	0.2251347
3852	-263.4693	-351.3544	87.88503	1.762138	16.03894	0.70271	0.29729	0.2743346
3858	-266.1157	-356.1327	90.01706	2.052017	3.228034	0.359565	0.640435	0.2925261
3864	-263.2703	-353.7527	90.48237	1.388847	4.106669	0.459363	0.540637	0.5151785
3870	-264.1332	-354.5164	90.38322	1.777303	3.148778	0.391488	0.608512	0.3442711
3876	-263.7221	-353.5214	89.79931	1.78863	4.6894	0.298151	0.701849	0.3068288
3882	-258.8651	-349.386	90.52089	1.522764	3.605082	0.29985	0.70015	0.4678327
3888	-271.2536	-362.5164	91.26273	0.953489	2.495573	0.4738	0.5262	0.9915408
3894	-272.3368	-362.424	90.08712	1.000705	5.661998	0.601751	0.398249	1.029094
3900	-263.5825	-353.9982	90.41575	0.8470756	5.023909	0.580669	0.419331	1.023839
3906	-261.2951	-351.5852	90.29013	0.6449656	5.420562	0.491945	0.508055	1.222813
3912	-264.2179	-352.7722	88.55433	1.50295	13.39886	0.731593	0.268407	0.6537917
3918	-261.3334	-351.7514	90.41805	1.378131	4.331936	0.627293	0.372707	0.5388043
3924	-256.2346	-346.6324	90.39782	1.299062	4.462887	0.639449	0.360551	0.6961758
3930	-250.9798	-340.8758	89.89602	1.459318	5.920728	0.532629	0.467371	0.4538005
3936	-257.4532	-347.4101	89.95686	1.721242	4.139329	0.521093	0.478907	0.2552662
3942	-256.3584	-347.9041	91.5457	1.073946	2.132008	0.332017	0.667983	0.7359768
3948	-253.7065	-344.6611	90.95454	0.7791106	3.161096	0.467914	0.532086	1.164504
3954	-256.2762	-346.5694	90.2932	0.8330842	3.958722	0.549615	0.450385	1.418969
3960	-259.2212	-350.6382	91.41698	0.525479	2.367039	0.446692	0.553308	1.293753
3966	-255.4899	-346.0155	90.52559	1.102277	3.907979	0.404402	0.595598	1.003741
3972	-260.646	-350.2931	89.64709	1.265039	7.3219	0.526854	0.473146	0.806974
3978	-266.9278	-356.6982	89.77041	1.377053	5.018161	0.318247	0.681753	1.132964
3984	-274.6023	-363.5251	88.92279	1.234998	7.195734	0.583325	0.416675	1.510641
3990	-267.7767	-358.5301	90.75338	0.9587515	2.711566	0.49776	0.50224	1.344371
3996	-261.2782	-351.5206	90.24242	1.110909	4.226328	0.309338	0.690662	1.160821
4002	-260.2928	-350.7393	90.44656	1.791607	3.108828	0.387582	0.612418	0.4845258
4008	-258.5884	-349.0305	90.44213	2.017203	2.300829	0.319662	0.680338	0.2711026
4014	-260.9961	-352.0094	91.01333	1.637141	2.145432	0.284706	0.715294	0.6694708
4020	-264.3828	-355.2162	90.83344	1.237487	3.063691	0.619724	0.380276	0.8704178
4026	-262.1708	-352.1542	89.98344	1.090684	5.296664	0.471977	0.528023	1.130435
4032	-262.2087	-353.1251	90.91643	1.118839	3.342936	0.471977	0.528023	0.7718719
4038	-266.3783	-357.0635	90.68519	1.164042	4.075409	0.644362	0.355638	0.6391499
4044	-273.0212	-363.9274	90.90625	1.033034	3.406888	0.540033	0.459967	0.8637273
4050	-282.3406	-372.4381	90.09748	0.9436031	6.439111	0.688578	0.311422	0.8823034
4056	-278.4983	-368.8223	90.32396	0.8847139	5.204651	0.688578	0.311422	1.02812
4062	-266.3308	-356.6833	90.35246	0.9835996	5.204651	0.61456	0.38544	0.8952146
4068	-270.2896	-361.0932	90.8036	1.411947	3.158909	0.49603	0.50397	0.5366265
4074	-267.1779	-356.6764	89.49856	1.398373	7.848065	0.542325	0.457675	0.363365
4080	-265.6414	-354.1381	88.49668	1.792026	9.833813	0.697389	0.302611	0.2034615
4086	-270.836	-360.0078	89.17179	1.661578	7.856477	0.749985	0.250015	0.302237
4092	-265.4697	-354.8611	89.39143	0.9638649	9.38992	0.645966	0.354034	1.004925
4098	-262.8941	-352.483	89.58891	1.073665	8.473477	0.645966	0.354034	0.8426869
4104	-262.4127	-352.4659	90.0532	1.537037	5.031085	0.511494	0.488506	0.4726447
4110	-261.7104	-350.3039	88.59351	2.298331	4.846612	0.511494	0.488506	0.1074861
4116	-254.8349	-344.9403	90.10533	1.723174	3.758758	0.48694	0.51306	0.2666524
4122	-263.5032	-354.0386	90.53541	1.664362	2.969581	0.391357	0.608643	0.3104893
4128	-261.3288	-351.0029	89.67407	1.687623	5.554088	0.444889	0.555111	0.3167215
4134	-258.6029	-348.8769	90.27401	1.373341	4.803806	0.529456	0.470544	0.5703985
4140	-262.3372	-353.5572	91.22	0.9332916	3.022888	0.480397	0.519603	0.7881797
4146	-262.1116	-352.4424	90.3308	0.8416502	5.186526	0.481984	0.518016	1.067473
4152	-261.1052	-351.2238	90.11863	0.8712948	5.893971	0.586547	0.413453	1.067473
4158	-262.6861	-353.1831	90.49692	0.9248997	5.335718	0.464676	0.535324	0.7385255
4164	-273.8048	-364.3337	90.52886	0.913046	3.301649	0.355887	0.644113	1.359749
4170	-265.8337	-355.5706	89.73686	0.9213543	8.207035	0.457581	0.542419	0.9049523
4176	-271.8867	-361.8669	89.98028	0.8290223	7.065755	0.429577	0.570423	0.9842985
4182	-263.1743	-353.863	90.68868	1.192511	3.679667	0.412118	0.587882	0.8099483
4188	-267.1739	-358.2895	91.11567	0.9114664	2.5448	0.412118	0.587882	1.146788
4194	-269.02	-359.4373	90.41733	0.7684498	5.665405	0.270669	0.729331	0.9279637
4200	-262.5107	-352.4864	89.9757	0.8900401	5.464633	0.569348	0.430652	1.271084
4206	-259.8029	-350.0776	90.2747	1.21038	4.828203	0.672934	0.327066	0.8438001
4212	-271.9738	-363.1248	91.15102	1.254393	2.558599	0.488634	0.511366	0.725134
4218	-279.5606	-371.1096	91.54901	1.084492	1.591546	0.0980419	0.901958	1.097221
4224	-268.4445	-359.2364	90.79198	1.449527	3.071795	0.313062	0.686938	0.583308
4230	-261.7778	-350.8661	89.0883	1.366147	10.7054	0.503024	0.496976	0.556586
4236	-265.7327	-354.4112	88.67854	1.778259	10.7054	0.406627	0.593373	0.4587033
4242	-266.6633	-356.4065	89.74325	1.675882	5.625458	0.481213	0.518787	0.4200428
4248	-274.3027	-364.433	90.13032	1.305599	5.612538	0.437745	0.562255	0.4798709
4254	-272.5998	-361.9949	89.39511	1.50521	8.039624	0.41696	0.58304	0.5564436
4260	-283.4168	-373.2545	89.83763	1.090348	7.228461	0.700581	0.299419	0.8113894
4266	-272.1704	-362.0321	89.86175	0.7790174	5.563909	0.538667	0.461333	1.42943
4272	-265.4012	-355.5005	90.09922	0.8955467	5.563909	0.481652	0.518348	1.138761
4278	-264.5601	-354.8292	90.26903	1.410658	4.669884	0.559531	0.440469	0.5948539
4284	-270.3931	-360.0265	89.63337	1.581264	6.221724	0.695573	0.304427	0.3321587
4290	-266.5252	-356.6997	90.17446	1.777934	3.40749	0.405144	0.594856	0.2635481
4296	-261.6762	-352.507	90.83082	0.7988713	3.848166	0.510899	0.489101	1.022322
4302	-263.9533	-354.4136	90.46034	0.8834186	4.043338	0.582827	0.417173	1.220765
4308	-268.9001	-358.7164	89.8163	0.9350908	5.550914	0.523722	0.476278	1.345553
4314	-264.3351	-355.4102	91.07507	1.164018	2.624448	0.473022	0.526978	0.9013178
4320	-267.9619	-358.3082	90.34636	1.341895	4.691264	0.473022	0.526978	0.5238443
4326	-266.7148	-355.9811	89.26634	1.353182	9.125796	0.769873	0.230127	0.7461172
4332	-259.11	-348.9128	89.80284	1.192548	7.293613	0.646153	0.353847	0.689793
4338	-258.6208	-347.6858	89.06505	1.440598	10.40484	0.646153	0.353847	0.5031285
4344	-261.634	-351.8788	90.24478	1.145142	5.797513	0.583024	0.416976	0.5122546
4350	-258.4356	-348.2112	89.77559	1.579769	5.797513	0.431503	0.568497	0.3793357
4356	-257.3692	-347.2212	89.85194	1.825118	4.068451	0.542753	0.457247	0.2431413
4362	-262.5893	-351.49	88.90077	1.844601	8.599163	0.363636	0.636364	0.3484996
4368	-269.4561	-360.6972	91.24106	1.490424	2.06514	0.355628	0.644372	0.5789491
4374	-269.4971	-359.3113	89.81423	1.848359	4.562246	0.389559	0.610441	0.3403409
4380	-268.8518	-358.2636	89.41171	2.301629	3.451486	0.407849	0.592151	0.1777479
4386	-270.7127	-359.9178	89.2051	1.986261	6.23842	0.445531	0.554469	0.3144512
4392	-266.483	-356.1693	89.68625	1.789662	5.156492	0.540795	0.459205	0.3245737
4398	-268.4765	-358.671	90.19445	1.634153	4.219055	0.131059	0.868941	0.4453661
4404	-265.0638	-354.7984	89.73466	1.677877	5.381205	0.523935	0.476065	0.3218379
4410	-269.3753	-358.9731	89.59781	1.814065	5.381205	0.604155	0.395845	0.3212398
4416	-271.4642	-360.188	88.72383	2.157148	6.073878	0.665933	0.334067	0.1641956
4422	-265.452	-356.3927	90.94068	0.7996147	3.582834	0.517718	0.482282	1.006818
4428	-273.9427	-364.3557	90.41297	0.7240522	4.810622	0.4539	0.5461	1.193902
4434	-259.5322	-348.5825	89.05031	1.25458	11.01454	0.644153	0.355847	0.7726372
4440	-262.3806	-352.4319	90.05132	1.337298	5.586653	0.494083	0.505917	0.6841818
4446	-261.8995	-352.5373	90.6378	1.47116	3.421593	0.423623	0.576377	0.5543091
4452	-261.55	-351.7293	90.17931	1.240471	5.659403	0.40325	0.59675	0.4513696
4458	-268.4503	-357.4085	88.95819	1.321418	11.69359	0.744306	0.255694	0.3727483
4464	-263.1673	-351.2501	88.08274	1.706797	15.52777	0.764038	0.235962	0.344749
4470	-266.4709	-350.7856	84.3147	1.706797	103.5791	0.924337	0.0756629	0.2565999
4476	-267.4585	-354.2251	86.76663	1.480542	35.11887	0.901054	0.0989465	0.2769158
4482	-273.8197	-359.3308	85.51114	1.978163	50.50644	0.760902	0.239098	0.2468857
4488	-262.9934	-350.2648	87.27134	2.210997	14.27278	0.764591	0.235409	0.1487873
4494	-254.9106	-343.963	89.05242	2.210997	4.584159	0.451628	0.548372	0.1603624
4500	-251.9368	-340.2104	88.27354	2.155979	7.772812	0.560188	0.439812	0.1449888
4506	-257.5442	-346.1823	88.63812	2.3873	5.868086	0.455629	0.544371	0.1900683
4512	-259.4425	-348.3332	88.89077	2.3873	4.294406	0.484176	0.515824	0.1439869
4518	-257.4095	-345.665	88.25546	2.294197	6.917317	0.547842	0.452158	0.1344217
4524	-263.1786	-350.0906	86.91196	2.40395	11.49036	0.5338	0.4662	0.07642276
4530	-264.3761	-353.1582	88.78215	2.275755	4.450443	0.52132	0.47868	0.1143314
4536	-261.818	-350.6851	88.86711	2.275897	4.831182	0.52132	0.47868	0.1496723
4542	-273.1433	-362.805	89.66167	1.670709	5.735332	0.52132	0.47868	0.332128
4548	-270.1844	-360.2983	90.11388	1.606302	4.460294	0.357542	0.642458	0.3732515
4554	-263.6947	-352.5422	88.84742	1.047849	14.16241	0.75089	0.24911	0.7720405
4560	-265.9814	-356.8579	90.87642	1.263721	2.933982	0.485566	0.514434	0.853654
4566	-267.7584	-358.1183	90.35987	1.587022	3.883316	0.485566	0.514434	0.494729
4572	-267.8616	-358.3056	90.44403	1.493172	3.883316	0.387672	0.612328	0.5731029
4578	-260.9225	-350.5626	89.6401	1.109063	8.555073	0.634898	0.365102	0.6974614
4584	-265.1951	-355.2756	90.08052	1.099485	3.872333	0.49335	0.50665	1.400279
4590	-260.1432	-350.953	90.80985	0.7055898	2.16244	0.343979	0.656021	1.697491
4596	-261.2649	-351.8164	90.55145	0.6908657	2.708834	0.29718	0.70282	1.696118
4602	-276.4369	-366.738	90.30108	0.9183155	3.692529	0.54922	0.45078	1.418842
4608	-274.1556	-365.3297	91.1741	0.7566308	2.70485	0.43226	0.56774	1.165035
4614	-268.1827	-359.2752	91.09243	0.5440904	3.829274	0.587169	0.412831	1.022078
4620	-270.3038	-361.0803	90.77644	0.7322725	2.737234	0.519387	0.480613	1.492428
4626	-260.9729	-352.7349	91.762	0.4952908	1.594345	0.44179	0.55821	1.409613
4632	-263.6904	-354.9244	91.23401	0.5500164	3.299004	0.786828	0.213172	1.068852
4638	-263.6879	-354.4063	90.71841	0.8701392	2.719067	0.469616	0.530384	1.438154
4644	-256.8125	-347.1461	90.33363	0.9833398	3.232739	0.292758	0.707242	1.477366
4650	-261.3474	-351.4906	90.14324	0.9512002	5.072132	0.447049	0.552951	1.166577
4656	-263.0161	-353.6899	90.67378	0.9158169	2.477416	0.47447	0.52553	1.524377
4662	-267.7285	-359.4743	91.74577	0.8421657	2.093087	0.255456	0.744544	0.8117764
4668	-268.0728	-359.1617	91.0889	1.013222	2.928181	0.493255	0.506745	0.9007981
4674	-264.4706	-355.2675	90.79689	1.199953	2.928181	0.537099	0.462901	1.011287
4680	-264.8587	-355.0255	90.16685	1.314882	5.213022	0.683075	0.316925	0.6938177
4686	-276.0652	-365.1725	89.10729	1.465956	9.962419	0.370917	0.629083	0.4771526
4692	-262.8405	-351.75	88.90948	1.579162	10.44566	0.756255	0.243745	0.4300501
4698	-260.7541	-350.8345	90.08042	1.298707	5.589453	0.531534	0.468466	0.6999961
4704	-269.4158	-359.2525	89.83669	0.8576436	5.589453	0.608692	0.391308	1.38278
4710	-265.1451	-355.108	89.96294	0.9678159	5.277044	0.575038	0.424962	1.258342
4716	-260.9834	-350.2472	89.26383	1.367452	9.300662	0.636101	0.363899	0.6765177
4722	-259.7168	-349.9474	90.2305	1.103042	5.233939	0.504128	0.495872	0.8890536
4728	-259.7926	-349.4708	89.6782	1.278432	5.332158	0.498794	0.501206	1.224348
4734	-260.1207	-350.9417	90.82091	1.037716	2.865144	0.339031	0.660969	1.164857
4740	-271.0319	-360.486	89.45415	2.107074	4.35211	0.646296	0.353704	0.2321739
4746	-265.4255	-354.7325	89.30707	2.017036	4.35211	0.549753	0.450247	0.1578655
4752	-263.3772	-353.0028	89.62565	1.961366	4.228995	0.682729	0.317271	0.2265144
4758	-270.7009	-359.6225	88.92155	1.857332	7.438466	0.771677	0.228323	0.2265144
4764	-263.5088	-353.767	90.2582	1.29721	4.653729	0.498272	0.501728	0.8197132
4770	-261.5557	-352.1341	90.57839	1.118541	3.633759	0.394305	0.605695	1.031091
4776	-261.1255	-351.7543	90.62888	1.36204	2.893397	0.551129	0.448871	1.031913
4782	-260.1264	-350.3571	90.23066	1.466384	4.648369	0.293373	0.706627	0.5518805
4788	-268.5317	-358.3527	89.82097	1.423315	6.393451	0.56346	0.43654	0.4571416
4794	-266.1414	-356.2021	90.06072	1.819662	3.633202	0.444231	0.555769	0.2705988
4800	-268.2521	-357.5175	89.26537	1.973788	5.780977	0.461094	0.538906	0.2705988
4806	-266.5823	-355.3704	88.78804	1.800557	7.361971	0.675636	0.324364	0.1620932
4812	-267.4216	-358.0173	90.59562	0.4678265	3.75666	0.441608	0.558392	1.519721
4818	-265.2544	-356.7942	91.53988	0.6672832	2.283323	0.58352	0.41648	1.103818
4824	-268.4948	-355.7822	87.28742	1.852938	20.81258	0.688178	0.311822	0.2437468
4830	-261.5283	-351.2559	89.72761	1.06918	6.853064	0.434216	0.565784	1.04148
4836	-259.5368	-350.5828	91.04603	0.8203833	3.04762	0.373951	0.626049	1.087262
4842	-259.4919	-349.0172	89.52539	1.176322	7.554615	0.373007	0.626993	0.9918165
4848	-258.6937	-347.7258	89.03209	1.196672	12.17456	0.669595	0.330405	0.6196779
4854	-252.6478	-342.769	90.12119	1.000794	5.819973	0.663622	0.336378	0.954757
4860	-256.126	-346.1166	89.99063	0.7798747	7.978145	0.691185	0.308815	0.8226995
4866	-251.2408	-341.608	90.3672	0.7559658	4.637346	0.540928	0.459072	1.248745
4872	-257.2372	-347.1777	89.94054	0.600809	6.325566	0.672911	0.327089	1.362434
4878	-260.1758	-350.8679	90.69217	1.084362	4.112803	0.255095	0.744905	0.7478629
4884	-257.4887	-349.3879	91.89918	0.8570802	1.669902	0.469281	0.530719	0.9217375
4890	-256.696	-346.3179	89.62194	0.8028395	7.588852	0.452574	0.547426	1.237552
4896	-259.1328	-349.6812	90.54834	0.785883	4.721252	0.39587	0.60413	1.038716
4902	-267.1147	-358.2985	91.18375	0.8735727	2.125074	0.416454	0.583546	1.305734
4908	-261.5911	-351.9864	90.39523	1.099319	5.292711	0.327055	0.672945	0.6222099
4914	-259.656	-351.1207	91.46473	1.444088	1.770725	0.383005	0.616995	0.4245076
4920	-263.9701	-355.3201	91.34998	1.241617	2.26202	0.504608	0.495392	0.6604227
4926	-260.6889	-352.6374	91.94859	1.586804	0.9980456	0.407302	0.592698	0.4883837
4932	-259.6728	-350.1038	90.43099	0.8854025	4.190825	0.593514	0.406486	1.202776
4938	-259.496	-349.6641	90.1681	1.097752	4.166213	0.346807	0.653193	1.252169
4944	-256.6086	-347.6492	91.0406	1.114166	3.051536	0.389154	0.610846	0.7692832
4950	-257.0104	-346.9377	89.92729	1.345743	6.132408	0.330536	0.669464	0.6463259
4956	-255.1467	-345.2585	90.11177	1.104994	6.132408	0.682561	0.317439	0.7465158
4962	-254.9202	-344.9387	90.0185	1.270112	6.132408	0.634744	0.365256	0.6078356
4968	-255.4237	-345.3641	89.94034	1.150789	6.949799	0.621674	0.378326	0.6420674
4974	-246.9613	-338.8897	91.92839	1.150789	1.506806	0.475009	0.524991	0.6164572
4980	-252.0683	-342.8716	90.80335	1.178593	3.301741	0.605404	0.394596	0.8615544
4986	-264.0973	-355.0797	90.98239	0.9101916	3.747317	0.60021	0.39979	0.7609661
4992	-265.5697	-356.4684	90.89872	0.6115732	2.69163	0.373408	0.626592	1.506992
4998	-267.1978	-357.4651	90.26732	0.6200116	4.335082	0.360743	0.639257	1.506992
5004	-260.9667	-352.0838	91.1171	0.252048	3.773131	0.620163	0.379837	1.276924
5010	-262.2007	-352.3795	90.17876	0.6599277	3.773131	0.719144	0.280856	1.679035
5016	-265.7035	-356.5416	90.83809	0.6844498	2.588118	0.51189	0.48811	1.534173
5022	-255.827	-346.7118	90.88475	0.5073241	3.123883	0.339044	0.660956	1.453878
5028	-255.1462	-346.0112	90.86501	0.8435986	2.42662	0.455149	0.544851	1.453878
5034	-251.4462	-342.5693	91.12308	1.248622	2.629151	0.395086	0.604914	0.7251733
5040	-257.6687	-347.4323	89.76361	1.021444	6.978423	0.325538	0.674462	1.026814
5046	-258.5811	-349.5337	90.95258	0.9487186	3.116912	0.461265	0.538735	1.026814
5052	-256.2513	-348.0114	91.76004	0.8943464	1.853843	0.408906	0.591094	0.9025025
5058	-256.3769	-346.686	90.30912	1.205487	5.046112	0.503592	0.496408	0.7161133
5064	-255.7935	-346.054	90.26046	1.328205	5.03465	0.349373	0.650627	0.5333568
5070	-260.0526	-350.899	90.84643	1.484815	2.886112	0.397089	0.602911	0.5333568
5076	-263.6514	-353.8891	90.23772	1.376574	4.943439	0.260598	0.739402	0.5333568
5082	-265.1475	-356.5248	91.37725	1.405062	1.951465	0.617218	0.382782	0.3927231
5088	-259.4299	-349.4999	90.07	1.364873	5.61962	0.557896	0.442104	0.4937462
5094	-253.3368	-342.9816	89.64478	0.9893701	9.129727	0.626737	0.373263	0.722127
5100	-262.8917	-352.5089	89.61718	1.092716	7.236385	0.555296	0.444704	1.047145
5106	-266.6756	-356.6705	89.99493	0.8021491	7.163237	0.550731	0.449269	0.9759226
5112	-265.7185	-355.991	90.27245	1.185247	5.127486	0.610619	0.389381	0.7688368
5118	-265.3418	-356.5338	91.19201	1.512554	2.129067	0.352021	0.647979	0.4684148
5124	-267.7691	-358.0269	90.2578	1.018452	5.327744	0.442097	0.557903	0.9248695
5130	-269.7169	-361.0185	91.30167	1.314847	2.245107	0.430427	0.569573	0.6245594
5136	-261.2766	-351.8497	90.57309	1.237923	3.793983	0.430427	0.569573	0.8471609
5142	-260.4265	-351.1824	90.75596	0.9888142	4.165483	0.345178	0.654822	0.7691493
5148	-264.7887	-355.0622	90.2735	0.969265	5.959766	0.27166	0.72834	0.7691493
5154	-261.3613	-351.4434	90.08212	1.282093	5.744471	0.583843	0.416157	0.6534084
5160	-261.8789	-352.4121	90.53324	1.232494	3.80856	0.336057	0.663943	0.8943323
5166	-258.8667	-348.8782	90.01149	1.076298	7.034138	0.726981	0.273019	0.6052167
5172	-258.3941	-349.3426	90.94856	1.061176	2.675783	0.457711	0.542289	1.106497
5178	-258.9596	-349.8853	90.92569	0.8031614	3.385455	0.346977	0.653023	1.088894
5184	-260.8966	-352.0288	91.13217	0.7438381	3.020646	0.326404	0.673596	1.088894
5190	-259.6471	-350.1524	90.50535	1.248129	4.146155	0.195702	0.804298	0.7657137
5196	-272.0492	-362.4458	90.39655	1.218893	2.125818	0.422963	0.577037	1.640623
5202	-265.2674	-355.4108	90.1434	1.043426	6.243975	0.553358	0.446642	0.7520738
5208	-264.8475	-356.4071	91.55961	0.9799879	1.959793	0.513494	0.486506	0.9568797
5214	-265.9596	-356.8205	90.86094	1.029656	3.580326	0.582021	0.417979	0.8438247
5220	-262.5278	-354.1728	91.64493	1.271925	1.536467	0.264098	0.735902	0.8438247
5226	-260.3765	-351.8212	91.44464	1.30937	2.038481	0.41174	0.58826	0.5466316
5232	-263.1005	-352.6524	89.55183	1.303364	8.198364	0.632741	0.367259	0.6103182
5238	-252.2989	-343.2232	90.92431	0.9658288	3.634368	0.362996	0.637004	0.819592
5244	-253.001	-342.8353	89.83432	0.9785623	7.661775	0.48184	0.51816	0.846257
5250	-251.2949	-341.3206	90.02564	0.9228559	7.562383	0.480714	0.519286	0.6759199
5256	-257.9754	-348.0564	90.08096	0.4134869	9.423415	0.710721	0.289279	0.8472042
5262	-262.0179	-351.9925	89.9746	1.196201	6.011535	0.798134	0.201866	0.8472042
5268	-261.6539	-351.143	89.48909	1.151075	9.221145	0.600192	0.399808	0.6849625
5274	-260.918	-351.5906	90.67261	1.015744	4.525228	0.415995	0.584005	0.6767411
5280	-259.4747	-349.8718	90.39716	1.441397	4.206437	0.439568	0.560432	0.4834757
5286	-259.5749	-349.9762	90.40127	1.415273	4.237228	0.486138	0.513862	0.4246293
5292	-262.0271	-353.0458	91.01865	1.071497	2.703969	0.361922	0.638078	1.018146
5298	-266.2637	-356.4087	90.14505	1.192333	5.242313	0.301901	0.698099	0.8820458
5304	-264.1506	-355.0915	90.94089	1.487022	2.650553	0.384597	0.615403	0.4257422
5310	-262.5419	-352.0991	89.55717	1.62258	6.19145	0.676679	0.323321	0.2966912
5316	-267.7493	-356.872	89.12269	1.390504	10.06281	0.594629	0.405371	0.6660065
5322	-262.1679	-350.9744	88.80647	1.603287	10.73328	0.62093	0.37907	0.3625947
5328	-265.6438	-355.6219	89.97815	1.329332	6.12758	0.447854	0.552146	0.4644756
5334	-267.6321	-357.8978	90.26571	1.148567	3.082521	0.421217	0.578783	1.44999
5340	-274.7676	-364.9167	90.14906	1.168256	2.753739	0.600982	0.399018	1.627767
5346	-268.968	-358.9788	90.01075	0.8833445	2.573267	0.427065	0.572935	1.979339
5352	-261.7932	-351.8695	90.07632	0.7747054	6.15209	0.305937	0.694063	1.137754
5358	-263.3473	-353.7167	90.36938	1.112574	3.993101	0.134245	0.865755	1.114604
5364	-253.9344	-344.9025	90.96814	1.213549	3.196635	0.437967	0.562033	0.6098975
5370	-257.2037	-347.6085	90.4048	0.9806904	5.210556	0.418384	0.581616	0.8347051
5376	-255.2008	-345.3403	90.1395	1.295492	5.210556	0.468571	0.531429	0.7688844
5382	-260.1616	-349.3531	89.1915	1.052369	11.49039	0.532771	0.467229	0.762803
5388	-262.6499	-353.4843	90.83444	1.295832	2.816128	0.563582	0.436418	0.9241969
5394	-262.9733	-353.1279	90.15454	1.698874	3.922246	0.563582	0.436418	0.7277765
5400	-260.8772	-351.5178	90.64066	1.209824	3.922246	0.563582	0.436418	0.7324153
5406	-257.3771	-347.6436	90.26646	1.266952	4.788818	0.43213	0.56787	0.7964804
5412	-262.5994	-353.0785	90.47908	1.143532	4.48979	0.43213	0.56787	0.7964804
5418	-260.3467	-350.8309	90.48426	1.005047	4.327425	0.437888	0.562112	1.004306
5424	-266.93	-357.5865	90.65652	0.9108033	3.796366	0.437888	0.562112	1.098483
5430	-264.3921	-354.2252	89.83314	1.257994	5.649563	0.604517	0.395483	1.028938
5436	-265.8543	-355.942	90.08767	1.27255	5.649563	0.383132	0.616868	0.7062091
5442	-268.4769	-358.2573	89.78039	1.655347	5.523102	0.370441	0.629559	0.6176303
5448	-263.1378	-352.9601	89.82232	1.698408	5.268025	0.560203	0.439797	0.4463979
5454	-261.849	-351.7415	89.89257	2.010483	3.929956	0.519118	0.480882	0.3910121
5460	-261.8412	-350.4773	88.63614	1.829978	10.36358	0.423184	0.576816	0.3634874
5466	-264.4976	-352.1551	87.65752	1.770326	19.15869	0.813019	0.186981	0.3425817
5472	-259.05	-347.336	88.28593	1.715088	12.75325	0.806768	0.193232	0.2584641
5478	-263.8672	-351.9578	88.09058	1.587499	17.13662	0.796507	0.203493	0.5535525
5484	-258.8398	-348.8243	89.98451	1.491191	5.441012	0.447539	0.552461	0.5535525
5490	-255.1563	-344.6102	89.45387	1.447695	8.05356	0.548771	0.451229	0.4686602
5496	-260.0893	-348.1272	88.03783	1.463755	17.38284	0.62805	0.37195	0.2692786
5502	-254.9415	-343.696	88.75453	1.730897	10.10789	0.62805	0.37195	0.339601
5508	-273.034	-362.67	89.63603	1.797637	5.588464	0.522301	0.477699	0.5710959
5514	-268.2397	-358.4952	90.2555	1.623912	4.082085	0.371537	0.628463	0.5139063
5520	-262.1873	-351.1735	88.98618	1.585775	9.607267	0.666174	0.333826	0.3469105
5526	-263.6143	-352.2163	88.60196	1.87846	10.02665	0.666174	0.333826	0.3222502
5532	-264.3403	-354.2253	89.88505	1.572217	5.218051	0.47658	0.52342	0.7324894
5538	-265.6267	-355.5763	89.94967	1.375984	5.26671	0.282825	0.717175	0.8879833
5544	-266.9319	-357.1483	90.21635	0.8657664	5.161914	0.322847	0.677153	1.155704
5550	-261.6174	-352.1146	90.49716	0.889567	4.486189	0.515014	0.484986	1.055992
5556	-259.5876	-350.3558	90.76822	0.9045204	4.407499	0.664031	0.335969	0.7619631
5562	-257.9377	-348.17	90.23233	1.191946	5.268069	0.542944	0.457056	0.7619631
5568	-271.0438	-362.4614	91.41755	1.191946	2.203045	0.34181	0.65819	0.687224
5574	-272.5104	-363.7877	91.27729	1.114749	2.320325	0.297711	0.702289	0.8990917
5580	-257.5376	-347.9119	90.3743	0.9778588	5.607948	0.330917	0.669083	0.7366021
5586	-252.7704	-343.4584	90.688	1.111547	4.154382	0.330917	0.669083	0.6873573
5592	-251.0387	-341.6569	90.61819	1.253345	3.955371	0.393462	0.606538	0.6766346
5598	-254.892	-344.5821	89.69011	1.323162	7.472435	0.376698	0.623302	0.5435714
5604	-261.2171	-352.589	91.37186	1.448506	1.885077	0.337977	0.662023	0.6306134
5610	-264.3586	-355.3951	91.03655	0.9333531	3.592466	0.337977	0.662023	0.7283728
5616	-259.9965	-350.4571	90.46054	1.243405	4.37832	0.42153	0.57847	0.7283728
5622	-265.9679	-355.2395	89.27158	1.035406	9.26694	0.564809	0.435191	1.071357
5628	-261.7429	-352.4576	90.71469	0.862705	2.91064	0.389166	0.610834	1.380389
5634	-262.8723	-354.0155	91.14319	0.9559198	2.699263	0.217251	0.782749	1.011454
5640	-256.3516	-347.7364	91.38472	1.011555	2.503824	0.436379	0.563621	0.7786067
5646	-262.3972	-352.5695	90.17229	1.349326	5.262933	0.365054	0.634946	0.559995
5652	-258.8163	-349.4294	90.61307	1.33199	3.886659	0.370652	0.629348	0.4810644
5658	-258.9486	-349.451	90.50241	1.48027	3.659387	0.49391	0.50609	0.3668345
5664	-261.539	-351.9656	90.42652	1.574855	3.659387	0.445297	0.554703	0.3970068
5670	-267.8144	-358.0275	90.21315	1.268638	5.344978	0.488593	0.511407	0.6191959
5676	-263.5162	-353.6198	90.10357	1.390678	5.289616	0.406041	0.593959	0.3928483
5682	-257.8175	-348.238	90.42044	1.050976	5.09288	0.575053	0.424947	0.7628049
5688	-262.2799	-351.2468	88.96687	1.109608	13.38704	0.684916	0.315084	0.6114092
5694	-267.2736	-356.7756	89.50193	1.49815	7.537748	0.800507	0.199493	0.458233
5700	-259.2338	-349.0664	89.83253	1.686655	5.19915	0.485201	0.514799	0.393843
5706	-253.5709	-344.0131	90.44218	1.486368	3.717166	0.368936	0.631064	0.3288364
5712	-253.716	-343.2957	89.57964	1.432518	7.414272	0.63249	0.36751	0.4147195
5718	-257.6609	-348.0158	90.35491	0.8795709	5.673493	0.465519	0.534481	0.8708083
5724	-255.6244	-346.6804	91.05599	1.010113	3.216836	0.550079	0.449921	0.7980852
5730	-262.6432	-352.8417	90.19859	1.745436	3.886064	0.550079	0.449921	0.4692735
5736	-260.1393	-350.3144	90.17513	1.714161	3.40503	0.461926	0.538074	0.2321559
5742	-267.6241	-357.6169	89.99284	1.714161	4.247279	0.516706	0.483294	0.2940428
5748	-258.347	-347.7711	89.4241	1.744177	5.581635	0.451663	0.548337	0.2140952
5754	-257.292	-347.797	90.50493	1.647499	3.181567	0.451663	0.548337	0.3502338
5760	-260.7487	-350.4753	89.72652	1.755647	5.190001	0.45203	0.54797	0.3398025
5766	-262.1228	-353.1019	90.97914	1.295923	2.987536	0.45203	0.54797	0.5899586
5772	-258.197	-347.7747	89.57766	1.180419	8.849823	0.486745	0.513255	0.5223662
5778	-256.401	-346.8733	90.47227	1.217939	4.68096	0.619229	0.380771	0.5339323
5784	-256.6652	-347.933	91.26781	1.157926	2.663768	0.377246	0.622754	0.567009
5790	-261.7008	-352.7372	91.03637	1.054021	3.104462	0.667423	0.332577	0.8260718
5796	-263.0947	-353.1369	90.04222	1.025424	3.567489	0.550676	0.449324	1.567233
5802	-259.5902	-349.9219	90.3317	1.274607	4.546661	0.496487	0.503513	0.7950953
5808	-258.7482	-349.2094	90.46119	1.218801	4.706505	0.667745	0.332255	0.5509925
5814	-269.5347	-360.3687	90.83402	1.329907	3.281766	0.31625	0.68375	0.5509925
5820	-265.0261	-356.04	91.01388	0.9964571	3.25676	0.253414	0.746586	0.8487903
5826	-264.4357	-355.5363	91.10056	1.022184	3.275132	0.467395	0.532605	0.6726404
5832	-255.7045	-345.8045	90.10007	1.328274	5.284096	0.467395	0.532605	0.7495867
5838	-261.1246	-351.9132	90.78857	0.9359002	3.817294	0.56966	0.43034	0.9364375
5844	-254.261	-345.1914	90.93038	0.9028465	3.516421	0.355768	0.644232	0.9364375
5850	-261.932	-352.3218	90.38976	0.8058667	5.342071	0.355768	0.644232	1.004647
5856	-257.3556	-348.2251	90.86948	0.7321834	2.624707	0.361711	0.638289	1.461722
5862	-263.0285	-354.1109	91.08234	0.6379407	2.596689	0.345085	0.654915	1.380478
5868	-269.4999	-360.8212	91.32136	0.8197848	1.365467	0.276367	0.723633	1.623264
5874	-269.0137	-358.8637	89.84994	0.7336269	6.177298	0.313977	0.686023	1.356397
5880	-262.9017	-353.0734	90.17169	0.851768	5.571231	0.463745	0.536255	1.11125
5886	-255.7056	-346.8329	91.12723	0.6987938	2.48874	0.300062	0.699938	1.338257
5892	-257.4242	-347.6907	90.26648	1.292119	5.07219	0.613228	0.386772	0.611693
5898	-264.7008	-355.273	90.57219	1.238648	4.201346	0.65125	0.34875	0.6324783
5904	-259.3559	-349.1627	89.80679	1.073855	7.497451	0.538214	0.461786	0.8015925
5910	-259.6432	-350.2968	90.6536	1.023795	3.921558	0.417214	0.582786	0.9481753
5916	-256.612	-347.1536	90.54161	1.0348	3.921558	0.417214	0.582786	1.049367
5922	-257.1657	-347.5665	90.40086	1.074914	4.63126	0.488167	0.511833	0.9212905
5928	-262.2463	-352.5093	90.26294	1.095203	4.63126	0.488167	0.511833	1.041362
5934	-263.0142	-353.9675	90.9533	1.21388	3.094708	0.379707	0.620293	0.7231879
5940	-258.3607	-349.7024	91.3417	0.7000494	1.989	0.305875	0.694125	1.380362
5946	-259.9518	-351.0157	91.06388	0.9069185	1.989	0.441205	0.558795	1.435377
5952	-258.1999	-349.8085	91.60857	0.88873	2.240968	0.42643	0.57357	0.8235987
5958	-252.9212	-344.2126	91.29141	1.094513	2.240968	0.500607	0.499393	0.951421
5964	-258.1319	-349.6819	91.55005	0.9318714	2.196037	0.350855	0.649145	0.8719583
5970	-259.855	-351.2649	91.40987	1.012879	2.226614	0.394119	0.605881	0.920169
5976	-260.7566	-352.2813	91.52476	1.055545	2.226614	0.351569	0.648431	0.7158455
5982	-270.1082	-361.8864	91.77821	1.024369	1.723673	0.39475	0.60525	0.8255045
5988	-264.4545	-355.2952	90.84069	1.277725	2.917135	0.217247	0.782753	0.8877552
5994	-274.7862	-365.6978	90.91165	1.277725	3.057087	0.127358	0.872642	0.7124254
6000	-257.8467	-348.4184	90.5717	1.012901	4.638125	0.444951	0.555049	0.7872122
6006	-256.6065	-346.8307	90.22413	0.8410966	4.638125	0.624018	0.375982	1.296279
6012	-255.4648	-346.3437	90.87889	0.6210709	3.142617	0.574495	0.425505	1.364292
6018	-253.3327	-343.8116	90.47892	1.13285	4.74762	0.512863	0.487137	0.6955711
6024	-255.2207	-345.7104	90.48975	0.8702371	5.071325	0.512863	0.487137	0.9093912
6030	-256.33	-346.4332	90.10313	1.446311	5.137347	0.400411	0.599589	0.5848526
6036	-261.3134	-351.6161	90.30268	1.638508	3.890281	0.288021	0.711979	0.4601157
6042	-259.6616	-347.4658	87.80422	1.605073	19.72437	0.650454	0.349546	0.3853854
6048	-252.6992	-342.0991	89.3999	1.852131	5.471834	0.634726	0.365274	0.2368028
6054	-263.9757	-354.4079	90.43224	1.621008	3.526435	0.519477	0.480523	0.6113336
6060	-260.472	-350.7369	90.26485	1.058106	5.256207	0.421121	0.578879	0.8942716
6066	-270.5566	-358.5859	88.0293	1.486292	18.8516	0.665591	0.334409	0.4589246
6072	-259.4697	-349.0651	89.59534	1.750028	5.699451	0.608283	0.391717	0.3361368
6078	-267.3862	-356.7026	89.31647	1.850351	5.699451	0.696466	0.303534	0.2252449
6084	-260.0988	-350.0201	89.92131	1.756357	4.691995	0.435234	0.564766	0.5796244
6090	-263.6328	-354.3021	90.66927	1.080686	4.469684	0.644356	0.355644	0.5577382
6096	-263.4888	-352.1392	88.65045	1.445075	13.40547	0.534478	0.465522	0.4870303
6102	-266.5198	-357.412	90.89226	0.5792102	4.625854	0.58414	0.41586	0.9277331
6108	-273.2762	-364.1784	90.90223	0.5692463	4.625854	0.596436	0.403564	0.9277331
6114	-259.4667	-350.4325	90.96579	1.160404	2.682172	0.371621	0.628379	0.9923351
6120	-260.7963	-350.9504	90.15403	0.9538742	6.582414	0.525743	0.474257	0.7544772
6126	-261.4003	-351.739	90.33873	1.334843	4.735593	0.534568	0.465432	0.4638877
6132	-264.4598	-355.8029	91.34307	0.3941397	2.411492	0.52673	0.47327	1.437847
6138	-266.6359	-357.8513	91.21533	0.3541695	3.202697	0.579499	0.420501	1.288897
6144	-260.8075	-352.2572	91.44968	1.056246	2.279643	0.36427	0.63573	0.7849575
6150	-266.7538	-357.2739	90.52011	0.783247	5.420713	0.60576	0.39424	0.8663484
6156	-259.4341	-349.9738	90.53968	0.5709472	4.255177	0.266706	0.733294	1.354809
6162	-273.9964	-362.875	88.87861	1.055175	12.39331	0.469713	0.530287	0.9837728
6168	-269.626	-359.6535	90.02749	1.447323	5.429445	0.37282	0.62718	0.5712395
6174	-263.9035	-353.5257	89.6222	1.20311	8.299718	0.478472	0.521528	0.6382558
6180	-273.5487	-364.0666	90.51795	1.063445	4.974373	0.526064	0.473936	0.6235952
6186	-265.568	-353.6472	88.07916	1.72166	14.08288	0.501718	0.498282	0.2402346
6192	-266.9881	-356.6991	89.71097	1.742835	4.962814	0.580852	0.419148	0.2694378
6198	-268.3204	-358.7115	90.39106	1.681314	3.289312	0.46997	0.53003	0.3138064
6204	-268.667	-358.3858	89.71877	1.895602	3.997996	0.272532	0.727468	0.2078483
6210	-272.9248	-362.8791	89.95433	1.824419	3.997996	0.610608	0.389392	0.2870083
6216	-264.535	-353.5931	89.05807	1.916947	6.703233	0.610608	0.389392	0.2448674
6222	-274.7991	-364.9036	90.10453	2.118819	2.415881	0.503828	0.496172	0.1951812
6228	-276.1281	-367.5968	91.46863	1.552903	1.511629	0.395644	0.604356	0.3279475
6234	-265.1649	-355.9051	90.74015	1.671137	2.645018	0.394375	0.605625	0.3847952
6240	-270.9399	-360.235	89.2952	1.638607	7.391616	0.746826	0.253174	0.3089014
6246	-274.5861	-362.9554	88.36926	1.436146	13.60449	0.681094	0.318906	0.9583929
6252	-270.3975	-360.1563	89.75882	1.436146	6.623598	0.421013	0.578987	0.5258449
6258	-269.7256	-360.9449	91.2193	1.121671	2.813932	0.505763	0.494237	0.6186289
6264	-271.9851	-362.3735	90.38843	1.609117	3.730532	0.645915	0.354085	0.4625499
6270	-266.4323	-357.053	90.62074	1.203841	3.823565	0.386508	0.613492	0.8171762
6276	-272.8672	-364.1306	91.26335	1.054325	1.72609	0.167724	0.832276	1.290588
6282	-277.9912	-367.7981	89.8069	0.9622692	7.702842	0.728774	0.271226	0.8883572
6288	-268.2685	-358.401	90.13253	1.540381	4.731977	0.589396	0.410604	0.5487292
6294	-266.2525	-356.597	90.3445	1.654411	3.604576	0.550967	0.449033	0.3618327
6300	-272.131	-361.315	89.18398	1.266711	10.73163	0.415739	0.584261	0.5559032
6306	-276.5296	-367.359	90.82946	1.366629	2.800306	0.561409	0.438591	0.8572191
6312	-270.2287	-360.3815	90.15279	1.225982	5.05787	0.244124	0.755876	0.892484
6318	-274.817	-364.5173	89.70032	1.027179	8.677342	0.55713	0.44287	0.6971546
6324	-274.4102	-363.9958	89.58568	1.093559	8.677342	0.547291	0.452709	0.7727755
6330	-270.5	-361.0327	90.53271	0.9080457	4.703357	0.595212	0.404788	0.9360466
6336	-265.3509	-355.308	89.95712	0.8669227	5.750608	0.580984	0.419016	1.245114
6342	-262.7465	-353.6266	90.88016	1.114283	3.61531	0.253067	0.746933	0.6705951
6348	-261.4775	-352.0735	90.59601	1.028993	3.862079	0.320105	0.679895	1.02219
6354	-267.6042	-357.7679	90.16369	1.173272	4.816589	0.3497	0.6503	1.008872
6360	-268.5404	-359.3141	90.7737	1.072787	2.877548	0.671762	0.328238	1.170693
6366	-268.7853	-359.194	90.40869	0.8317824	4.619018	0.469627	0.530373	1.152903
6372	-271.5157	-362.7121	91.19636	0.5820531	2.783229	0.677889	0.322111	1.264117
6378	-267.2426	-358.089	90.84639	0.5021194	2.407478	0.526988	0.473012	1.723954
6384	-288.5286	-378.672	90.14339	1.457467	4.253943	0.541312	0.458688	0.912006
6390	-278.3356	-367.4686	89.13299	1.182831	11.70117	0.801816	0.198184	0.4694316
6396	-262.9618	-353.0073	90.04553	1.506265	5.168984	0.521593	0.478407	0.4694316
6402	-255.8976	-345.2283	89.33068	1.777024	6.74355	0.448741	0.551259	0.3438643
6408	-263.4829	-353.0084	89.52543	1.409198	7.838396	0.609621	0.390379	0.5744647
6414	-264.0003	-354.6355	90.63512	1.410399	3.475088	0.362487	0.637513	0.6725461
6420	-260.1828	-351.3759	91.19317	1.113266	2.803255	0.641419	0.358581	0.7002709
6426	-260.7181	-351.0507	90.33256	1.369074	4.58173	0.516711	0.483289	0.6079382
6432	-265.7979	-356.2857	90.48782	1.168816	4.301556	0.637265	0.362735	0.8285444
6438	-267.6642	-358.0131	90.34883	0.9609845	4.321099	0.472377	0.527623	1.17245
6444	-260.8511	-351.4124	90.56124	0.7506485	4.314543	0.589228	0.410772	1.17245
6450	-265.8463	-356.6342	90.78789	0.816002	3.364903	0.370787	0.629213	1.206714
6456	-263.2243	-354.7409	91.51653	1.296712	1.835233	0.437894	0.562106	0.7063925
6462	-267.5572	-357.8985	90.34133	1.588056	3.928161	0.437894	0.562106	0.5336338
6468	-267.8177	-358.5417	90.72405	1.639917	2.793616	0.286573	0.713427	0.4310521
6474	-268.0172	-358.8372	90.81999	1.16782	3.277556	0.433547	0.566453	0.8659234
6480	-260.435	-351.2533	90.81824	1.123017	3.396924	0.473513	0.526487	0.8659234
6486	-262.9711	-353.2121	90.24105	0.985243	4.230074	0.410663	0.589337	1.26783
6492	-263.1833	-354.7299	91.54651	0.9832029	1.818395	0.48167	0.51833	1.053138
6498	-260.3521	-351.2553	90.90317	0.7990044	3.556993	0.578818	0.421182	1.053138
6504	-262.3393	-352.1239	89.78464	0.7333202	6.930492	0.645942	0.354058	1.272887
6510	-257.5963	-348.5241	90.92786	0.7031875	3.765279	0.627751	0.372249	1.049098
6516	-261.0576	-351.8132	90.7556	1.059359	3.803418	0.326525	0.673475	0.8382359
6522	-267.4652	-357.6405	90.17525	0.9139154	4.303806	0.392326	0.607674	1.359535
6528	-265.8155	-356.1941	90.37862	0.6698864	4.433593	0.368466	0.631534	1.359535
6534	-258.8488	-350.0842	91.23541	0.5207751	2.362367	0.503096	0.496904	1.442512
6540	-260.9139	-351.4932	90.57932	0.7666084	3.788767	0.321304	0.678696	1.291419
6546	-267.1793	-358.6656	91.48622	0.7311374	2.343699	0.317762	0.682238	1.06506
6552	-266.0537	-357.437	91.38333	1.020443	2.438293	0.415265	0.584735	0.8123037
6558	-272.0003	-363.5194	91.51903	0.5954039	1.642458	0.479677	0.520323	1.493186
6564	-261.6204	-351.9251	90.3047	0.9671765	5.02034	0.580578	0.419422	1.015943
6570	-262.0833	-351.9184	89.83513	0.8867598	6.524047	0.595351	0.404649	1.17592
6576	-252.9536	-343.6915	90.73788	0.78396	3.680322	0.376917	0.623083	1.17592
6582	-252.9357	-343.6894	90.75364	0.7921813	2.20635	0.360304	0.639696	1.658738
6588	-264.619	-355.0821	90.46309	0.7292149	2.938518	0.414867	0.585133	1.658738
6594	-257.2713	-348.3566	91.08528	1.198402	2.464821	0.270564	0.729436	0.937278
6600	-256.8342	-348.0036	91.16932	1.348205	2.405834	0.407573	0.592427	0.6591465
6606	-251.6235	-341.382	89.75849	1.730036	4.951118	0.585862	0.414138	0.2893121
6612	-256.9346	-345.4746	88.54001	2.356981	4.951118	0.622119	0.377881	0.1124117
6618	-253.5419	-340.8105	87.26865	2.368943	10.25019	0.622119	0.377881	0.09033114
6624	-266.5412	-353.6011	87.05999	2.368943	10.25019	0.57764	0.42236	0.07046282
6630	-251.902	-340.7797	88.8777	2.18351	4.090361	0.604064	0.395936	0.09920393
6636	-259.7574	-349.2173	89.45999	2.329924	2.599769	0.265665	0.734335	0.1188775
6642	-263.5283	-353.1674	89.63915	2.104656	3.526811	0.184868	0.815132	0.1952143
6648	-257.618	-346.3349	88.71685	1.696343	8.774545	0.632001	0.367999	0.1865396
6654	-260.2554	-350.1085	89.85307	2.043899	3.359632	0.406931	0.593069	0.2279656
6660	-258.9716	-347.4985	88.52691	2.159642	6.257462	0.406931	0.593069	0.1324959
6666	-258.441	-346.9714	88.53033	1.957114	7.854904	0.72718	0.27282	0.1612639
6672	-260.4032	-348.0841	87.68093	1.934559	15.26601	0.500127	0.499873	0.2188324
6678	-261.5941	-348.6539	87.05984	1.584037	27.22069	0.693936	0.306064	0.2366502
6684	-265.465	-351.8548	86.3898	2.050812	27.22069	0.673636	0.326364	0.168522
6690	-255.9058	-345.1475	89.2417	1.522666	8.753229	0.60906	0.39094	0.4275779
6696	-269.4039	-358.7418	89.33788	1.411239	8.823255	0.371565	0.628435	0.4194093
6702	-263.7196	-353.0712	89.35158	1.706325	6.789532	0.437839	0.562161	0.3069376
6708	-262.5363	-352.663	90.12677	1.727793	3.624565	0.628571	0.371429	0.2545902
6714	-261.8016	-352.61	90.80847	1.487191	2.407405	0.490699	0.509301	0.219202
6720	-261.7021	-352.8562	91.15406	1.454048	2.263673	0.638759	0.361241	0.396017
6726	-257.7714	-348.6001	90.82863	1.000739	4.000812	0.361241	0.638759	0.7235664
6732	-257.1214	-347.8333	90.71189	1.195016	4.000812	0.655294	0.344706	0.4973745
6738	-267.267	-357.1359	89.86899	1.357312	6.451739	0.542317	0.457683	0.4372968
6744	-269.1976	-359.9264	90.72883	1.018736	4.442968	0.573097	0.426903	0.5974062
6750	-260.1328	-350.6361	90.50336	0.8901116	4.457415	0.620122	0.379878	1.057986
6756	-256.9951	-347.3278	90.33273	1.109892	5.440859	0.498975	0.501025	0.651818
6762	-258.1183	-349.0807	90.96239	1.21681	3.101748	0.502812	0.497188	0.6979867
6768	-258.6898	-349.6446	90.95482	1.137825	3.449509	0.479454	0.520546	0.5785472
6774	-265.475	-355.16	89.68501	1.328815	7.376694	0.402427	0.597573	0.4015112
6780	-259.9335	-349.6957	89.76225	1.361909	6.873132	0.506414	0.493586	0.4122818
6786	-257.9955	-348.5032	90.50768	1.517878	3.612728	0.506414	0.493586	0.4122818
6792	-261.3744	-351.4165	90.04215	1.604517	4.772222	0.625699	0.374301	0.4089108
6798	-260.3157	-349.6571	89.34142	2.156004	3.666981	0.367251	0.632749	0.1454084
6804	-260.3665	-347.5078	87.14128	2.156004	14.72021	0.739431	0.260569	0.1238532
6810	-267.4459	-356.7331	89.28724	1.745129	6.66124	0.538359	0.461641	0.2703775
6816	-262.2083	-351.6557	89.4473	1.398579	8.291049	0.652713	0.347287	0.4225285
6822	-255.4348	-345.9148	90.48002	1.347532	4.242005	0.529165	0.470835	0.4927272
6828	-255.2731	-346.1192	90.84611	1.107485	3.560653	0.444782	0.555218	0.7705114
6834	-269.5935	-359.6949	90.10135	1.318357	3.74451	0.41268	0.58732	1.243416
6840	-269.879	-360.6886	90.80959	1.035154	3.470125	0.323821	0.676179	0.9427161
6846	-266.8323	-355.8943	89.06201	0.9549397	3.71624	0.340954	0.659046	2.245323
6852	-252.5117	-342.6855	90.1738	1.073801	5.856719	0.641867	0.358133	0.7972936
6858	-266.8537	-356.287	89.43327	1.94037	5.856719	0.402677	0.597323	0.4695349
6864	-274.5851	-364.4558	89.87076	1.605835	5.450699	0.30005	0.69995	0.4695349
6870	-271.7527	-362.0426	90.28988	1.441877	3.554871	0.408707	0.591293	1.025393
6876	-265.9162	-356.6676	90.75147	1.213115	3.554871	0.394305	0.605695	0.757721
6882	-264.9571	-355.8379	90.88087	1.121226	3.554871	0.408325	0.591675	0.6977097
6888	-265.2663	-354.7584	89.49201	1.181367	9.104352	0.646672	0.353328	0.6587494
6894	-268.425	-358.2209	89.79588	1.637532	5.567436	0.436854	0.563146	0.4186116
6900	-282.4583	-372.7532	90.29483	1.770646	3.515808	0.560776	0.439224	0.5862985
6906	-273.8428	-364.5603	90.71754	1.27941	3.515808	0.336493	0.663507	0.730545
6912	-263.3274	-353.6861	90.35869	1.626952	3.515808	0.37294	0.62706	0.7480063
6918	-261.1435	-351.176	90.0325	1.550734	4.916792	0.479022	0.520978	0.370498
6924	-263.2723	-353.2906	90.01826	1.58911	4.583271	0.453082	0.546918	0.7784668
6930	-264.0994	-353.9939	89.89451	1.196037	6.551965	0.60527	0.39473	0.7888263
6936	-274.8768	-364.9665	90.08971	1.407673	5.262235	0.582075	0.417925	0.6352541
6942	-261.191	-351.3441	90.15308	1.296903	4.454886	0.454008	0.545992	1.003867
6948	-261.5263	-352.3048	90.77854	1.344228	2.887595	0.154803	0.845197	0.8974646
6954	-264.1462	-354.4851	90.33888	0.9265028	5.366548	0.409192	0.590808	0.9254953
6960	-262.1955	-352.3066	90.11112	1.274382	5.81211	0.525697	0.474303	0.5237196
6966	-268.7993	-358.7499	89.9506	1.086976	6.019858	0.46765	0.53235	0.9913994
6972	-268.1758	-358.3974	90.22155	1.186499	4.494261	0.444184	0.555816	1.033168
6978	-268.6012	-359.3332	90.73193	1.196581	3.425397	0.453759	0.546241	0.8680952
6984	-268.6328	-359.2856	90.6528	1.64248	2.973002	0.595504	0.404496	0.4848965
6990	-265.4419	-355.0281	89.58612	1.579563	6.7433	0.386352	0.613648	0.455778
6996	-263.9934	-354.2456	90.25214	1.708096	3.818719	0.247524	0.752476	0.4354235
7002	-264.3234	-354.3149	89.99147	1.895612	3.818719	0.321362	0.678638	0.3236084
7008	-274.2034	-364.5943	90.39092	2.08758	2.483609	0.283029	0.716971	0.3686532
7014	-261.2687	-352.2943	91.02563	0.501134	3.402436	0.261939	0.738061	1.259415
7020	-258.5179	-348.7458	90.22794	0.5863669	4.542657	0.354483	0.645517	1.513595
7026	-263.732	-354.2723	90.54029	0.6494059	5.156451	0.719478	0.280522	1.05894
7032	-253.5052	-344.0761	90.57084	0.5379171	3.035322	0.346864	0.653136	1.68887
7038	-263.6023	-354.493	90.8907	0.6048638	2.530917	0.38253	0.61747	1.574401
7044	-258.0946	-348.4597	90.36515	1.094396	5.145652	0.620352	0.379648	0.7589469
7050	-264.3183	-354.341	90.02264	1.079247	6.715285	0.620352	0.379648	0.7179438
7056	-263.7303	-354.6816	90.95125	1.190016	3.289146	0.52347	0.47653	0.6193152
7062	-264.2071	-355.3274	91.12028	1.317504	2.485245	0.54485	0.45515	0.7306267
7068	-255.2049	-345.1615	89.95662	1.040276	7.572248	0.560198	0.439802	0.4987794
7074	-258.4416	-347.459	89.01749	1.465587	10.47681	0.685198	0.314802	0.4275072
7080	-259.7739	-350.2139	90.43999	1.216011	4.594828	0.144334	0.855666	0.6974945
7086	-251.0329	-341.055	90.02207	1.688456	4.032127	0.578901	0.421099	0.2536826
7092	-258.2285	-348.0206	89.79208	1.841332	3.725728	0.628448	0.371552	0.1836721
7098	-263.5001	-352.1785	88.67833	2.068701	5.302124	0.517503	0.482497	0.1049856
7104	-268.1069	-358.2962	90.18928	1.487231	4.709375	0.208632	0.791368	0.563794
7110	-260.3809	-350.5657	90.18484	1.463377	4.709375	0.654146	0.345854	0.37786
7116	-264.083	-353.7128	89.62983	1.09485	9.034108	0.402201	0.597799	0.4656744
7122	-268.7875	-359.2469	90.45938	1.415805	4.091632	0.572207	0.427793	0.4735955
7128	-259.5131	-350.1965	90.68345	1.374388	3.456523	0.552176	0.447824	0.6619804
7134	-261.5805	-352.8962	91.31564	1.185018	2.466013	0.606158	0.393842	0.6293294
7140	-266.3327	-355.8957	89.56299	1.037607	9.629269	0.257745	0.742255	0.6256997
7146	-259.4476	-350.3428	90.89516	0.8962324	3.29562	0.345686	0.654314	1.063177
7152	-263.8886	-354.5614	90.67286	0.9264474	3.29562	0.2949	0.7051	1.233524
7158	-257.8442	-348.6153	90.77105	1.125566	3.225503	0.490709	0.509291	0.9876465
7164	-252.4567	-343.234	90.77733	0.7039644	3.16714	0.490902	0.509098	1.371115
7170	-256.6824	-347.3509	90.6685	1.205842	3.261104	0.435367	0.564633	0.9957848
7176	-257.4398	-347.9521	90.51232	0.9536851	4.59535	0.529109	0.470891	0.9434263
7182	-265.0902	-354.5683	89.47802	1.386154	8.160924	0.464064	0.535936	0.6046795
7188	-264.1433	-354.1539	90.01058	1.59278	4.720367	0.580581	0.419419	0.3281615
7194	-262.1448	-353.5454	91.4006	1.073685	2.233325	0.349889	0.650111	0.8570779
7200	-270.156	-361.056	90.89994	1.089166	3.120609	0.713809	0.286191	0.9356723
7206	-266.4316	-356.529	90.0974	1.17318	5.428613	0.491599	0.508401	0.9016955
7212	-264.2672	-354.3605	90.09337	1.468604	4.885525	0.409571	0.590429	0.7126719
7218	-263.0498	-350.483	87.43323	1.967542	18.20046	0.632823	0.367177	0.2571769
7224	-264.0863	-351.8559	87.76957	1.999885	15.35105	0.564182	0.435818	0.3078866
7230	-274.8043	-362.1593	87.35495	2.054489	17.2815	0.858653	0.141347	0.2205491
7236	-275.7822	-362.8905	87.10835	1.855861	24.08039	0.608654	0.391346	0.291238
7242	-276.4814	-363.6777	87.19626	1.705375	23.10251	0.712826	0.287174	0.2204901
7248	-268.8152	-356.4582	87.64304	1.605996	18.85102	0.743491	0.256509	0.2164357
7254	-266.4086	-355.9218	89.51315	1.498898	7.39517	0.415014	0.584986	0.4056385
7260	-263.511	-354.4326	90.92161	1.332681	3.060531	0.441306	0.558694	0.548524
7266	-267.1898	-357.1868	89.99695	1.546251	4.905728	0.562372	0.437628	0.3221086
7272	-273.6775	-363.6517	89.97427	1.427873	5.66855	0.532498	0.467502	0.6078764
7278	-269.9515	-359.0359	89.08443	1.574023	9.408785	0.42686	0.57314	0.4494133
7284	-263.6818	-353.0252	89.34335	1.213398	8.794159	0.574675	0.425325	0.8998158
7290	-270.4174	-360.5826	90.16524	0.7567309	4.81994	0.561023	0.438977	1.368224
7296	-262.9411	-353.4172	90.47616	0.9698379	3.264124	0.500183	0.499817	1.368224
7302	-265.8116	-356.6039	90.79226	1.282466	2.975553	0.433877	0.566123	0.9086279
7308	-266.903	-357.3953	90.49228	1.375426	3.896674	0.426802	0.573198	0.7188297
7314	-266.6063	-356.9506	90.34428	1.535927	3.929166	0.52073	0.47927	0.3568347
7320	-265.5107	-355.3522	89.84153	1.552399	5.650024	0.523539	0.476461	0.6403512
7326	-275.8727	-366.7673	90.8946	1.364094	3.042836	0.388867	0.611133	0.5635215
7332	-275.7282	-366.9665	91.23827	1.09705	2.592846	0.339986	0.660014	0.8028871
7338	-276.3393	-367.1378	90.79853	0.6132132	3.158172	0.485606	0.514394	1.428068
7344	-269.0388	-359.8899	90.85114	1.065075	2.100158	0.313222	0.686778	1.428068
7350	-255.273	-346.2576	90.98468	0.8836357	3.26162	0.562147	0.437853	1.001612
7356	-262.0719	-352.9423	90.87042	0.8146147	2.860365	0.245017	0.754983	1.312298
7362	-261.5942	-352.7987	91.20447	0.821009	2.441032	0.231128	0.768872	1.192899
7368	-256.8319	-347.8332	91.00129	0.9099317	2.292371	0.456631	0.543369	1.350101
7374	-255.0632	-346.9653	91.90213	0.8580865	1.583396	0.413385	0.586615	0.9804731
7380	-260.0256	-351.2846	91.25902	0.6462515	1.583396	0.3059	0.6941	1.67602
7386	-255.7803	-347.1651	91.38476	1.32059	1.948796	0.417809	0.582191	0.7661078
7392	-260.3085	-351.5938	91.28524	0.9264522	2.68401	0.229056	0.770944	0.9007262
7398	-258.6684	-349.7748	91.10637	0.7404659	2.709285	0.41051	0.58949	1.2352
7404	-260.6761	-352.1624	91.48639	0.8120736	2.116782	0.459141	0.540859	1.103221
7410	-267.6762	-358.7059	91.02972	0.9219389	2.417373	0.668966	0.331034	1.265164
7416	-264.1446	-354.4411	90.29642	0.6967322	5.318064	0.476353	0.523647	1.196434
7422	-263.6739	-354.1254	90.45155	0.5743658	5.575727	0.544013	0.455987	1.10796
7428	-266.0357	-356.3734	90.33776	1.01269	5.575727	0.530375	0.469625	0.751779
7434	-271.4102	-360.9588	89.54861	1.454803	7.357083	0.672781	0.327219	0.6481824
7440	-274.2804	-364.4907	90.21026	1.211401	5.527933	0.672781	0.327219	0.6481824
7446	-270.9959	-361.0782	90.08225	1.346101	5.502076	0.611333	0.388667	0.6481824
7452	-281.3565	-370.869	89.5125	1.19427	8.402567	0.536973	0.463027	0.8027653
7458	-268.7707	-359.7266	90.95583	1.090671	3.195046	0.466994	0.533006	0.8347154
7464	-277.3035	-367.6023	90.2988	0.816229	3.139656	0.679282	0.320718	1.653494
7470	-280.1833	-369.1393	88.95594	1.351411	11.35201	0.640881	0.359119	0.6923612
7476	-279.5471	-369.045	89.49787	1.361312	6.256487	0.625748	0.374252	1.108316
7482	-272.6497	-363.2707	90.621	0.9704077	4.550065	0.453965	0.546035	0.8134337
7488	-269.6013	-360.5095	90.90819	0.9272525	3.317556	0.252855	0.747145	1.012343
7494	-269.925	-360.908	90.98294	0.9687164	3.35742	0.482365	0.517635	0.8716428
7500	-272.3293	-362.1331	89.80379	1.100461	7.107681	0.523801	0.476199	0.8716428
7506	-263.2589	-353.3743	90.11546	0.8755018	6.962933	0.686982	0.313018	0.8018738
7512	-270.3153	-360.8413	90.52605	0.9402631	4.180747	0.153833	0.846167	1.071808
7518	-265.647	-355.3879	89.74087	1.078452	8.061957	0.595956	0.404044	0.7318023
7524	-258.4951	-348.2774	89.78226	1.068084	8.081432	0.562107	0.437893	0.6713508
7530	-264.2863	-354.6715	90.38518	1.129248	4.537244	0.607858	0.392142	0.9099005
7536	-260.6202	-349.4683	88.84804	1.004805	13.51378	0.616558	0.383442	0.9194636
7542	-257.0104	-346.8031	89.79268	1.063111	7.926244	0.613605	0.386395	0.7145263
7548	-259.909	-349.636	89.72697	0.930882	9.176169	0.717784	0.282216	0.6655276
7554	-256.557	-347.0672	90.51022	1.322168	4.225975	0.555433	0.444567	0.4855332
7560	-251.8433	-342.2793	90.43601	1.383585	4.225975	0.547222	0.452778	0.4230474
7566	-259.8955	-348.7956	88.90017	1.361211	11.88669	0.62118	0.37882	0.6349317
7572	-269.1759	-358.2067	89.03089	1.027439	10.38193	0.569945	0.430055	1.135541
7578	-258.2237	-348.3956	90.17182	0.7093582	6.035912	0.604972	0.395028	1.135541
7584	-260.5778	-350.5448	89.96701	0.578889	7.817995	0.564632	0.435368	1.091936
7590	-268.4773	-358.9401	90.46279	0.4282494	4.610811	0.34437	0.65563	1.440042
7596	-266.8057	-356.2369	89.43122	0.403528	6.041969	0.397197	0.602803	1.920868
7602	-261.1992	-351.7419	90.54274	0.5493185	2.787057	0.393098	0.606902	1.776597
7608	-263.2279	-353.1643	89.93633	0.5945244	4.277838	0.398201	0.601799	1.776597
7614	-257.3173	-348.5093	91.19195	0.597048	2.939912	0.470596	0.529404	1.196944
7620	-256.7661	-347.0353	90.26922	0.4758481	5.732852	0.500318	0.499682	1.313597
7626	-265.3052	-356.749	91.44381	0.6093021	2.600033	0.240556	0.759444	1.099453
7632	-259.4132	-350.3281	90.91485	0.6230366	4.033004	0.356695	0.643305	1.050158
7638	-256.6121	-347.0797	90.46757	0.9109039	4.033004	0.356695	0.643305	1.194087
7644	-253.4601	-344.0775	90.61737	0.8099802	4.033004	0.317666	0.682334	1.151483
7650	-271.3261	-360.7944	89.46835	1.740643	6.486505	0.350442	0.649558	0.4110091
7656	-262.9095	-351.5972	88.6877	1.740643	10.55195	0.359515	0.640485	0.3519317
7662	-258.2982	-347.8606	89.56239	1.233906	7.561837	0.371245	0.628755	0.8891957
7668	-261.9927	-351.1463	89.15363	1.304742	8.608936	0.691854	0.308146	1.035746
7674	-260.4987	-350.6678	90.16906	1.0236	5.334911	0.464272	0.535728	1.009481
7680	-258.3585	-349.82	91.46151	0.9302164	2.241579	0.431942	0.568058	0.9449394
7686	-263.8962	-354.0341	90.13792	0.9981784	6.333435	0.494711	0.505289	0.7944835
7692	-265.0306	-355.8078	90.77717	0.9622305	3.847093	0.273688	0.726312	0.9088084
7698	-263.312	-352.8351	89.5231	0.8820795	9.321287	0.450185	0.549815	0.9658908
7704	-265.9534	-354.7403	88.78692	1.149582	14.73325	0.68051	0.31949	0.5363242
7710	-257.8551	-347.8584	90.00328	1.21704	6.504944	0.681229	0.318771	0.5363242
7716	-258.7371	-349.4358	90.69874	1.034878	4.313955	0.395607	0.604393	0.7129798
7722	-261.116	-351.8792	90.7632	1.066241	4.033234	0.52824	0.47176	0.7053333
7728	-264.5831	-355.5573	90.97416	0.9658643	3.093307	0.459349	0.540651	0.9981923
7734	-264.018	-354.7343	90.71622	1.04212	4.461168	0.459349	0.540651	0.5148572
7740	-272.5813	-362.6739	90.09259	1.497388	4.855046	0.69723	0.30277	0.35602
7746	-268.3926	-358.5347	90.14206	1.394771	5.231194	0.597864	0.402136	0.4974074
7752	-259.6712	-348.9589	89.28769	1.84966	6.129951	0.617336	0.382664	0.2609303
7758	-257.7088	-347.1796	89.47081	1.898339	5.378144	0.423163	0.576837	0.2874632
7764	-255.6692	-344.9388	89.26967	2.131651	4.011557	0.42243	0.57757	0.150426
7770	-260.7796	-349.3667	88.58709	2.073411	7.761755	0.42243	0.57757	0.2058719
7776	-262.3103	-351.7055	89.39517	1.962008	5.168493	0.413545	0.586455	0.2482374
7782	-258.4475	-348.1334	89.68583	2.062664	3.741524	0.260892	0.739108	0.2251693
7788	-261.3482	-351.5625	90.21431	1.732527	3.670729	0.442194	0.557806	0.3303941
7794	-260.2779	-351.4349	91.15699	0.9076288	2.941284	0.3248	0.6752	0.935754
7800	-256.4853	-347.2761	90.79082	0.771469	4.229503	0.518185	0.481815	0.961788
7806	-254.0146	-344.6855	90.67091	0.7363206	4.229503	0.645392	0.354608	1.111781
7812	-254.5888	-345.3227	90.73393	1.020723	3.956995	0.372085	0.627915	0.8472139
7818	-257.2463	-348.0196	90.77328	1.066644	3.427516	0.443219	0.556781	0.964793
7824	-259.7861	-348.5373	88.75126	1.444769	12.23722	0.430917	0.569083	0.6735577
7830	-263.5553	-353.579	90.02368	1.493473	4.272083	0.435356	0.564644	0.9940168
7836	-253.7451	-344.8877	91.1426	1.645574	1.983402	0.117545	0.882455	0.533143
7842	-265.6493	-356.5472	90.89795	1.280444	2.514148	0.379182	0.620818	1.020085
7848	-269.1997	-358.6746	89.47486	1.027892	8.66266	0.35836	0.64164	0.9822557
7854	-268.8681	-359.9738	91.10568	0.7449405	3.599347	0.570306	0.429694	0.8830135
7860	-259.237	-349.0936	89.85653	1.157105	6.758485	0.523076	0.476924	0.8296295
7866	-263.1981	-351.3924	88.1943	1.196133	19.38937	0.543776	0.456224	0.727286
7872	-260.3435	-348.2075	87.86402	1.334764	21.62687	0.607551	0.392449	0.727286
7878	-266.0881	-354.8462	88.75807	1.504095	11.9267	0.534781	0.465219	0.6195785
7884	-255.736	-344.7792	89.04322	1.228493	12.03801	0.410746	0.589254	0.4922258
7890	-257.7819	-346.9099	89.12803	1.342722	9.997293	0.505938	0.494062	0.7552573
7896	-262.2345	-351.6041	89.36961	1.576591	7.826445	0.615197	0.384803	0.5206916
7902	-268.6575	-359.2373	90.57979	0.959219	5.222199	0.492564	0.507436	0.4886048
7908	-266.8563	-357.3517	90.49548	1.132632	4.541238	0.554619	0.445381	0.767087
7914	-269.4249	-360.3527	90.9278	0.8957097	3.409231	0.313641	0.686359	0.9887688
7920	-257.6658	-348.1997	90.53383	0.7965079	3.409231	0.367122	0.632878	1.414328
7926	-263.4537	-355.1691	91.71544	0.9919799	1.978947	0.295598	0.704402	0.7361761
7932	-262.1895	-351.9948	89.80531	0.7501055	6.573473	0.295598	0.704402	1.306115
7938	-256.5399	-347.4112	90.87132	0.2914953	2.73609	0.308805	0.691195	1.743339
7944	-256.3136	-347.6426	91.32894	0.2549208	1.930937	0.437999	0.562001	1.743339
7950	-258.7567	-348.997	90.2403	0.5615882	3.622032	0.46136	0.53864	1.743339
7956	-263.8553	-354.4691	90.61376	0.9895016	1.898975	0.253188	0.746812	1.743339
7962	-256.7952	-348.0004	91.20524	0.8487214	2.886076	0.42843	0.57157	0.9721815
7968	-259.6128	-349.8023	90.18952	0.9938619	3.058372	0.478108	0.521892	1.628534
7974	-254.8384	-344.7238	89.88533	1.17199	7.012986	0.404983	0.595017	0.6835514
7980	-263.2686	-354.2068	90.9382	1.009096	3.096158	0.515162	0.484838	0.9896874
7986	-268.6925	-359.1325	90.44	0.9777338	5.319711	0.367812	0.632188	0.7512257
7992	-273.5576	-364.4624	90.90488	1.238122	3.070783	0.256161	0.743839	0.774565
7998	-270.1372	-361.5233	91.38606	1.410802	1.937592	0.624203	0.375797	0.608788
8004	-264.497	-355.6035	91.10648	1.319081	2.662662	0.361056	0.638944	0.5698852
8010	-272.7553	-362.5624	89.80712	1.53195	6.006534	0.354336	0.645664	0.5016506
8016	-269.7691	-361.1223	91.35325	1.401832	2.043714	0.170856	0.829144	0.5016506
8022	-268.3765	-358.5255	90.14899	1.831231	3.683314	0.187343	0.812657	0.3757459
8028	-264.0376	-354.4895	90.45188	1.890189	2.458097	0.51193	0.48807	0.2510051
8034	-267.2488	-358.4535	91.20475	1.304633	2.457742	0.620564	0.379436	0.3982999
8040	-269.5353	-360.2349	90.69958	1.01829	4.10447	0.217169	0.782831	0.8316756
8046	-255.8659	-345.5904	89.7245	1.167756	6.976184	0.507528	0.492472	0.916768
8052	-257.9951	-349.0376	91.04253	1.224269	2.911329	0.361211	0.638789	0.6856944
8058	-271.521	-361.0705	89.54947	1.194827	8.766364	0.802272	0.197728	0.6312001
8064	-277.1801	-366.9603	89.78019	1.985057	4.346573	0.759293	0.240707	0.3887119
8070	-266.5732	-356.7158	90.14257	2.003017	2.628619	0.391656	0.608344	0.2038545
8076	-262.9186	-351.7091	88.79059	2.09299	6.658627	0.651039	0.348961	0.2038545
8082	-265.3775	-356.0811	90.70362	1.313208	3.511303	0.366644	0.633356	0.3420979
8088	-258.0114	-347.6582	89.64684	1.482483	6.74007	0.482529	0.517471	0.3698251
8094	-257.8567	-347.6815	89.82481	1.182524	7.50498	0.425409	0.574591	0.539733
8100	-257.1786	-347.5755	90.39698	1.266401	4.539133	0.520041	0.479959	0.7137084
8106	-262.3394	-351.7198	89.38041	1.374775	8.352728	0.596574	0.403426	0.3143817
8112	-261.5461	-349.7903	88.24424	1.936052	10.233	0.504459	0.495541	0.1887321
8118	-262.436	-351.9367	89.50064	1.270668	8.711329	0.607419	0.392581	0.4262649
8124	-259.0592	-349.7133	90.65417	1.032076	4.325968	0.445122	0.554878	0.779124
8130	-253.3683	-343.7753	90.40694	1.168207	4.70075	0.285523	0.714477	0.7745347
8136	-250.0483	-341.0052	90.95697	1.297138	3.062941	0.504564	0.495436	0.5436673
8142	-256.841	-347.2095	90.36847	1.489106	3.999811	0.205459	0.794541	0.6745793
8148	-254.7751	-346.099	91.32394	0.8745143	2.549016	0.29736	0.70264	0.9831062
8154	-259.4597	-349.3035	89.84379	0.6231974	8.755976	0.447613	0.552387	1.001669
8160	-254.0007	-344.5297	90.52905	0.882649	4.639062	0.378651	0.621349	0.9862118
8166	-256.2185	-346.1101	89.89159	0.9320963	6.220623	0.664155	0.335845	1.147726
8172	-255.078	-345.6217	90.54364	1.262796	4.087544	0.392369	0.607631	0.7136986
8178	-255.1047	-345.4773	90.37267	1.328318	4.416678	0.447782	0.552218	0.7136986
8184	-263.9581	-352.82	88.86197	1.110701	13.90864	0.383624	0.616376	0.6977811
8190	-256.6568	-348.0865	91.42972	1.32932	1.939347	0.26569	0.73431	0.6892153
8196	-260.8024	-351.186	90.38355	1.09779	5.145721	0.352707	0.647293	0.7255114
8202	-250.3782	-341.1487	90.77051	1.104088	3.756569	0.594842	0.405158	0.7818571
8208	-259.185	-350.4564	91.27137	0.9127842	2.836969	0.453602	0.546398	0.8518679
8214	-261.9242	-352.3661	90.44186	1.442632	4.065296	0.594331	0.405669	0.4795111
8220	-258.2802	-347.8504	89.57012	1.442632	7.322069	0.538013	0.461987	0.3797264
8226	-259.5988	-348.7874	89.18864	1.082735	9.567607	0.400835	0.599165	1.057946
8232	-254.258	-344.2619	90.00381	1.303755	5.918122	0.338004	0.661996	0.680843
8238	-254.056	-343.6739	89.61788	1.329492	7.808838	0.442007	0.557993	0.4618032
8244	-259.826	-348.8873	89.06131	1.396517	10.07478	0.586885	0.413115	0.3093597
8250	-262.1362	-350.958	88.82183	1.526924	11.47712	0.56218	0.43782	0.5098102
8256	-258.2443	-348.862	90.61769	1.452532	3.471367	0.557602	0.442398	0.3957465
8262	-254.9843	-344.5542	89.56992	1.500124	7.178569	0.49062	0.50938	0.4434818
8268	-257.6171	-347.3521	89.73493	1.238491	7.178569	0.508858	0.491142	0.7632659
8274	-259.4134	-349.9799	90.56649	1.162348	4.550179	0.330662	0.669338	0.4638499
8280	-255.4881	-344.9643	89.47629	1.912156	4.550179	0.6153	0.3847	0.19137
8286	-259.6225	-349.4189	89.79637	2.134602	2.983928	0.453169	0.546831	0.1862258
8292	-272.7468	-363.4798	90.73302	1.778978	1.379662	0.453169	0.546831	0.1169249
8298	-261.7863	-351.2378	89.45153	2.023711	3.933864	0.510951	0.489049	0.1611998
8304	-260.5265	-349.7637	89.23719	2.023711	5.042499	0.510951	0.489049	0.1962528
8310	-262.5644	-352.5944	90.02998	1.960657	3.244078	0.53705	0.46295	0.2500096
8316	-269.5068	-359.5589	90.0521	1.960657	2.849482	0.542678	0.457322	0.1933649
8322	-261.3139	-351.9664	90.65243	1.556072	3.041361	0.309214	0.690786	0.3481782
8328	-264.2682	-354.0314	89.76318	1.22949	6.22816	0.508865	0.491135	0.9868337
8334	-266.7596	-356.7916	90.03192	1.132776	6.597756	0.534067	0.465933	0.6493047
8340	-269.4092	-358.9423	89.53311	1.282268	8.326875	0.2237	0.7763	0.6493047
8346	-271.6537	-361.6518	89.99815	0.8830687	8.079706	0.558636	0.441364	0.5993552
8352	-271.7187	-361.3498	89.6311	0.6918747	8.208505	0.719442	0.280558	1.223042
8358	-262.0296	-352.9777	90.94818	0.9517347	3.177519	0.187838	0.812162	1.003768
8364	-264.5994	-354.9008	90.30146	1.049946	3.177519	0.551057	0.448943	1.468142
8370	-277.4959	-368.0898	90.59388	1.229498	3.144968	0.350939	0.649061	1.089763
8376	-279.0107	-368.8651	89.85439	0.9906147	5.772976	0.303141	0.696859	1.222805
8382	-266.5325	-357.333	90.80049	1.396677	2.841686	0.556733	0.443267	0.8332815
8388	-266.7842	-356.9753	90.19108	1.458395	4.512098	0.352975	0.647025	0.7487233
8394	-261.8626	-352.7642	90.90168	1.118643	3.438154	0.404114	0.595886	0.7397911
8400	-254.9196	-345.0914	90.17182	1.521332	4.304638	0.440145	0.559855	0.7788992
8406	-265.3545	-355.5625	90.20801	1.410904	4.851504	0.48937	0.51063	0.6170157
8412	-265.4742	-356.5253	91.05102	1.378442	2.631154	0.309643	0.690357	0.6063296
8418	-264.6162	-355.6826	91.0664	0.8285059	2.631154	0.616948	0.383052	1.22541
8424	-267.8677	-358.6389	90.77123	1.374066	3.066231	0.310525	0.689475	0.7740153
8430	-266.9691	-358.2675	91.29841	1.428706	2.088696	0.462855	0.537145	0.4672626
8436	-263.1182	-352.4592	89.34101	1.260544	9.54197	0.41479	0.58521	0.6559841
8442	-255.0417	-345.0596	90.01791	1.212489	6.420057	0.41479	0.58521	0.5804462
8448	-261.9664	-352.6741	90.70772	0.7949505	4.221619	0.269087	0.730913	1.024397
8454	-263.2579	-353.8892	90.63131	0.9598035	3.446299	0.160597	0.839403	1.190891
8460	-268.727	-359.1092	90.38219	1.054597	5.068513	0.387318	0.612682	0.8190902
8466	-265.7879	-356.5327	90.74474	1.441629	3.069877	0.537367	0.462633	0.7084798
8472	-261.9141	-351.7741	89.85998	1.234435	6.575897	0.498739	0.501261	0.7760401
8478	-261.0694	-351.3205	90.25109	1.424817	4.734522	0.278454	0.721546	0.4812977
8484	-260.9489	-350.0821	89.1332	1.54198	8.880091	0.665465	0.334535	0.3270524
8490	-260.0605	-350.4616	90.40111	1.53248	3.723301	0.618712	0.381288	0.3360058
8496	-257.6058	-347.3589	89.75311	1.362395	6.674438	0.618712	0.381288	0.3360058
8502	-257.7809	-348.1826	90.40173	1.09265	5.297926	0.702177	0.297823	0.6190461
8508	-252.7797	-342.9239	90.14415	1.227856	5.869236	0.5956	0.4044	0.4844122
8514	-252.7967	-342.2705	89.47373	1.627293	7.045259	0.525785	0.474215	0.4572839
8520	-261.5658	-351.978	90.41229	1.627293	3.555001	0.567124	0.432876	0.3969759
8526	-269.5754	-359.717	90.1415	1.270854	5.024858	0.65375	0.34625	0.8641635
8532	-268.1121	-359.1213	91.00919	1.511568	2.4025	0.300685	0.699315	0.370986
8538	-260.3649	-350.3634	89.99852	1.14063	6.61421	0.576403	0.423597	0.6923207
8544	-269.0427	-359.8637	90.82105	1.516519	2.876022	0.317834	0.682166	0.4891763
8550	-268.7777	-359.7542	90.97641	1.35131	2.876022	0.350059	0.649941	0.5744155
8556	-277.2549	-367.377	90.12205	1.558331	4.472334	0.648387	0.351613	0.3305423
8562	-272.7539	-363.6086	90.85472	0.8456174	3.828252	0.568376	0.431624	0.9579505
8568	-263.1591	-353.7344	90.57536	1.087701	4.348097	0.414588	0.585412	0.8012024
8574	-258.2148	-349.2914	91.07663	1.395447	2.576344	0.414091	0.585909	0.460419
8580	-262.1363	-351.5933	89.45706	1.848316	5.670449	0.601528	0.398472	0.2956925
8586	-256.9953	-347.7805	90.78518	1.338106	3.341887	0.421673	0.578327	0.6121385
8592	-255.5404	-346.1894	90.64899	1.325668	3.803264	0.52354	0.47646	0.508087
8598	-257.8249	-348.3295	90.5046	1.633902	3.307633	0.702971	0.297029	0.4063291
8604	-254.3276	-344.9894	90.66178	1.429246	3.458166	0.496494	0.503506	0.5722161
8610	-263.373	-353.4306	90.05761	1.340436	5.749665	0.55271	0.44729	0.4561332
8616	-255.9355	-345.2116	89.27606	1.408446	9.238825	0.34853	0.65147	0.4399618
8622	-261.2682	-351.7534	90.48521	1.689217	3.26263	0.426065	0.573935	0.5319348
8628	-259.824	-349.6792	89.85523	1.004255	4.713002	0.479502	0.520498	1.44096
8634	-265.2806	-355.1643	89.8837	0.6742114	9.664145	0.641445	0.358555	0.7011121
8640	-260.0039	-350.077	90.07308	0.8439881	6.208772	0.540571	0.459429	1.065036
8646	-265.0183	-354.9944	89.97615	0.6010591	6.591847	0.41766	0.58234	1.285023
8652	-254.714	-345.7689	91.05491	0.6917754	2.684146	0.317651	0.682349	1.326901
8658	-259.6421	-349.7378	90.09564	0.9704091	6.659944	0.459866	0.540134	0.7894139
8664	-256.9801	-347.2889	90.30876	0.7676046	6.541934	0.603873	0.396127	0.8107514
8670	-260.5045	-350.8615	90.35703	1.063604	5.299087	0.54636	0.45364	0.7551044
8676	-260.8379	-351.2494	90.41155	0.9862186	4.041094	0.429499	0.570501	1.175054
8682	-260.847	-350.2069	89.35989	1.128171	7.989675	0.317749	0.682251	1.114699
8688	-268.9903	-358.9717	89.98141	0.6637769	6.621554	0.584618	0.415382	1.222982
8694	-260.5152	-350.5883	90.07311	0.7960459	7.146665	0.549155	0.450845	0.9025102
8700	-262.0774	-352.2694	90.19193	1.086522	5.68732	0.613628	0.386372	0.8123019
8706	-264.8406	-355.5862	90.74566	1.139145	3.93192	0.373422	0.626578	0.6662891
8712	-268.7125	-359.6021	90.88961	1.396359	2.718448	0.366317	0.633683	0.7901322
8718	-263.5679	-353.6099	90.04206	1.206738	5.866401	0.642422	0.357578	0.7924779
8724	-263.3125	-353.7893	90.47683	0.975769	5.250727	0.593653	0.406347	0.7258635
8730	-259.9578	-350.3779	90.42012	0.9251592	4.449568	0.521396	0.478604	1.105059
8736	-259.7785	-350.1137	90.3352	0.9421984	4.674017	0.21408	0.78592	1.105059
8742	-266.6402	-358.2431	91.60287	0.9355352	1.846894	0.366833	0.633167	1.027532
8748	-274.2628	-364.535	90.27217	0.6599442	3.198425	0.366833	0.633167	1.765882
8754	-277.9725	-368.6599	90.68734	0.8164864	3.198425	0.415127	0.584873	1.343248
8760	-276.5329	-366.8994	90.36646	0.9880996	3.586011	0.477557	0.522443	1.343248
8766	-275.9518	-366.5216	90.56984	1.069913	3.979708	0.483156	0.516844	0.9668716
8772	-268.7456	-359.4536	90.70804	1.331212	3.37021	0.379242	0.620758	0.7506479
8778	-271.2434	-361.8471	90.60374	1.135067	2.506325	0.302521	0.697479	1.40014
8784	-271.5984	-362.112	90.5136	0.7134431	3.738664	0.309145	0.690855	1.40014
8790	-277.7912	-367.6292	89.83802	0.669796	4.413267	0.289693	0.710307	1.762958
8796	-273.3841	-363.3689	89.98477	0.6937381	4.972606	0.490256	0.509744	1.521147
8802	-272.1519	-362.3534	90.20155	0.6880366	5.790523	0.529563	0.470437	1.180892
8808	-279.7511	-370.0565	90.3054	1.278791	4.467937	0.493823	0.506177	0.8537876
8814	-271.1699	-361.2158	90.04596	1.18559	3.897024	0.417953	0.582047	1.353122
8820	-274.0037	-364.037	90.03336	1.071703	3.934398	0.544077	0.455923	1.441651
8826	-275.8264	-366.1602	90.33382	1.222177	3.934398	0.419286	0.580714	1.06458
8832	-272.4524	-362.1635	89.71112	1.276971	7.417454	0.541129	0.458871	0.6547705
8838	-279.5259	-369.245	89.7191	1.268995	7.417454	0.615864	0.384136	0.6547705
8844	-279.3452	-369.1115	89.76622	1.610598	5.839674	0.334509	0.665491	0.5394596
8850	-283.4331	-373.2462	89.81316	1.481351	6.132764	0.332945	0.667055	0.5896992
8856	-277.6976	-369.3855	91.68796	0.8627478	1.996447	0.40846	0.59154	0.9218135
8862	-263.3909	-353.2356	89.84471	1.430666	6.120704	0.543574	0.456426	0.6472803
8868	-263.4029	-353.4995	90.09658	1.500756	4.799794	0.283355	0.716645	0.6942121
8874	-273.321	-364.0036	90.68257	1.244319	3.275064	0.193878	0.806122	0.9355357
8880	-269.8943	-360.3998	90.50551	1.088423	4.208372	0.606334	0.393666	0.9355357
8886	-267.3998	-358.0667	90.66698	1.114804	4.149892	0.250858	0.749142	0.7205552
8892	-261.0282	-351.1076	90.07943	1.270702	5.573764	0.647141	0.352859	0.7529961
8898	-274.4854	-364.7259	90.24048	1.622024	4.023496	0.41678	0.58322	0.6481728
8904	-265.9846	-355.1096	89.12494	1.766614	7.294366	0.526425	0.473575	0.2669257
8910	-258.0195	-347.7468	89.72731	1.549124	6.201293	0.526425	0.473575	0.595809
8916	-263.0559	-352.2056	89.14972	1.549124	8.875253	0.535857	0.464143	0.3510648
8922	-263.9654	-353.6308	89.66544	1.492938	6.651033	0.625858	0.374142	0.6369052
8928	-263.2453	-353.2992	90.0539	1.329109	5.333282	0.493549	0.506451	0.7952703
8934	-257.6247	-348.4962	90.8715	0.9568855	2.919569	0.350237	0.649763	1.170475
8940	-265.1803	-355.993	90.81272	0.9419955	2.609682	0.304963	0.695037	1.348417
8946	-266.6806	-357.2297	90.54916	0.880394	3.117827	0.342673	0.657327	1.427086
8952	-261.0303	-351.702	90.67167	1.187834	3.758495	0.342673	0.657327	0.8014188
8958	-267.6852	-357.4206	89.73538	0.7354435	8.24045	0.611955	0.388045	1.087356
8964	-268.2588	-359.1521	90.89336	1.153381	2.295152	0.657534	0.342466	1.238453
8970	-270.8371	-361.1204	90.28328	1.535461	3.918718	0.427403	0.572597	0.7810104
8976	-264.397	-354.3716	89.97462	1.515072	5.245393	0.363941	0.636059	0.6619635
8982	-270.3344	-359.5189	89.18454	1.444792	9.616328	0.442095	0.557905	0.5162282
8988	-269.1302	-360.1131	90.98286	1.753219	2.055553	0.226897	0.773103	0.4259363
8994	-267.818	-358.274	90.45603	1.854065	2.575472	0.401528	0.598472	0.2645271
9000	-264.5725	-354.8235	90.25101	1.850945	3.452807	0.514994	0.485006	0.4826241
9006	-276.9313	-365.186	88.25465	1.453133	16.85845	0.596078	0.403922	0.5436618
9012	-272.7329	-360.9357	88.2028	1.478756	16.85845	0.596078	0.403922	0.6322744
9018	-257.4352	-347.0778	89.64259	1.551102	6.58884	0.596078	0.403922	0.575287
9024	-259.8508	-350.7236	90.87276	1.577535	2.624894	0.47807	0.52193	0.4693079
9030	-264.5155	-354.3419	89.82634	1.23411	6.303331	0.47807	0.52193	0.8957923
9036	-268.2345	-358.477	90.2425	0.6426663	6.303331	0.303708	0.696292	1.074287
9042	-263.398	-354.2343	90.83634	0.5589262	3.277951	0.406229	0.593771	1.403626
9048	-268.9996	-358.875	89.87543	0.8473702	3.433877	0.295242	0.704758	1.846782
9054	-272.8076	-363.956	91.14839	0.9941758	2.082195	0.124525	0.875475	1.25564
9060	-272.6609	-362.0651	89.40421	0.8280035	3.493232	0.343774	0.656226	2.158932
9066	-273.8436	-364.5654	90.72177	0.8279502	2.402976	0.310767	0.689233	1.581303
9072	-269.4037	-360.7924	91.38873	0.5231803	2.337682	0.436647	0.563353	1.330673
9078	-270.8044	-362.9445	92.14002	0.5559254	1.798391	0.436647	0.563353	0.8950395
9084	-266.6745	-357.7126	91.03817	0.7661919	3.697868	0.540196	0.459804	0.8950395
9090	-265.4591	-356.5331	91.07401	0.9370938	2.842537	0.589447	0.410553	1.034066
9096	-263.8954	-354.7931	90.89775	0.9863371	2.842537	0.417275	0.582725	1.151247
9102	-262.3031	-353.1141	90.81098	1.228458	3.596068	0.35201	0.64799	0.5728434
9108	-260.8423	-350.3559	89.51365	1.67309	6.171555	0.529239	0.470761	0.2983856
9114	-265.649	-356.5679	90.91884	1.54805	2.486831	0.519251	0.480749	0.3555197
9120	-262.3615	-353.8868	91.52523	0.8162793	2.486831	0.515279	0.484721	0.859738
9126	-262.2844	-354.0115	91.72705	0.9257707	1.808166	0.187464	0.812536	0.9357099
9132	-263.3694	-355.3369	91.96754	0.9065484	1.645383	0.458849	0.541151	0.8008716
9138	-264.666	-355.0557	90.3897	1.283403	4.15888	0.418079	0.581921	0.8644863
9144	-261.9165	-352.0829	90.1664	1.220026	4.312036	0.315242	0.684758	1.106738
9150	-259.837	-350.5136	90.67661	0.9504974	3.857777	0.489554	0.510446	1.021591
9156	-264.7399	-355.0855	90.3456	1.281509	3.857777	0.398352	0.601648	1.021591
9162	-269.2766	-359.103	89.82636	0.9864501	3.759099	0.523989	0.476011	1.700935
9168	-265.1143	-355.5155	90.40121	0.8363474	3.997973	0.534392	0.465608	1.320884
9174	-277.1003	-367.5882	90.48795	1.02217	4.160031	0.525354	0.474646	1.036554
9180	-271.0368	-362.6741	91.63739	1.086752	1.816605	0.352469	0.647531	0.8484027
9186	-280.8375	-371.5062	90.6687	0.9118676	4.494198	0.176865	0.823135	0.8484027
9192	-275.112	-365.617	90.505	1.051546	4.573241	0.352298	0.647702	0.8484027
9198	-274.4295	-365.2883	90.85875	0.9989763	2.815427	0.416365	0.583635	1.184857
9204	-277.9464	-368.1861	90.23969	1.134662	5.00386	0.49188	0.50812	0.9143071
9210	-276.0651	-367.0465	90.98141	1.412468	2.033782	0.479537	0.520463	1.058444
9216	-271.108	-362.1925	91.08449	1.009234	2.363732	0.222698	0.777302	1.167724
9222	-267.9026	-358.5997	90.69709	1.25481	3.266675	0.49454	0.50546	0.9119033
9228	-268.9628	-359.831	90.86823	1.174072	2.784007	0.493599	0.506401	1.029209
9234	-280.1528	-370.7055	90.55274	1.372309	3.946448	0.296356	0.703644	0.5116746
9240	-268.1627	-358.5372	90.37453	0.9511199	4.021369	0.311637	0.688363	1.242195
9246	-261.1309	-351.7658	90.63493	0.9796486	3.193261	0.511083	0.488917	1.254896
9252	-264.7923	-355.3619	90.56955	0.5964558	4.471467	0.456055	0.543945	1.254896
9258	-255.8433	-346.1822	90.33894	1.116544	5.461483	0.714225	0.285775	0.6074039
9264	-252.9279	-342.8898	89.96188	0.9311964	7.231094	0.588827	0.411173	0.8543816
9270	-259.5825	-349.6241	90.04153	0.5871189	6.648122	0.677346	0.322654	1.231961
9276	-257.7974	-349.1245	91.3271	0.5561279	2.686456	0.449127	0.550873	1.213366
9282	-257.7315	-348.3392	90.60766	0.4946431	4.524582	0.52215	0.47785	1.293947
9288	-263.7751	-354.6325	90.85742	0.7155238	3.153187	0.30251	0.69749	1.302446
9294	-262.0848	-352.8016	90.71686	0.8560817	3.153187	0.334277	0.665723	1.302446
9300	-264.1009	-355.1278	91.02685	0.5789907	2.877782	0.394383	0.605617	1.369328
9306	-263.1965	-353.5203	90.32373	0.2459297	3.921303	0.573299	0.426701	1.831169
9312	-258.6609	-350.4484	91.78744	0.6046697	1.463614	0.374598	0.625402	1.378263
9318	-264.2425	-354.7882	90.54568	0.49439	1.515491	0.29893	0.70107	2.28872
9324	-271.9571	-362.5236	90.56653	0.8838893	4.852614	0.364081	0.635919	0.8767904
9330	-269.7844	-360.5813	90.7969	1.118791	3.439552	0.364081	0.635919	0.8767904
9336	-260.4644	-351.423	90.95856	0.7812447	3.439552	0.52295	0.47705	1.059271
9342	-262.5638	-352.5963	90.03246	1.183028	6.534434	0.544439	0.455561	0.4814291
9348	-251.9537	-341.8305	89.87675	1.302353	6.534434	0.676646	0.323354	0.3758833
9354	-260.6724	-351.431	90.75864	1.525675	2.998914	0.310042	0.689958	0.4862965
9360	-266.7588	-357.206	90.44723	0.7479221	3.812916	0.539042	0.460958	1.404563
9366	-265.7089	-356.8035	91.09459	0.976535	2.32508	0.206993	0.793007	1.204547
9372	-260.2382	-351.8573	91.61901	0.7030479	1.852321	0.502454	0.497546	1.219754
9378	-267.0041	-357.4568	90.45274	1.111174	3.429012	0.15441	0.84559	1.219754
9384	-258.6435	-348.8728	90.22933	0.8606904	4.199257	0.563916	0.436084	1.385204
9390	-262.4441	-352.6287	90.18462	0.8413434	5.337973	0.523167	0.476833	1.163368
9396	-264.644	-355.5407	90.89671	1.016993	3.250398	0.373084	0.626916	0.9598593
9402	-263.9007	-354.9163	91.01557	1.285518	2.817217	0.373084	0.626916	0.6986929
9408	-265.7343	-356.2532	90.5189	1.229899	4.292361	0.296928	0.703072	0.6986929
9414	-265.3658	-355.7193	90.35353	1.064294	4.703415	0.542951	0.457049	0.9602836
9420	-266.1721	-357.8803	91.70814	0.6694616	1.753263	0.272359	0.727641	1.22611
9426	-256.5666	-347.153	90.58633	0.8266723	3.886948	0.250344	0.749656	1.206981
9432	-259.117	-349.9971	90.8801	1.088684	3.020973	0.491924	0.508076	0.999713
9438	-261.1005	-352.2811	91.18055	1.059829	2.525932	0.447593	0.552407	0.9513167
9444	-264.7742	-354.8233	90.04917	1.168826	5.151728	0.441313	0.558687	1.033071
9450	-261.9954	-353.0205	91.02507	1.092491	2.88367	0.264314	0.735686	0.9052397
9456	-261.71	-352.6871	90.97704	0.7270626	3.391061	0.386518	0.613482	1.109614
9462	-261.4009	-352.543	91.14215	1.058042	2.317119	0.252369	0.747631	1.093921
9468	-266.0513	-357.4667	91.41539	0.7919111	2.593406	0.350278	0.649722	0.9518719
9474	-261.5973	-353.2838	91.68657	0.879234	1.540879	0.370202	0.629798	1.189386
9480	-268.6899	-359.5623	90.8724	1.149073	2.513896	0.259672	0.740328	1.165043
9486	-257.9672	-348.8954	90.92817	1.024618	2.578272	0.340673	0.659327	1.197553
9492	-257.4647	-347.8181	90.35341	0.8270122	4.648334	0.559128	0.440872	1.197553
9498	-261.1829	-351.1531	89.97023	1.088352	5.292146	0.657177	0.342823	1.145373
9504	-255.4136	-345.8902	90.47668	1.288117	4.061651	0.640453	0.359547	0.7889039
9510	-263.773	-354.287	90.51399	1.161109	3.469275	0.274394	0.725606	1.108865
9516	-263.5712	-353.8749	90.30368	0.8147479	4.996093	0.483659	0.516341	1.164145
9522	-256.6966	-347.2263	90.52967	0.7777416	4.996093	0.716009	0.283991	0.9872342
9528	-255.1897	-345.4716	90.28191	1.032957	4.443932	0.33998	0.66002	1.134111
9534	-257.9587	-348.1015	90.14279	1.238426	5.818578	0.465978	0.534022	0.457809
9540	-259.6889	-348.9799	89.29095	1.480757	8.736099	0.441433	0.558567	0.5628959
9546	-264.3224	-354.0305	89.70815	1.503601	6.30495	0.46458	0.53542	0.3498365
9552	-258.7939	-347.9626	89.16864	1.401131	9.812137	0.557744	0.442256	0.3900071
9558	-256.027	-344.7327	88.70577	1.605578	11.49764	0.629964	0.370036	0.3795576
9564	-256.6628	-345.9446	89.28178	1.466744	8.879878	0.688868	0.311132	0.4503497
9570	-257.8637	-348.8917	91.02804	1.016276	3.301204	0.502914	0.497086	0.7820873
9576	-267.1263	-357.4142	90.28791	0.9175673	6.047751	0.673775	0.326225	0.7915127
9582	-270.1181	-360.3121	90.19398	0.796554	6.074549	0.580736	0.419264	1.02506
9588	-268.0941	-358.1038	90.00972	0.8283015	6.741495	0.580736	0.419264	1.02506
9594	-258.9248	-349.5139	90.58904	1.09091	4.603885	0.309956	0.690044	0.6451744
9600	-257.1654	-347.5177	90.35232	1.425882	4.378683	0.530104	0.469896	0.4464956
9606	-255.8939	-345.3476	89.45361	1.159334	9.586948	0.446069	0.553931	0.6114811
9612	-262.3153	-352.9005	90.58524	1.031432	4.249808	0.607974	0.392026	0.8957942
9618	-267.0661	-357.6285	90.5624	1.37406	3.874576	0.512533	0.487467	0.5867342
9624	-272.558	-363.6263	91.06826	1.03328	3.135552	0.512533	0.487467	0.7948026
9630	-262.6414	-353.6296	90.9882	0.8741569	2.393276	0.260306	0.739694	1.347422
9636	-269.743	-359.946	90.20307	0.6178395	4.243332	0.588469	0.411531	1.577732
9642	-266.2976	-356.9402	90.64255	1.005541	2.91148	0.445046	0.554954	1.324007
9648	-267.1321	-357.3868	90.25473	0.6195234	2.599792	0.319984	0.680016	1.984125
9654	-268.9879	-359.7592	90.77135	0.5870345	2.86129	0.519633	0.480367	1.562751
9660	-255.5606	-346.0926	90.53201	0.7581982	3.019165	0.519633	0.480367	1.562751
9666	-257.7622	-348.7407	90.9785	0.8933638	3.019165	0.479663	0.520337	1.093293
9672	-263.6042	-353.0921	89.48787	1.113207	6.545961	0.367663	0.632337	1.273866
9678	-265.3562	-356.4492	91.09297	0.7786633	2.858092	0.570301	0.429699	1.156166
9684	-265.169	-355.9738	90.80483	1.123557	3.157434	0.570301	0.429699	0.9833307
9690	-267.3353	-358.0443	90.70903	1.547711	3.036586	0.601791	0.398209	0.5815923
9696	-264.7262	-355.3045	90.57831	1.43776	3.685998	0.634079	0.365921	0.486404
9702	-272.3813	-362.5423	90.16091	1.407909	4.697074	0.321076	0.678924	0.7848583
9708	-267.0439	-358.4059	91.36195	1.11316	2.33964	0.364818	0.635182	0.784132
9714	-269.927	-360.9285	91.0015	1.182137	3.005728	0.311183	0.688817	0.7553992
9720	-265.2422	-356.2529	91.01063	1.069465	3.005728	0.365949	0.634051	0.8880834
9726	-264.0655	-354.8555	90.78999	1.438765	3.005728	0.475463	0.524537	0.6810082
9732	-260.7148	-351.7701	91.05526	0.9108349	2.966308	0.570038	0.429962	1.025345
9738	-263.0699	-352.8495	89.77954	1.15684	6.633455	0.322767	0.677233	0.949523
9744	-259.1862	-348.6862	89.50005	1.852835	5.221185	0.540562	0.459438	0.2532852
9750	-259.5008	-348.7869	89.28605	1.412807	9.18938	0.505441	0.494559	0.5309621
9756	-259.9913	-350.313	90.32174	1.707597	3.631139	0.550381	0.449619	0.4433079
9762	-261.2063	-351.798	90.5917	1.92203	2.467643	0.465965	0.534035	0.4190185
9768	-252.6207	-343.0074	90.38671	1.489719	4.047869	0.518385	0.481615	0.4190185
9774	-260.8292	-350.4292	89.60006	2.197968	3.100803	0.506912	0.493088	0.1637067
9780	-261.3304	-350.7447	89.41429	1.343607	8.848788	0.380211	0.619789	0.5262348
9786	-261.0932	-351.3953	90.30208	0.8322969	6.565916	0.557955	0.442045	0.7190165
9792	-259.3504	-349.6084	90.258	0.950081	5.225473	0.450797	0.549203	1.023194
9798	-259.1376	-349.0596	89.92204	1.67729	4.971804	0.421509	0.578491	0.4356042
9804	-262.6493	-352.5902	89.94091	1.546773	5.290261	0.575917	0.424083	0.3818547
9810	-263.207	-353.2972	90.09026	1.41864	5.290261	0.507453	0.492547	0.42633
9816	-261.4349	-352.7766	91.34175	1.143512	2.447053	0.510673	0.489327	0.6817791
9822	-261.9406	-353.4646	91.52398	0.9294355	1.347891	0.208396	0.791604	1.400184
9828	-266.6034	-357.2297	90.62623	0.9262765	3.727506	0.636752	0.363248	1.133972
9834	-271.8514	-361.4616	89.6102	1.34907	7.305586	0.370205	0.629795	0.7453692
9840	-275.2488	-365.4232	90.17441	1.690375	3.705206	0.39885	0.60115	0.8193115
9846	-264.108	-354.4764	90.36846	1.610554	3.748385	0.356494	0.643506	0.4179657
9852	-269.6415	-360.3941	90.75262	1.080319	3.748385	0.520609	0.479391	0.8400055
9858	-264.4682	-355.5991	91.13085	1.000905	2.61742	0.337922	0.662078	1.017045
9864	-273.5404	-364.2914	90.75099	0.7970376	3.773591	0.616713	0.383287	1.123321
9870	-275.7592	-365.0494	89.29029	1.079694	9.566505	0.540417	0.459583	0.9603239
9876	-272.0751	-362.0396	89.9645	1.145979	6.11051	0.52422	0.47578	0.8903637
9882	-270.5474	-361.0753	90.52795	1.402104	3.873688	0.565047	0.434953	0.6073885
9888	-268.1588	-358.7772	90.61841	1.539654	3.250921	0.321541	0.678459	0.6149576
9894	-264.2913	-354.8631	90.57183	1.196402	2.658212	0.370556	0.629444	1.3193
9900	-264.4248	-353.8609	89.4361	1.698221	6.783518	0.487926	0.512074	0.393119
9906	-261.7996	-351.3679	89.56827	1.760164	5.412116	0.546084	0.453916	0.2676645
9912	-272.8247	-361.6286	88.80395	2.259279	5.788703	0.192999	0.807001	0.1957797
9918	-278.0594	-367.6997	89.64029	2.259279	3.451284	0.390784	0.609216	0.2448864
9924	-273.8316	-363.3081	89.47648	1.388885	8.215112	0.615158	0.384842	0.4394512
9930	-272.0868	-361.6575	89.57078	1.290112	8.215112	0.761744	0.238256	0.5831104
9936	-273.9546	-362.1481	88.19347	1.500528	15.77631	0.801364	0.198636	0.2863877
9942	-270.3199	-358.858	88.53812	1.452433	14.11783	0.624672	0.375328	0.4074199
9948	-267.726	-357.0205	89.29456	1.364427	9.105596	0.624672	0.375328	0.6863762
9954	-268.6149	-357.6322	89.01733	1.346677	11.35573	0.661465	0.338535	0.5325824
9960	-268.786	-358.3722	89.58626	1.660043	5.646747	0.617662	0.382338	0.2558321
9966	-263.1518	-353.5095	90.3577	0.8292341	4.35066	0.583747	0.416253	1.268665
9972	-265.9161	-356.0792	90.16314	0.9360635	4.692759	0.359912	0.640088	1.255002
9978	-266.3279	-357.0666	90.73869	1.093736	2.689208	0.408102	0.591898	1.255002
9984	-270.7673	-362.2468	91.47949	0.9597278	1.904175	0.536697	0.463303	1.088077
9990	-263.7195	-354.3449	90.62543	0.5976094	4.261415	0.54305	0.45695	1.262203
9996	-268.9308	-359.4224	90.49161	0.5667099	4.261415	0.565139	0.434861	1.394353
10002	-267.2786	-358.1333	90.85469	0.9591088	2.502004	0.456209	0.543791	1.342794
10008	-267.201	-357.8092	90.60821	0.6239865	4.234982	0.506764	0.493236	1.261641
10014	-260.663	-351.7492	91.08615	0.8776613	2.861294	0.506764	0.493236	1.071211
10020	-256.494	-346.1075	89.61352	1.003315	6.706438	0.466062	0.533938	1.231068
10026	-249.193	-340.5578	91.36488	1.464957	1.834029	0.339849	0.660151	0.6778394
10032	-256.6614	-346.0532	89.39187	1.246713	9.36257	0.512981	0.487019	0.639783
10038	-266.6627	-355.7725	89.10977	1.112229	11.9282	0.689293	0.310707	0.7020231
10044	-265.1566	-354.1993	89.04274	1.47368	10.29943	0.537469	0.462531	0.4499206
10050	-263.6215	-354.6751	91.05367	0.9198594	3.640314	0.400068	0.599932	0.6927417
10056	-260.6761	-351.2554	90.57934	1.101433	4.214472	0.500678	0.499322	0.8332208
10062	-256.9153	-347.9982	91.08296	1.351765	2.365907	0.508913	0.491087	0.819777
10068	-250.4278	-340.9247	90.49687	1.007946	5.266649	0.691718	0.308282	0.6136237
10074	-258.4068	-348.5838	90.17691	0.8859069	5.266649	0.572887	0.427113	1.147679
10080	-261.5177	-352.4378	90.9201	0.6712397	3.853612	0.441034	0.558966	1.05744
10086	-268.2561	-358.3279	90.07179	1.078306	6.816216	0.590404	0.409596	0.5451541
10092	-263.8935	-353.0276	89.13408	1.424112	10.06308	0.744984	0.255016	0.5119799
10098	-256.5641	-345.7404	89.17626	0.9598948	12.0399	0.581862	0.418138	0.8071865
10104	-259.4841	-349.7975	90.3134	0.9963772	5.546186	0.473296	0.526704	0.8183069
10110	-254.7799	-344.8496	90.06969	1.274397	5.546186	0.473296	0.526704	0.7720639
10116	-253.0114	-343.3381	90.32672	1.298175	4.501587	0.346647	0.653353	0.7884946
10122	-259.5767	-349.6392	90.06251	0.8049548	4.842321	0.354834	0.645166	1.405788
10128	-265.519	-355.6966	90.1776	0.9247543	5.73518	0.54046	0.45954	0.996547
10134	-262.186	-352.2081	90.02208	1.212423	5.825785	0.69642	0.30358	0.8243402
10140	-251.165	-341.7565	90.59147	1.154495	4.350888	0.39404	0.60596	0.6695796
10146	-254.8581	-344.1316	89.27351	1.554413	8.205979	0.332733	0.667267	0.6695796
10152	-254.1051	-343.6603	89.55527	1.564863	6.915524	0.437802	0.562198	0.4253857
10158	-257.8046	-347.9342	90.12965	1.380105	5.234001	0.480589	0.519411	0.393855
10164	-259.2416	-349.471	90.22945	1.811747	3.48179	0.480589	0.519411	0.3575573
10170	-258.9787	-348.7414	89.7627	2.071417	3.285196	0.480589	0.519411	0.1944522
10176	-265.6021	-357.6306	92.02848	1.688865	0.8087006	0.296688	0.703312	0.4001673
10182	-267.7164	-357.7712	90.05477	1.939991	3.229366	0.398486	0.601514	0.2491365
10188	-265.9213	-356.4188	90.49749	1.7766	2.764722	0.219175	0.780825	0.2980758
10194	-267.4425	-357.5484	90.10584	1.884837	2.663903	0.542942	0.457058	0.1638771
10200	-266.207	-356.5454	90.33843	1.734346	3.348068	0.451034	0.548966	0.3354512
10206	-270.442	-361.2748	90.83283	1.288131	3.400849	0.44923	0.55077	0.4736179
10212	-267.9597	-358.3683	90.4086	1.263651	4.744533	0.44923	0.55077	0.4736179
10218	-262.1565	-350.7251	88.56861	1.515286	13.50033	0.689306	0.310694	0.4871047
10224	-266.2391	-356.1675	89.92843	0.9385414	7.927482	0.773976	0.226024	0.6948687
10230	-257.8244	-348.3305	90.50607	0.7912408	5.928739	0.392649	0.607351	0.6948687
10236	-254.4221	-345.1788	90.75668	0.9137382	4.030189	0.389809	0.610191	0.916053
10242	-260.1826	-350.6005	90.41794	1.463648	4.030189	0.585647	0.414353	0.5931887
10248	-257.2934	-347.1493	89.85591	1.603567	5.512739	0.578245	0.421755	0.5391564
10254	-259.5318	-350.0243	90.49254	1.39182	3.879037	0.44958	0.55042	0.7009361
10260	-259.5879	-350.0679	90.47995	1.201562	4.60712	0.548816	0.451184	0.6394507
10266	-259.8768	-349.7343	89.85754	0.9594595	6.142337	0.615711	0.384289	1.169814
10272	-268.5298	-357.5908	89.06098	0.6169168	6.714442	0.383417	0.616583	1.922536
10278	-269.1449	-360.0061	90.86119	1.070974	3.471754	0.346438	0.653562	0.8425088
10284	-276.308	-367.0911	90.78318	1.15926	2.751919	0.332663	0.667337	1.135591
10290	-262.3612	-352.6748	90.31357	0.852056	4.735072	0.471505	0.528495	1.188224
10296	-267.0689	-357.5636	90.49476	0.7106908	3.802201	0.348972	0.651028	1.399479
10302	-270.9839	-360.6268	89.64283	0.7645297	7.905955	0.737899	0.262101	1.199851
10308	-270.6292	-360.4235	89.79429	0.8809707	4.725945	0.234944	0.765056	1.575941
10314	-270.8323	-361.611	90.77864	0.6455097	4.725945	0.588321	0.411679	0.9466642
10320	-268.8988	-359.2376	90.3388	0.7998169	3.799356	0.537851	0.462149	1.451718
10326	-272.9543	-362.6144	89.66011	0.8527612	6.393481	0.382467	0.617533	1.372566
10332	-276.0991	-366.2926	90.19358	0.74657	5.877661	0.412631	0.587369	1.117069
10338	-272.3311	-363.2226	90.89147	1.166547	2.549562	0.434889	0.565111	1.117069
10344	-270.86	-360.4629	89.60281	1.371065	7.570037	0.33474	0.66526	0.3993522
10350	-266.0856	-357.0557	90.9701	1.632635	2.30233	0.261968	0.738032	0.432162
10356	-267.5057	-358.1259	90.62022	1.406617	3.655754	0.648508	0.351492	0.4839962
10362	-264.5321	-354.994	90.46187	1.027453	2.861983	0.421755	0.578245	1.464748
10368	-264.5489	-354.7999	90.25097	0.5291822	4.528574	0.378883	0.621117	1.54216
10374	-263.6138	-353.491	89.87727	0.437231	2.761077	0.285745	0.714255	2.300452
10380	-264.3366	-354.1374	89.80084	0.9466098	4.725068	0.403361	0.596639	1.522835
10386	-259.6224	-349.7811	90.15865	1.002413	4.725068	0.519196	0.480804	1.194686
10392	-254.373	-345.2606	90.8876	0.7997635	3.78891	0.429107	0.570893	0.9855056
10398	-259.6598	-351.0594	91.39961	1.0687	2.03386	0.399439	0.600561	0.9855056
10404	-258.9287	-349.1069	90.17818	1.118339	4.700962	0.41278	0.58722	1.08008
10410	-256.9047	-347.1619	90.25726	1.157215	4.809197	0.542373	0.457627	0.9310466
10416	-260.3359	-350.1341	89.79822	1.248527	7.291979	0.621999	0.378001	0.5605137
10422	-263.899	-354.4254	90.52645	1.508615	3.619028	0.30155	0.69845	0.4486938
10428	-258.1221	-348.5656	90.44348	1.424901	4.081481	0.379529	0.620471	0.5800933
10434	-256.432	-346.2618	89.8298	0.8878464	7.144409	0.57707	0.42293	1.057956
10440	-256.7848	-346.416	89.63121	1.034813	8.03523	0.596517	0.403483	0.9317687
10446	-260.0201	-349.9104	89.89023	1.067303	6.348133	0.550423	0.449577	0.9941887
10452	-258.6322	-348.5996	89.96743	1.101418	6.348133	0.595255	0.404745	0.8742498
10458	-264.3547	-354.6359	90.28115	1.040069	5.377085	0.27074	0.72926	0.8587655
10464	-262.2027	-352.2044	90.00167	1.295629	6.175425	0.810437	0.189563	0.4729128
10470	-266.8189	-357.5917	90.77273	1.717136	2.527725	0.09397	0.90603	0.5702667
10476	-259.3278	-348.6051	89.27724	1.445835	9.040791	0.532042	0.467958	0.4626958
10482	-274.0268	-364.1386	90.11183	1.409498	5.287824	0.324466	0.675534	0.4882485
10488	-264.8716	-354.8379	89.96635	1.549986	5.287824	0.442563	0.557437	0.5531172
10494	-278.6941	-367.4058	88.71176	1.572812	11.511	0.634192	0.365808	0.3466167
10500	-262.4632	-351.348	88.8848	1.455492	11.511	0.666353	0.333647	0.4570973
10506	-272.948	-362.504	89.55605	1.120955	7.966539	0.690318	0.309682	0.9339987
10512	-274.9318	-365.723	90.79117	1.259143	2.992376	0.450312	0.549688	0.9275534
10518	-267.172	-357.285	90.113	0.8005934	4.27911	0.396987	0.603013	1.50061
10524	-263.2216	-353.6774	90.45578	1.506557	3.420824	0.330514	0.669486	0.8290356
10530	-255.1	-345.7067	90.60672	1.211387	3.44157	0.439615	0.560385	0.9817196
10536	-256.5921	-346.6545	90.06245	1.438797	4.842653	0.439615	0.560385	0.8182629
10542	-268.1471	-358.7063	90.55923	1.312394	4.060911	0.463287	0.536713	0.5922954
10548	-267.9011	-357.9528	90.05171	1.321654	5.074168	0.357393	0.642607	0.8934829
10554	-265.9862	-355.5957	89.60948	0.8925682	7.65179	0.357393	0.642607	1.160586
10560	-270.2797	-360.6052	90.32547	0.5908661	5.776464	0.580615	0.419385	1.160599
10566	-265.6781	-354.2568	88.57876	1.045814	13.34201	0.592439	0.407561	1.160599
10572	-267.4521	-357.053	89.60085	0.9583008	6.970384	0.645571	0.354429	1.231507
10578	-273.0003	-361.6387	88.63832	0.7856928	14.32739	0.645571	0.354429	1.231507
10584	-264.0557	-354.3948	90.33909	0.5863195	5.418205	0.325526	0.674474	1.231507
10590	-268.696	-359.0183	90.32235	1.057096	4.654874	0.543796	0.456204	1.013757
10596	-267.0369	-357.1976	90.16071	0.8553349	3.318008	0.548444	0.451556	1.673185
10602	-258.4627	-348.7341	90.27138	0.9723665	4.44768	0.27336	0.72664	1.195408
10608	-260.6628	-350.7246	90.06179	0.9678827	6.21783	0.660556	0.339444	0.9510957
10614	-266.1678	-354.9668	88.79903	1.23912	11.52347	0.326598	0.673402	0.9974448
10620	-265.7334	-356.0954	90.36202	1.296816	4.667619	0.493712	0.506288	0.6497768
10626	-265.0441	-355.1847	90.14057	1.578331	4.583113	0.38791	0.61209	0.5378264
10632	-266.039	-355.1971	89.15808	1.457734	9.597658	0.349654	0.650346	0.5981637
10638	-270.4568	-359.933	89.47617	1.240573	9.07937	0.76373	0.23627	0.5373811
10644	-262.0215	-351.5681	89.54655	1.082651	9.07937	0.649239	0.350761	0.7434404
10650	-272.9204	-364.1983	91.27789	1.43801	1.873523	0.456826	0.543174	0.8141031
10656	-266.4286	-357.2452	90.81657	1.40031	3.143855	0.534725	0.465275	0.4417172
10662	-260.7423	-350.8564	90.11405	1.717296	4.092917	0.36996	0.63004	0.3647991
10668	-260.6229	-350.7304	90.10754	1.550675	4.645049	0.36996	0.63004	0.3647991
10674	-262.7626	-353.8164	91.05378	1.326695	2.340917	0.36996	0.63004	0.9000589
10680	-266.4962	-356.9058	90.4096	1.228621	4.17137	0.432618	0.567382	0.9000589
10686	-259.5336	-349.6147	90.08108	0.7617639	3.563055	0.432618	0.567382	1.7298
10692	-263.8897	-355.4434	91.55369	0.3525658	2.234359	0.175648	0.824352	1.378383
10698	-265.3914	-356.6	91.20864	0.3545936	1.881722	0.232897	0.767103	1.778678
10704	-276.8719	-366.5411	89.66921	0.4975253	2.302405	0.232897	0.767103	2.534646
10710	-266.4365	-357.0359	90.59934	0.6866241	3.452783	0.498428	0.501572	1.43572
10716	-273.7956	-365.4013	91.60571	0.8240448	1.955182	0.37189	0.62811	1.068206
10722	-267.4194	-358.9193	91.49992	1.128764	1.555253	0.449782	0.550218	1.124949
10728	-260.8318	-351.0073	90.17547	1.230005	4.469824	0.38278	0.61722	1.042887
10734	-260.6456	-351.4053	90.7597	1.526903	2.934713	0.643482	0.356518	0.3951967
10740	-265.5601	-355.9403	90.38017	1.743072	3.048068	0.678757	0.321243	0.2794438
10746	-269.916	-360.1215	90.20549	1.743072	3.858252	0.589809	0.410191	0.442958
10752	-283.7557	-373.8883	90.1326	1.242931	5.605085	0.490584	0.509416	0.6992978
10758	-268.6467	-359.8617	91.21505	1.046849	2.957468	0.40847	0.59153	0.6561357
10764	-272.0352	-362.7456	90.7105	1.247578	3.254801	0.48576	0.51424	0.9102826
10770	-276.9964	-368.26	91.26366	1.243031	2.34712	0.172465	0.827535	0.7320275
10776	-276.6103	-367.3879	90.77754	1.080296	3.893648	0.4251	0.5749	0.7362715
10782	-274.6667	-364.3974	89.73073	1.069864	8.390445	0.439342	0.560658	0.6560327
10788	-272.849	-364.4473	91.59827	1.109436	1.796368	0.381478	0.618522	0.8830797
10794	-273.6874	-364.5371	90.84977	0.9929225	2.456462	0.443786	0.556214	1.337724
10800	-263.6283	-354.2725	90.64415	0.7865226	3.401897	0.463848	0.536152	1.337724
10806	-255.025	-346.1195	91.09456	0.8505718	3.533821	0.389794	0.610206	0.7959884
10812	-252.786	-342.5865	89.8005	1.204542	7.528469	0.603107	0.396893	0.5173267
10818	-256.3818	-345.9106	89.52881	1.385851	7.982878	0.670765	0.329235	0.5351344
10824	-253.9452	-344.3439	90.39878	1.150503	4.916432	0.191335	0.808665	0.7191028
10830	-253.3128	-344.7947	91.48183	1.206838	2.045457	0.302926	0.697074	0.7032744
10836	-258.0971	-349.0321	90.93498	0.8874246	2.045457	0.557319	0.442681	1.522631
10842	-257.3359	-347.8584	90.52253	1.238988	4.435461	0.565215	0.434785	0.5526922
10848	-254.633	-344.4506	89.81759	0.6439906	6.799121	0.523343	0.476657	1.341512
10854	-266.1298	-357.0474	90.91759	1.450745	2.777747	0.527705	0.472295	0.5859418
10860	-259.3863	-349.5994	90.21306	1.625442	4.100916	0.527262	0.472738	0.644348
10866	-259.9637	-350.9278	90.96414	1.161045	2.229223	0.438761	0.561239	1.201728
10872	-263.8265	-354.4572	90.63064	0.7803545	2.636712	0.323173	0.676827	1.599152
10878	-265.7163	-355.3144	89.59808	1.042634	7.977795	0.588097	0.411903	0.9699577
10884	-260.1341	-350.6782	90.54412	1.042634	4.14906	0.447924	0.552076	0.9634669
10890	-246.0475	-336.4857	90.43824	1.136441	4.580959	0.395666	0.604334	0.8229288
10896	-257.861	-348.2502	90.38911	1.045967	4.580959	0.498206	0.501794	0.9801458
10902	-255.6418	-344.5975	88.9557	1.261245	11.64143	0.523748	0.476252	0.7712288
10908	-253.6225	-344.2094	90.58693	1.300302	3.906548	0.594836	0.405164	0.6784991
10914	-262.4581	-352.9311	90.473	0.843287	4.640601	0.540565	0.459435	1.078343
10920	-268.3675	-358.0276	89.66009	1.186555	6.098939	0.487026	0.512974	1.152828
10926	-265.7243	-355.6761	89.95182	1.189262	6.098939	0.601256	0.398744	0.8578273
10932	-272.8588	-363.5141	90.65533	1.111945	3.894382	0.578309	0.421691	0.8578273
10938	-263.1111	-353.2475	90.13644	1.345395	4.856841	0.383649	0.616351	0.8376207
10944	-261.5531	-351.1402	89.58708	1.479812	7.054741	0.556668	0.443332	0.3775542
10950	-265.3806	-355.6574	90.27683	1.2292	5.318943	0.297516	0.702484	0.5627287
10956	-257.991	-348.3763	90.38529	1.315312	4.314607	0.402616	0.597384	0.7638329
10962	-262.69	-352.8468	90.15677	1.100468	6.350385	0.408601	0.591399	0.5207529
10968	-268.7793	-359.7399	90.96057	0.9666733	3.751408	0.37228	0.62772	0.7040094
10974	-264.1625	-354.6936	90.53116	0.8648781	3.751408	0.492925	0.507075	1.261078
10980	-257.9716	-348.8792	90.90759	1.120907	3.307837	0.446191	0.553809	0.800049
10986	-262.7771	-353.2984	90.52122	0.855926	3.346356	0.34008	0.65992	1.396847
10992	-267.1865	-357.0208	89.83428	0.923957	5.166205	0.455017	0.544983	1.420047
10998	-259.4194	-349.3693	89.94994	0.7491035	5.287704	0.424904	0.575096	1.440297
11004	-264.7701	-354.5782	89.80816	0.9927304	4.918553	0.420377	0.579623	1.440297
11010	-264.6503	-354.3107	89.66043	0.878121	6.090022	0.449493	0.550507	1.407865
11016	-269.5816	-360.2542	90.67261	1.001509	4.261106	0.645689	0.354311	0.8227038
11022	-266.6552	-357.4623	90.80715	1.592033	2.732666	0.406164	0.593836	0.5392203
11028	-274.5917	-365.1969	90.60522	1.760258	2.508449	0.311749	0.688251	0.2780861
11034	-268.1496	-358.4218	90.27213	1.967133	2.588266	0.438305	0.561695	0.2326325
11040	-259.0347	-349.2695	90.23478	1.9791	2.717143	0.46718	0.53282	0.2488992
11046	-261.1868	-350.5039	89.31708	1.94312	5.222134	0.274892	0.725108	0.2130805
11052	-259.6924	-349.6158	89.92338	1.821595	4.116733	0.315727	0.684273	0.2909359
11058	-261.2708	-351.4511	90.18033	1.575103	4.425482	0.581191	0.418809	0.4199636
11064	-256.1868	-347.2791	91.09226	1.62418	2.001514	0.453293	0.546707	0.3426669
11070	-268.8179	-357.6201	88.80226	1.716475	10.31716	0.73072	0.26928	0.4870609
11076	-264.5912	-354.6234	90.03223	1.03476	6.642716	0.431538	0.568462	0.7933199
11082	-259.4551	-350.4251	90.97	0.940767	2.927218	0.455745	0.544255	1.09371
11088	-263.7927	-354.5834	90.7907	0.9926147	3.832866	0.300302	0.699698	0.8641041
11094	-270.3205	-360.7269	90.4064	1.056982	4.727211	0.301039	0.698961	0.9035672
11100	-261.7792	-351.841	90.0618	1.135948	5.49274	0.501758	0.498242	0.9622431
11106	-257.2829	-347.9604	90.67753	1.146787	3.964593	0.501758	0.498242	0.7504568
11112	-262.8364	-352.9029	90.06656	1.153191	6.008637	0.520972	0.479028	0.7848495
11118	-264.2696	-354.6095	90.33987	0.5871687	6.008637	0.548685	0.451315	1.099992
11124	-262.094	-351.442	89.34807	1.040723	9.705804	0.551163	0.448837	0.9159365
11130	-266.6509	-356.4237	89.77273	1.326117	6.026777	0.480372	0.519628	0.925592
11136	-264.4529	-355.3075	90.8546	1.447567	2.930322	0.507291	0.492709	0.5813256
11142	-268.23	-357.7004	89.47043	1.359164	8.357567	0.279057	0.720943	0.5993817
11148	-259.997	-350.2414	90.24435	1.488596	4.529319	0.389502	0.610498	0.451782
11154	-257.8642	-347.756	89.89184	1.613866	5.328768	0.6696	0.3304	0.451782
11160	-265.9992	-355.4683	89.46909	1.807964	5.887507	0.429223	0.570777	0.3159165
11166	-275.5982	-363.8073	88.20905	1.759995	13.62968	0.631662	0.368338	0.3088644
11172	-259.725	-349.2648	89.53977	1.537916	7.047314	0.757777	0.242223	0.3930482
11178	-262.2439	-352.8759	90.63201	1.229231	4.137642	0.416199	0.583801	0.488961
11184	-264.5518	-354.7348	90.18302	1.460816	4.711359	0.308212	0.691788	0.3721719
11190	-263.8331	-353.0768	89.24368	1.38141	9.6156	0.556564	0.443436	0.4522771
11196	-266.7237	-357.5127	90.78897	1.220287	3.415209	0.556564	0.443436	0.7691867
11202	-277.4776	-369.1293	91.65172	0.8211142	2.282077	0.340543	0.659457	0.8268673
11208	-274.3669	-365.2365	90.86964	1.346324	3.075371	0.496045	0.503955	0.647662
11214	-269.7611	-360.2126	90.45154	1.585039	3.502951	0.477291	0.522709	0.3618428
11220	-266.5675	-356.0412	89.4737	1.413133	8.113397	0.685998	0.314002	0.5543307
11226	-264.8155	-355.2018	90.38631	0.9604493	4.238059	0.41461	0.58539	1.163278
11232	-260.2037	-350.0223	89.81858	1.07246	6.460994	0.400411	0.599589	1.034314
11238	-259.4569	-349.1588	89.70189	1.009855	8.345816	0.2948	0.7052	0.809874
11244	-256.7501	-347.1758	90.42567	1.371152	4.329112	0.433826	0.566174	0.4615625
11250	-254.8238	-344.1112	89.28744	1.291046	9.927941	0.601528	0.398472	0.5258813
11256	-261.0721	-349.7848	88.71273	1.416299	13.0072	0.41205	0.58795	0.596276
11262	-258.5703	-348.2009	89.63056	1.456883	7.054711	0.576537	0.423463	0.4171519
11268	-257.2557	-347.9071	90.6514	1.220277	4.055275	0.435143	0.564857	0.5979693
11274	-257.3856	-346.8112	89.42558	1.461416	8.061886	0.435143	0.564857	0.591838
11280	-250.3347	-340.9369	90.6022	1.568458	3.213742	0.557824	0.442176	0.395877
11286	-265.3504	-356.1066	90.7562	1.568458	2.884703	0.422655	0.577345	0.5714596
11292	-275.7719	-365.1018	89.32986	1.778335	6.552034	0.656113	0.343887	0.3051908
11298	-268.2345	-357.2552	89.0207	1.564183	9.753269	0.656113	0.343887	0.4007104
11304	-267.9963	-358.6994	90.70312	1.478381	3.20547	0.341642	0.658358	0.600191
11310	-264.803	-354.5048	89.70184	1.356885	7.260993	0.383878	0.616122	0.5245912
11316	-255.6393	-346.2888	90.64949	1.238185	2.790863	0.334422	0.665578	1.1684
11322	-263.2092	-354.6679	91.45863	1.106089	1.679732	0.194971	0.805029	1.104755
11328	-261.9636	-352.5563	90.59274	0.9206733	4.742966	0.54097	0.45903	0.8394203
11334	-271.7743	-362.4283	90.65402	1.398592	3.446357	0.38129	0.61871	0.6798075
11340	-263.0694	-353.4689	90.39952	1.2993	2.708938	0.372474	0.627526	1.355904
11346	-257.7931	-349.1037	91.31059	0.8081237	2.892825	0.486399	0.513601	0.8994444
11352	-261.4697	-351.6817	90.21201	1.055838	3.712297	0.395415	0.604585	1.375597
11358	-259.3331	-349.5375	90.20441	0.8888829	3.680499	0.373189	0.626811	1.517752
11364	-258.0427	-348.7442	90.70143	0.5448169	3.162928	0.484852	0.515148	1.551203
11370	-266.5771	-356.8405	90.26339	0.6157157	4.81423	0.568677	0.431323	1.403049
11376	-261.0019	-352.1922	91.19024	0.8867288	2.594151	0.2901	0.7099	1.080003
11382	-256.7752	-348.0241	91.24889	1.295844	2.298058	0.396515	0.603485	0.711737
11388	-261.5179	-352.7956	91.27774	1.125508	2.358218	0.369525	0.630475	0.8634392
11394	-257.6836	-348.5774	90.89387	1.257176	2.747111	0.32801	0.67199	0.935436
11400	-267.347	-359.164	91.81694	0.9283822	1.576278	0.296319	0.703681	1.00059
11406	-261.3534	-352.4682	91.1148	0.9023461	2.811995	0.45708	0.54292	1.041366
11412	-261.5768	-353.1398	91.56293	1.156812	2.088725	0.45708	0.54292	0.5725202
11418	-264.668	-354.6691	90.00111	1.034167	6.532897	0.607979	0.392021	0.8642723
11424	-264.924	-356.496	91.57206	0.7655248	2.009246	0.344987	0.655013	1.123596
11430	-272.7907	-364.0696	91.27896	0.7334989	2.46319	0.510754	0.489246	1.194581
11436	-272.0198	-361.6639	89.64415	0.6748797	7.599089	0.578462	0.421538	1.32267
11442	-269.6143	-360.3533	90.73904	0.8460745	3.702526	0.555954	0.444046	1.112633
11448	-264.7006	-355.7749	91.07432	0.9490043	2.632402	0.44991	0.55009	1.112633
11454	-269.2149	-361.2583	92.04344	0.573448	1.311157	0.624751	0.375249	1.293697
11460	-266.2837	-357.2469	90.96317	0.9859737	3.430744	0.402822	0.597178	0.8407652
11466	-268.0433	-358.3929	90.34959	0.7134663	3.902317	0.526927	0.473073	1.481919
11472	-266.8323	-357.2208	90.38843	1.163801	3.696111	0.552458	0.447542	1.144226
11478	-258.3297	-348.6304	90.30072	1.132837	5.155731	0.476061	0.523939	0.7916697
11484	-268.3389	-358.3578	90.01893	0.5705424	5.548817	0.41223	0.58777	1.471528
11490	-260.1046	-351.2701	91.16547	0.931053	2.08605	0.302014	0.697986	1.291736
11496	-259.2273	-350.1179	90.89058	0.6715434	3.212382	0.534683	0.465317	1.291736
11502	-249.1538	-339.6488	90.49506	1.27147	4.279079	0.468592	0.531408	0.673794
11508	-258.3539	-348.2966	89.94265	1.227924	6.628736	0.600203	0.399797	0.6190997
11514	-267.4423	-356.9552	89.5129	1.704166	6.144567	0.600203	0.399797	0.3175787
11520	-258.1951	-348.0258	89.83068	1.5438	5.857768	0.450129	0.549871	0.4798474
11526	-265.4805	-354.5543	89.07376	1.438985	10.27596	0.654788	0.345212	0.5838242
11532	-274.338	-362.5308	88.19281	1.643184	15.38335	0.69421	0.30579	0.3863297
11538	-270.7191	-359.816	89.09683	1.336192	10.24078	0.730909	0.269091	0.754876
11544	-256.8501	-347.5766	90.72645	1.581668	2.762287	0.41085	0.58915	0.3252696
11550	-260.9343	-351.8239	90.88959	1.526523	2.646371	0.147095	0.852905	0.3944304
11556	-259.5385	-349.8093	90.27081	1.411683	4.669978	0.561192	0.438808	0.585589
11562	-264.8941	-355.6821	90.78796	1.187477	3.784032	0.331686	0.668314	0.5573182
11568	-262.0336	-351.9891	89.95547	1.302423	6.002273	0.379453	0.620547	0.7310268
11574	-263.7126	-354.7495	91.03689	0.7895642	2.654146	0.283882	0.716118	1.273462
11580	-268.8661	-359.4819	90.6158	1.846812	2.473038	0.514936	0.485064	0.3426724
11586	-261.8086	-351.6035	89.79487	1.959943	4.272212	0.258244	0.741756	0.3426724
11592	-265.3052	-355.5928	90.28759	1.163802	5.381902	0.44685	0.55315	0.6657668
11598	-269.8964	-361.4654	91.56904	1.159288	2.089255	0.380788	0.619212	0.481241
11604	-262.5779	-351.9716	89.39365	1.512712	8.035232	0.639739	0.360261	0.481241
11610	-256.4491	-346.9788	90.52969	1.13877	4.207117	0.400871	0.599129	0.8512939
11616	-260.7519	-351.5399	90.78803	0.9661498	3.663532	0.624663	0.375337	0.9628036
11622	-255.0761	-345.7364	90.66024	1.228526	3.663532	0.344636	0.655364	0.8076509
11628	-260.0814	-350.5385	90.45712	1.431923	4.04069	0.356906	0.643094	0.5489812
11634	-262.2165	-353.0332	90.81667	1.439115	3.012345	0.521545	0.478455	0.3998606
11640	-271.8795	-362.1993	90.31979	1.855059	3.012345	0.391695	0.608305	0.3051195
11646	-269.1402	-359.6639	90.52366	1.425575	3.719058	0.63057	0.36943	0.6853031
11652	-274.7746	-365.0285	90.25385	1.638787	3.638356	0.565494	0.434506	0.8145113
11658	-262.4092	-351.9103	89.50109	1.385241	7.420333	0.4817	0.5183	0.8145113
11664	-273.3499	-363.3991	90.04917	1.090068	4.98761	0.495721	0.504279	1.147914
11670	-263.3724	-352.7779	89.40545	1.019999	4.98761	0.359954	0.640046	1.701624
11676	-260.7637	-350.2212	89.45748	1.187675	7.585308	0.524298	0.475702	1.041465
11682	-269.453	-358.7594	89.3064	0.938635	9.569236	0.432993	0.567007	1.08242
11688	-274.6768	-364.0118	89.33497	1.535109	6.330851	0.29215	0.70785	1.08242
11694	-266.4159	-355.6744	89.25852	1.224299	10.35791	0.75269	0.24731	0.6326987
11700	-264.7557	-355.6948	90.93907	1.224299	3.249488	0.402065	0.597935	0.6016803
11706	-258.0526	-348.7076	90.65495	0.989299	3.622094	0.284785	0.715215	1.085067
11712	-258.3098	-348.9103	90.6005	0.9594511	4.059317	0.326268	0.673732	1.020331
11718	-268.4129	-358.6525	90.23962	0.8303518	5.211893	0.585775	0.414225	1.154422
11724	-263.5921	-355.2714	91.67934	0.7911278	2.109794	0.387708	0.612292	0.9381266
11730	-256.1797	-346.4852	90.30553	1.709288	3.583284	0.608666	0.391334	0.3730361
11736	-258.7533	-348.9012	90.14797	1.537651	4.703799	0.587763	0.412237	0.5045163
11742	-259.2485	-349.9523	90.70384	1.456319	2.90449	0.587763	0.412237	0.8448868
11748	-257.0689	-346.7023	89.63342	0.8870706	9.170495	0.51907	0.48093	0.8668026
11754	-253.7848	-344.247	90.46222	0.9480458	5.539472	0.521012	0.478988	0.6658176
11760	-250.9404	-341.1146	90.17425	1.588098	3.967847	0.369831	0.630169	0.2702833
11766	-256.8402	-345.8679	89.02773	1.734524	8.449543	0.597499	0.402501	0.3374956
11772	-259.1556	-348.0864	88.93075	1.260884	12.64145	0.57231	0.42769	0.517017
11778	-259.5457	-349.9763	90.43062	1.827361	3.057262	0.346418	0.653582	0.4682226
11784	-251.7686	-342.6423	90.87374	1.393251	2.963672	0.535341	0.464659	0.639099
11790	-258.5885	-349.5943	91.00577	1.163639	2.828718	0.497353	0.502647	0.873763
11796	-256.44	-346.0293	89.58929	1.461748	6.984107	0.497353	0.502647	0.7057113
11802	-257.0994	-346.9974	89.898	1.550729	4.848763	0.486642	0.513358	0.2492176
11808	-259.1805	-348.6206	89.44015	1.490175	7.696097	0.310015	0.689985	0.368574
11814	-266.6489	-356.2224	89.57349	1.639376	6.549241	0.613193	0.386807	0.5006201
11820	-260.9151	-351.2276	90.31248	1.661218	3.608079	0.512438	0.487562	0.3344432
11826	-266.362	-356.8718	90.50977	1.531026	3.585475	0.355402	0.644598	0.4258444
11832	-265.4777	-355.6856	90.20793	1.825697	3.585475	0.558119	0.441881	0.4078877
11838	-259.4472	-349.8547	90.40746	1.603957	3.585475	0.575432	0.424568	0.3693046
11844	-258.474	-348.1571	89.68305	1.460227	6.789856	0.658196	0.341804	0.4148241
11850	-269.0406	-359.3105	90.26989	0.7684879	5.352315	0.352235	0.647765	1.149075
11856	-264.6453	-355.3449	90.69959	0.6538442	3.205953	0.548853	0.451147	1.457869
11862	-269.6919	-359.5782	89.88632	1.114796	4.015971	0.420076	0.579924	1.499492
11868	-271	-360.8631	89.86306	1.178139	5.942306	0.129564	0.870436	1.00656
11874	-276.3835	-365.625	89.24157	1.337721	8.628882	0.397373	0.602627	0.9073103
11880	-272.6986	-363.172	90.47334	0.5251337	4.972152	0.573998	0.426002	1.271651
11886	-267.0763	-357.7815	90.70525	0.4426794	5.509977	0.474417	0.525583	1.008297
11892	-261.2288	-351.439	90.21021	0.5403485	6.285782	0.592836	0.407164	1.198216
11898	-261.9339	-353.9324	91.99846	0.8445491	1.535097	0.407953	0.592047	0.9297023
11904	-270.501	-359.3206	88.8196	1.291405	12.48905	0.378133	0.621867	0.7595685
11910	-266.6688	-357.2733	90.60455	1.008137	4.19325	0.405998	0.594002	0.9205042
11916	-271.7473	-362.1702	90.42285	1.111861	4.248508	0.4019	0.5981	0.9838772
11922	-262.398	-352.5034	90.10547	1.359756	5.479282	0.507025	0.492975	0.5560294
11928	-263.0589	-354.0148	90.95584	1.473363	2.65853	0.495729	0.504271	0.5625574
11934	-264.7726	-355.1952	90.42266	1.095606	4.510539	0.229763	0.770237	0.9146552
11940	-254.0654	-344.9204	90.85499	1.097267	3.465259	0.386334	0.613666	0.8203805
11946	-259.5608	-351.0597	91.49887	1.089338	2.231841	0.386334	0.613666	0.6975098
11952	-267.2159	-357.5219	90.30597	1.111929	5.364583	0.386334	0.613666	0.7326954
11958	-261.5954	-351.79	90.19462	1.305502	5.364583	0.571168	0.428832	0.4774475
11964	-268.4279	-358.2471	89.81916	1.500656	5.792146	0.564956	0.435044	0.7140167
11970	-264.4419	-355.6053	91.1634	1.249003	2.324235	0.449681	0.550319	0.8733871
11976	-260.8299	-351.8433	91.01347	1.030599	2.265235	0.339664	0.660336	1.253898
11982	-257.6427	-348.8879	91.24527	0.8524261	2.433077	0.426827	0.573173	1.133046
11988	-261.5021	-352.605	91.10289	1.101897	2.714565	0.386552	0.613448	0.8925625
11994	-253.3737	-344.0189	90.64518	1.046471	4.412649	0.450462	0.549538	0.7309026
12000	-275.063	-363.8334	88.77045	1.696935	10.61013	0.550104	0.449896	0.4421849
12006	-275.8236	-364.9927	89.16907	1.506809	9.269116	0.583317	0.416683	0.4283074
12012	-268.2542	-357.6947	89.44055	1.24411	9.269116	0.699669	0.300331	0.4647982
12018	-261.9364	-351.4436	89.50725	1.316622	8.469126	0.470843	0.529157	0.5388783
12024	-269.0198	-360.2052	91.18541	0.7492784	3.496581	0.463734	0.536266	0.8277135
12030	-262.0397	-352.9884	90.94873	1.210553	2.938347	0.463734	0.536266	0.8277135
12036	-258.6431	-349.3372	90.69407	1.210553	3.94829	0.576405	0.423595	0.6069781
12042	-264.2966	-355.055	90.7584	0.8391581	3.630417	0.34354	0.65646	1.124942
12048	-274.7463	-364.054	89.30772	0.6565717	3.630417	0.46862	0.53138	2.29893
12054	-262.4215	-353.0093	90.58784	0.7479821	3.450779	0.618666	0.381334	1.397775
12060	-267.1978	-357.0336	89.83575	1.274635	6.745673	0.388589	0.611411	0.6918532
12066	-273.6529	-363.8506	90.19763	0.9366363	6.745673	0.717825	0.282175	0.6443254
12072	-253.69	-344.4047	90.71465	0.6257473	3.825809	0.651091	0.348909	1.285335
12078	-252.7043	-343.3722	90.66795	0.6724473	3.825809	0.315396	0.684604	1.285335
12084	-252.6654	-342.3465	89.68112	0.8913734	7.751439	0.54954	0.45046	1.079276
12090	-251.8505	-342.439	90.58855	0.9868309	3.997699	0.462847	0.537153	1.025415
12096	-251.7548	-342.1835	90.42868	1.086159	5.174186	0.354637	0.645363	0.6496555
12102	-249.1226	-339.7813	90.65863	1.244298	3.908579	0.460239	0.539761	0.6449418
12108	-252.8453	-343.0239	90.17861	1.256841	5.533244	0.595061	0.404939	0.6113625
12114	-251.966	-341.5172	89.55113	1.373157	7.836961	0.599568	0.400432	0.6087968
12120	-260.4213	-351.2275	90.80622	1.646357	2.580708	0.388145	0.611855	0.6087968
12126	-266.0745	-356.9846	90.9101	1.55832	2.580708	0.440514	0.559486	0.4522265
12132	-273.7264	-363.8243	90.0979	1.630472	4.319044	0.512358	0.487642	0.3307498
12138	-265.3485	-355.7328	90.38428	1.418113	4.319044	0.618618	0.381382	0.5192959
12144	-264.8203	-354.7755	89.95514	1.718995	4.230722	0.586891	0.413109	0.2694358
12150	-266.944	-355.9237	88.97976	1.643754	8.537154	0.574408	0.425592	0.2511019
12156	-259.5985	-350.47	90.87144	1.471263	2.8202	0.293572	0.706428	0.606305
12162	-252.8396	-343.6791	90.83949	1.209997	3.490989	0.4583	0.5417	0.6522211
12168	-257.0744	-347.9272	90.85282	1.213746	2.998826	0.471789	0.528211	0.9066616
12174	-261.4521	-350.5928	89.14069	1.057194	11.83584	0.512973	0.487027	0.7601355
12180	-259.1066	-350.5311	91.42456	1.342648	2.017257	0.468044	0.531956	0.5411478
12186	-263.5984	-353.9995	90.40106	1.328737	4.168384	0.569408	0.430592	0.2921354
12192	-256.3786	-347.1878	90.80927	1.198503	3.50445	0.308377	0.691623	0.7199585
12198	-263.5394	-353.5243	89.98488	1.421152	5.709458	0.541819	0.458181	0.446425
12204	-258.6629	-349.2305	90.5676	1.577465	3.32963	0.379514	0.620486	0.4519899
12210	-263.8934	-354.8533	90.95994	1.620615	2.288301	0.553033	0.446967	0.3720371
12216	-270.6909	-361.448	90.75705	1.898898	2.055429	0.476616	0.523384	0.3146946
12222	-275.5866	-367.1325	91.54586	1.132875	1.807233	0.229575	0.770425	0.9080398
12228	-273.2512	-363.3316	90.08036	1.080395	3.508746	0.227852	0.772148	1.514477
12234	-274.0888	-364.1611	90.07232	1.060047	6.126649	0.488903	0.511097	0.8603655
12240	-273.0717	-363.0701	89.99845	1.224088	6.126649	0.534822	0.465178	0.7397843
12246	-261.8663	-352.0735	90.20722	1.001038	5.335494	0.355414	0.644586	0.9937619
12252	-260.3479	-351.5333	91.18534	1.293847	2.369669	0.331796	0.668204	0.7562499
12258	-260.4147	-351.1775	90.76286	0.964791	4.245981	0.466013	0.533987	0.7562499
12264	-260.3507	-350.5141	90.16341	1.492561	4.733252	0.613163	0.386837	0.6096568
12270	-267.7775	-358.2073	90.42974	1.631804	3.431963	0.47672	0.52328	0.3594168
12276	-264.3847	-354.4213	90.03652	1.554548	4.738527	0.666341	0.333659	0.3217026
12282	-257.6871	-348.1773	90.49019	2.042485	2.237303	0.160189	0.839811	0.2971209
12288	-263.0282	-352.7916	89.76344	1.765242	5.253985	0.388851	0.611149	0.4689511
12294	-262.4637	-353.4383	90.97454	1.450033	2.682715	0.388851	0.611149	0.4831218
12300	-275.5347	-366.1938	90.65908	1.764975	2.682715	0.286099	0.713901	0.4769065
12306	-271.1314	-361.7565	90.62507	1.764975	2.682715	0.16777	0.83223	0.3789351
12312	-268.1227	-357.8718	89.74912	1.809052	4.798734	0.611806	0.388194	0.3086294
12318	-277.419	-368.7259	91.30693	1.747599	1.513925	0.496872	0.503128	0.3673698
12324	-269.1089	-360.5386	91.42974	1.201478	2.251842	0.480099	0.519901	0.5675612
12330	-286.1702	-377.7148	91.54465	1.586321	1.244192	0.238707	0.761293	0.8607352
12336	-272.1199	-362.5226	90.4027	1.827602	2.962325	0.570329	0.429671	0.3354636
12342	-267.3976	-357.8096	90.41192	1.383394	4.343747	0.570329	0.429671	0.5027293
12348	-257.0825	-347.424	90.34155	1.432706	4.343747	0.466488	0.533512	0.6097892
12354	-258.124	-347.9699	89.84585	1.001098	8.288127	0.697242	0.302758	0.5845887
12360	-257.7244	-348.585	90.86062	1.073856	3.145876	0.254383	0.745617	0.9819391
12366	-267.9113	-358.5468	90.63547	1.01905	3.89338	0.511503	0.488497	0.9819391
12372	-272.4473	-361.6279	89.18066	0.465102	6.793371	0.423525	0.576475	1.932576
12378	-266.1675	-356.3366	90.16918	1.010734	3.521486	0.520798	0.479202	1.496568
12384	-268.2135	-358.6794	90.46591	0.855423	4.212926	0.419401	0.580599	1.192403
12390	-280.7067	-370.8379	90.13123	1.391572	4.954897	0.446177	0.553823	0.7437161
12396	-267.7032	-356.6865	88.98332	1.253159	11.65144	0.670267	0.329733	0.7403164
12402	-263.1349	-352.8231	89.68821	1.072808	7.184229	0.420323	0.579677	1.007884
12408	-264.0216	-354.7169	90.69533	1.002389	2.792219	0.440515	0.559485	1.326539
12414	-264.5692	-355.5714	91.00216	1.349757	2.792219	0.440515	0.559485	0.6154555
12420	-259.4561	-350.4357	90.97953	1.08828	3.077588	0.473919	0.526081	0.8672699
12426	-261.8126	-351.8654	90.05277	1.052939	6.397261	0.430055	0.569945	0.815236
12432	-265.7226	-356.4293	90.70668	1.376613	3.424409	0.298908	0.701092	0.6328992
12438	-261.7824	-352.2366	90.45419	1.623962	3.424409	0.602728	0.397272	0.6447243
12444	-265.6627	-356.0781	90.41546	1.515202	3.424409	0.183283	0.816717	0.8659956
12450	-266.7283	-356.1779	89.44958	0.7983756	3.035876	0.396423	0.603577	2.26617
12456	-262.6796	-353.0703	90.39066	0.5166277	2.761893	0.501484	0.498516	1.911185
12462	-260.7925	-350.9381	90.14556	0.5791074	4.289151	0.591907	0.408093	1.63696
12468	-260.0337	-350.9676	90.93393	1.17508	3.202686	0.428332	0.571668	0.745206
12474	-252.9753	-343.3127	90.33733	0.8153965	4.882444	0.517629	0.482371	1.162301
12480	-262.4836	-353.8885	91.40486	1.085045	2.059517	0.512205	0.487795	0.947827
12486	-259.0478	-349.3381	90.2903	1.088128	4.847974	0.278007	0.721993	0.9574569
12492	-259.327	-349.8425	90.5155	0.9633402	3.733579	0.461511	0.538489	1.196602
12498	-257.2574	-347.0171	89.75973	0.7937542	7.192551	0.430263	0.569737	1.196602
12504	-259.4788	-349.9259	90.44712	0.927035	4.242185	0.454449	0.545551	1.137886
12510	-258.9808	-349.6145	90.63372	0.9162707	3.591393	0.450465	0.549535	1.179578
12516	-259.0791	-349.2778	90.19869	1.024857	4.573936	0.33854	0.66146	1.179578
12522	-262.8107	-352.5479	89.73721	1.395204	6.762882	0.589391	0.410609	0.6400156
12528	-270.8789	-360.1507	89.27186	1.322039	7.998618	0.517357	0.482643	1.013182
12534	-268.7621	-359.1298	90.36765	0.7185803	2.82116	0.586308	0.413692	1.770002
12540	-270.3328	-360.222	89.88929	0.9728881	5.208147	0.586308	0.413692	1.329382
12546	-275.2474	-366.3554	91.10799	0.6480725	3.447714	0.370969	0.629031	1.040789
12552	-270.8755	-360.9846	90.10912	1.038526	4.058041	0.436019	0.563981	1.376356
12558	-272.5532	-362.9901	90.43694	1.108059	4.353152	0.505787	0.494213	0.9385526
12564	-258.568	-348.801	90.23305	1.129014	5.878699	0.515662	0.484338	0.5664049
12570	-265.086	-354.8956	89.80959	0.9570616	7.721349	0.449227	0.550773	0.8870858
12576	-260.538	-350.6392	90.10117	0.9988274	6.658696	0.493551	0.506449	0.7407999
12582	-256.6502	-347.38	90.72984	1.196583	3.824069	0.377992	0.622008	0.6573347
12588	-258.1161	-348.7258	90.60978	1.2508	3.97863	0.448054	0.551946	0.6824573
12594	-261.2631	-351.8644	90.6013	0.9251307	3.97863	0.737146	0.262854	1.078207
12600	-254.4958	-344.905	90.40912	1.073409	4.677744	0.617541	0.382459	0.8984411
12606	-259.3029	-349.8	90.49719	1.34334	3.877644	0.505579	0.494421	0.7702212
12612	-261.979	-352.7123	90.73327	1.615593	2.833746	0.397787	0.602213	0.4407461
12618	-265.6688	-355.6145	89.94566	1.586803	4.953684	0.461972	0.538028	0.3247361
12624	-273.6262	-364.255	90.62876	1.560654	3.125391	0.450609	0.549391	0.3681484
12630	-271.255	-361.2116	89.95654	1.363088	5.891595	0.545187	0.454813	0.6700949
12636	-261.3623	-352.4577	91.09537	1.156506	2.743104	0.632223	0.367777	0.8202068
12642	-256.5441	-346.4412	89.89716	1.044352	5.848355	0.471492	0.528508	1.122348
12648	-271.1651	-361.2831	90.11799	0.6656179	5.507892	0.422856	0.577144	1.328693
12654	-272.3948	-362.3114	89.91659	1.360684	5.979406	0.388171	0.611829	0.7083199
12660	-271.1982	-361.5662	90.36792	1.192079	4.10718	0.448886	0.551114	1.004636
12666	-278.2337	-368.695	90.46128	0.7379575	5.656746	0.546385	0.453615	0.9156574
12672	-266.6495	-356.5829	89.9334	1.367078	6.098118	0.469884	0.530116	0.5968816
12678	-260.8458	-351.6308	90.78498	1.261344	3.54627	0.22778	0.77222	0.6100894
12684	-261.3781	-353.098	91.71996	1.261344	1.480999	0.171166	0.828834	0.8137016
12690	-261.2784	-351.219	89.9406	1.416637	5.762172	0.529113	0.470887	0.6587643
12696	-273.4527	-363.6972	90.24449	1.082156	6.021469	0.588468	0.411532	0.5694425
12702	-263.1414	-353.3302	90.18877	1.120396	6.021469	0.519352	0.480648	0.6236442
12708	-267.8342	-357.8696	90.03537	1.193019	6.217568	0.594009	0.405991	0.6947076
12714	-264.1046	-354.2535	90.1489	1.134184	6.217568	0.666354	0.333646	0.5559695
12720	-265.5995	-353.5506	87.95114	1.680595	17.64739	0.643407	0.356593	0.474378
12726	-256.8846	-347.0441	90.15952	1.162479	5.520082	0.40622	0.59378	0.8111975
12732	-263.3909	-353.9147	90.52377	1.131122	4.349926	0.378521	0.621479	0.8111975
12738	-265.273	-355.3686	90.09554	0.9627284	6.312849	0.517336	0.482664	0.8957725
12744	-274.6174	-365.5197	90.90234	1.062207	2.799157	0.448628	0.551372	1.096208
12750	-260.9106	-352.0007	91.09004	1.155513	2.799157	0.328381	0.671619	0.795186
12756	-269.0709	-359.6534	90.58253	1.808564	2.56978	0.286068	0.713932	0.3189674
12762	-269.9633	-360.8756	90.91233	1.286293	2.815266	0.61238	0.38762	0.8460284
12768	-261.2809	-351.3288	90.04786	1.093506	5.479077	0.62737	0.37263	1.022659
12774	-270.5445	-360.6669	90.12241	1.246717	5.479077	0.423221	0.576779	0.7610422
12780	-259.7328	-349.5975	89.86473	1.193699	6.473301	0.752936	0.247064	0.8526616
12786	-263.3686	-353.481	90.11234	1.191673	5.354618	0.374698	0.625302	0.8858959
12792	-258.6322	-348.4276	89.79541	0.9668618	8.023639	0.374698	0.625302	0.8221792
12798	-252.7839	-343.1129	90.329	0.8895033	5.525981	0.539078	0.460922	0.9311325
12804	-257.7567	-346.7004	88.94365	1.82052	7.478868	0.699469	0.300531	0.2238206
12810	-259.7579	-349.3519	89.59407	1.82052	4.692713	0.516257	0.483743	0.2148607
12816	-255.7308	-345.6737	89.94288	1.981513	3.06411	0.365756	0.634244	0.1946104
12822	-260.2794	-350.6084	90.32896	1.430836	4.373286	0.442789	0.557211	0.3940019
12828	-270.1813	-360.3495	90.16824	1.323179	5.397254	0.360754	0.639246	0.4766468
12834	-264.0389	-354.1907	90.15179	1.511203	4.777315	0.775654	0.224346	0.4766468
12840	-260.5696	-350.384	89.81438	1.510884	5.776441	0.794927	0.205073	0.3352964
12846	-261.0347	-351.3907	90.35605	1.648294	3.428701	0.412604	0.587396	0.3025924
12852	-251.2536	-342.4519	91.19828	1.508369	2.129019	0.415703	0.584297	0.5033937
12858	-254.4949	-346.4422	91.94737	1.212289	1.24003	0.223879	0.776121	0.8299418
12864	-253.9428	-345.9356	91.99281	1.311659	1.24003	0.431772	0.568228	0.4382465
12870	-256.1721	-346.9508	90.77878	1.274352	3.509952	0.494468	0.505532	0.390976
12876	-258.3172	-348.1611	89.84389	1.475337	5.825062	0.382285	0.617715	0.341602
12882	-250.9298	-340.7801	89.85033	1.481243	6.028309	0.487265	0.512735	0.5344173
12888	-250.243	-340.9764	90.73337	0.869437	3.542713	0.483676	0.516324	1.149051
12894	-250.6437	-341.4043	90.76051	1.019774	3.778503	0.299838	0.700162	0.8897993
12900	-259.7721	-349.9395	90.16739	1.084479	5.699671	0.536911	0.463089	0.8419777
12906	-250.113	-340.2983	90.18532	0.9776751	6.045508	0.490249	0.509751	0.8467585
12912	-252.56	-341.9029	89.34295	1.115378	9.679677	0.526315	0.473685	0.8400235
12918	-251.3834	-342.2887	90.90535	0.68389	3.293947	0.402391	0.597609	1.242519
12924	-249.0389	-339.9362	90.89729	0.8885467	3.293947	0.417587	0.582413	1.069026
12930	-255.7643	-345.4063	89.64199	1.036386	7.991325	0.533349	0.466651	0.927412
12936	-252.6154	-343.8615	91.24613	1.27683	2.285728	0.349873	0.650127	0.7561115
12942	-257.8532	-347.872	90.01883	1.465939	4.595861	0.328453	0.671547	0.9230513
12948	-254.5476	-343.1749	88.62734	1.783579	9.385564	0.620242	0.379758	0.2216203
12954	-253.3647	-344.342	90.97729	1.593705	2.198718	0.184898	0.815102	0.3106416
12960	-257.5371	-348.2631	90.72599	1.750608	2.470252	0.285614	0.714386	0.3573781
12966	-263.194	-354.2179	91.02386	1.571206	2.335065	0.190036	0.809964	0.481402
12972	-258.8998	-348.5618	89.66195	1.487968	6.389385	0.597396	0.402604	0.3090538
12978	-254.0854	-343.5416	89.45626	1.686594	6.389385	0.578868	0.421132	0.3034697
12984	-254.7503	-343.788	89.03771	1.665407	7.928229	0.307597	0.692403	0.2353052
12990	-252.8584	-342.6886	89.83019	1.673886	4.983073	0.399696	0.600304	0.3074733
12996	-263.1882	-353.7315	90.5433	1.227982	4.300062	0.452067	0.547933	0.3747464
13002	-266.8626	-357.7571	90.89455	1.111452	3.427253	0.330705	0.669295	0.7672564
13008	-263.2424	-353.6959	90.45348	1.46049	3.427253	0.256677	0.743323	0.8842042
13014	-270.1472	-359.8232	89.67591	1.237593	7.452671	0.656349	0.343651	0.7687503
13020	-264.5388	-354.9296	90.39075	1.082688	3.749956	0.441565	0.558435	1.196249
13026	-265.662	-356.2739	90.61185	1.562627	3.267383	0.601246	0.398754	0.4974021
13032	-267.8808	-357.6377	89.75693	1.141737	5.882819	0.54755	0.45245	1.153011
13038	-268.7606	-358.8679	90.10732	1.247148	5.882819	0.442219	0.557781	0.590696
13044	-279.2505	-369.7073	90.45683	1.310157	4.20903	0.526404	0.473596	0.7132651
13050	-274.426	-364.9367	90.51074	1.042288	4.166248	0.449539	0.550461	0.9922424
13056	-273.7183	-365.0947	91.37645	0.8435059	2.272648	0.379279	0.620721	1.097269
13062	-268.5207	-358.4371	89.91639	1.087766	5.718489	0.236337	0.763663	1.094714
13068	-268.9501	-359.7762	90.82608	1.018691	3.533592	0.550412	0.449588	0.916938
13074	-265.9701	-356.5765	90.60643	1.19726	3.58139	0.293468	0.706532	0.9422411
13080	-271.4124	-361.7494	90.337	0.8913216	4.955032	0.269077	0.730923	1.075276
13086	-263.6015	-354.3109	90.70944	0.5853801	3.046744	0.364968	0.635032	1.550796
13092	-262.6848	-353.9601	91.27531	0.9683385	1.989921	0.381556	0.618444	1.215579
13098	-262.918	-353.8329	90.9149	0.4591756	1.808071	0.381556	0.618444	1.939575
13104	-260.6966	-350.8719	90.17533	0.5788211	2.994022	0.258857	0.741143	1.945697
13110	-270.1554	-361.6738	91.51841	1.170254	1.921592	0.629752	0.370248	0.8112966
13116	-265.2298	-356.119	90.88915	0.8462083	3.183511	0.29052	0.70948	1.155004
13122	-265.9832	-355.9135	89.93031	0.8647592	5.559268	0.481147	0.518853	1.308782
13128	-270.3879	-361.462	91.07408	0.9593211	3.385177	0.455021	0.544979	0.7507511
13134	-271.1185	-362.7317	91.61318	0.9079558	1.89418	0.384472	0.615528	1.01581
13140	-269.3537	-360.0627	90.70897	1.154443	3.778117	0.623783	0.376217	0.786783
13146	-265.9508	-357.121	91.17024	0.4878059	2.911835	0.477584	0.522416	1.315873
13152	-264.2703	-355.0384	90.7681	0.777731	3.640868	0.413869	0.586131	1.167449
13158	-268.5893	-358.9	90.31066	0.9405204	4.201063	0.491949	0.508051	1.254962
13164	-267.2814	-358.6276	91.34615	0.5027825	1.970439	0.281424	0.718576	1.535515
13170	-268.5684	-360.1358	91.56741	0.657898	1.871098	0.534598	0.465402	1.290488
13176	-267.7038	-359.5225	91.81862	0.9255906	1.499429	0.296821	0.703179	1.055564
13182	-269.1703	-360.577	91.40672	0.6215246	2.138684	0.491313	0.508687	1.323076
13188	-266.9531	-357.777	90.82387	0.694023	3.00223	0.520099	0.479901	1.39612
13194	-262.8262	-353.8815	91.0553	0.9874578	3.351056	0.520099	0.479901	0.7564767
13200	-261.4002	-351.1722	89.772	1.330536	6.43585	0.62008	0.37992	0.8078931
13206	-259.8664	-349.7102	89.84373	1.056384	6.039938	0.480491	0.519509	1.117657
13212	-259.3713	-350.1998	90.82849	1.41525	2.699368	0.171528	0.828472	0.855223
13218	-258.4373	-349.5761	91.13887	1.368075	2.481623	0.199558	0.800442	0.5903519
13224	-259.3984	-349.4989	90.10053	1.680211	4.341819	0.65534	0.34466	0.4178436
13230	-266.0405	-356.0567	90.01625	1.738282	4.269984	0.505646	0.494354	0.3415893
13236	-267.5584	-358.319	90.76053	1.670814	2.664199	0.468974	0.531026	0.5357607
13242	-262.4827	-352.5235	90.04075	1.429552	5.24626	0.479194	0.520806	0.6981545
13248	-262.9266	-353.8637	90.93714	0.6965202	3.781142	0.328627	0.671373	1.041227
13254	-258.7958	-349.3042	90.5084	1.398437	3.999533	0.481459	0.518541	0.4841193
13260	-261.374	-351.0675	89.69351	1.25879	7.626437	0.438662	0.561338	0.3809215
13266	-267.7997	-356.624	88.82434	1.440001	11.98854	0.592925	0.407075	0.5889696
13272	-262.1891	-350.9403	88.75124	1.431591	11.98854	0.478752	0.521248	0.7517068
13278	-258.2141	-348.7798	90.56568	1.484246	3.593404	0.478752	0.521248	0.4906128
13284	-259.7339	-349.9642	90.23029	1.506852	4.531264	0.670215	0.329785	0.4906128
13290	-258.194	-348.0374	89.84342	1.363124	6.537899	0.542585	0.457415	0.4363243
13296	-259.174	-349.8334	90.65938	1.44184	3.433035	0.571615	0.428385	0.4363243
13302	-260.531	-351.3647	90.83368	1.314663	3.328561	0.623176	0.376824	0.5328428
13308	-272.3043	-363.2582	90.95384	1.251619	3.185932	0.693421	0.306579	0.5294654
13314	-271.4794	-359.6612	88.1818	1.748897	13.55201	0.47814	0.52186	0.2753739
13320	-272.1895	-361.5634	89.3739	1.96828	5.411614	0.449335	0.550665	0.2757649
13326	-256.2562	-345.6184	89.36223	1.957939	5.076799	0.495146	0.504854	0.2208139
13332	-257.4359	-347.1408	89.70483	1.870613	4.305133	0.350494	0.649506	0.2319067
13338	-269.8727	-359.6591	89.78639	2.20461	3.011326	0.423481	0.576519	0.2096638
13344	-264.8884	-352.711	87.82255	1.96927	13.61505	0.544974	0.455026	0.2133278
13350	-262.731	-350.7103	87.97926	2.002033	9.90727	0.662546	0.337454	0.1309364
13356	-261.904	-350.9352	89.03113	1.735992	8.394348	0.435013	0.564987	0.3322487
13362	-259.9572	-350.0564	90.0992	1.487306	5.049048	0.391475	0.608525	0.4882624
13368	-272.4437	-362.343	89.89927	0.9305435	6.180286	0.445331	0.554669	1.150685
13374	-269.508	-359.6269	90.11891	0.8459636	5.633291	0.578245	0.421755	1.149561
13380	-265.8797	-356.1813	90.30158	1.23687	5.183992	0.429089	0.570911	0.5785992
13386	-266.2643	-356.2843	90.01997	0.9656206	6.734947	0.510886	0.489114	0.8699626
13392	-266.0597	-356.0341	89.97448	1.434043	5.717304	0.611922	0.388078	0.4712441
13398	-266.6114	-356.7439	90.13249	1.434043	4.926588	0.621449	0.378551	0.3523599
13404	-263.228	-352.8299	89.60187	1.436399	6.824508	0.672183	0.327817	0.297738
13410	-261.1605	-351.2682	90.10769	1.564393	4.623009	0.440027	0.559973	0.3751627
13416	-264.2003	-354.2086	90.00831	1.668694	4.2203	0.515709	0.484291	0.2691488
13422	-266.2726	-355.6511	89.37843	1.353466	8.492272	0.515709	0.484291	0.3161793
13428	-261.4051	-351.406	90.00088	1.26725	6.053227	0.457024	0.542976	0.693256
13434	-269.218	-359.2673	90.04924	1.59146	4.83833	0.38195	0.61805	0.448309
13440	-270.8261	-360.5465	89.72042	1.418886	6.663983	0.59651	0.40349	0.3606584
13446	-265.0772	-355.9207	90.84347	1.497735	2.808263	0.483674	0.516326	0.3932428
13452	-265.9587	-356.6884	90.72969	1.273211	3.440933	0.568903	0.431097	0.764209
13458	-267.324	-358.1466	90.82262	1.178571	3.440933	0.402179	0.597821	0.7666766
13464	-263.0904	-353.9295	90.83912	0.8435354	3.099296	0.5093	0.4907	1.230086
13470	-261.2922	-351.8857	90.59347	0.8590926	4.350585	0.632221	0.367779	1.033224
13476	-258.8361	-348.6449	89.80884	1.062844	8.054954	0.806092	0.193908	0.6365997
13482	-251.7029	-341.9596	90.25673	1.090166	5.169584	0.501095	0.498905	0.8937476
13488	-257.2666	-347.6942	90.42763	0.9053145	5.169584	0.501095	0.498905	0.9094129
13494	-263.8064	-354.6561	90.84968	1.291333	3.332493	0.501095	0.498905	0.5653371
13500	-264.0464	-353.7948	89.74849	2.015837	4.082066	0.405668	0.594332	0.2965679
13506	-259.3832	-348.3778	88.99461	1.271557	11.98535	0.464544	0.535456	0.5842423
13512	-255.8511	-345.1204	89.26932	1.271557	9.831417	0.612717	0.387283	0.6832909
13518	-254.8501	-344.4429	89.59284	1.244856	8.398265	0.399955	0.600045	0.5317029
13524	-254.7725	-342.825	88.05251	1.3265	20.36644	0.508818	0.491182	0.5536218
13530	-256.5063	-346.2217	89.71537	1.122965	8.20564	0.35159	0.64841	0.6481125
13536	-249.6317	-340.7866	91.15486	1.239024	2.431344	0.35159	0.64841	0.8294152
13542	-252.5511	-342.993	90.44188	1.05835	5.189026	0.45411	0.54589	0.6714068
13548	-258.0921	-349.1219	91.0298	0.6222401	2.547829	0.429194	0.570806	1.451382
13554	-267.7848	-358.2191	90.43435	1.348888	3.753107	0.429194	0.570806	0.8966464
13560	-263.2937	-354.5375	91.24386	1.243003	2.23349	0.29019	0.70981	0.8416772
13566	-266.1893	-356.6714	90.48213	1.633211	3.36327	0.34477	0.65523	0.4032159
13572	-265.0089	-355.4767	90.46781	1.529247	3.712296	0.244223	0.755777	0.573892
13578	-266.4595	-356.2811	89.82155	1.725302	4.91422	0.62132	0.37868	0.3277369
13584	-268.4775	-356.9188	88.4413	1.689667	10.29197	0.712395	0.287605	0.1771334
13590	-274.001	-363.4657	89.46474	2.38385	2.606659	0.69931	0.30069	0.1290831
13596	-279.2739	-370.2208	90.94687	1.361002	2.598991	0.429325	0.570675	0.2697087
13602	-265.9057	-356.3924	90.4867	1.645985	3.046912	0.632756	0.367244	0.2852509
13608	-269.6888	-359.1351	89.44624	2.041599	4.057127	0.388459	0.611541	0.1748899
13614	-266.4997	-355.9003	89.40063	1.948505	4.057127	0.548709	0.451291	0.1427654
13620	-272.5487	-361.0236	88.4749	1.718753	8.962175	0.568327	0.431673	0.1413864
13626	-263.427	-351.8701	88.4431	2.086493	8.161286	0.643115	0.356885	0.1881163
13632	-260.2334	-349.5262	89.29275	1.918423	4.419195	0.65669	0.34331	0.1385309
13638	-258.2806	-348.4341	90.15352	1.918423	2.818688	0.301679	0.698321	0.2086444
13644	-262.9948	-351.0829	88.08809	2.134329	7.848971	0.405103	0.594897	0.1119781
13650	-264.0231	-354.9737	90.95067	1.275608	2.759467	0.57629	0.42371	0.842964
13656	-272.129	-361.0862	88.95716	1.329893	9.338567	0.637056	0.362944	1.078778
13662	-261.3222	-349.8388	88.51663	2.103593	6.045712	0.775964	0.224036	0.1135542
13668	-269.9242	-357.2664	87.3422	2.105506	14.24437	0.775964	0.224036	0.1410465
13674	-260.4107	-350.4131	90.00243	1.361913	5.794944	0.639855	0.360145	0.3935249
13680	-263.826	-352.8211	88.9951	1.475162	10.53541	0.700513	0.299487	0.4167831
13686	-262.3092	-351.0738	88.76461	1.710605	9.442055	0.482851	0.517149	0.2550643
13692	-271.474	-362.6338	91.15979	1.126163	1.908716	0.323674	0.676326	1.220925
13698	-274.5347	-363.6231	89.08842	1.11214	9.55042	0.348191	0.651809	1.12588
13704	-261.2904	-352.3298	91.03932	0.8700004	3.208725	0.404755	0.595245	0.9815875
13710	-272.0845	-362.8438	90.75933	0.596977	4.09588	0.388306	0.611694	1.195179
13716	-264.981	-354.5668	89.58575	0.6439726	4.08717	0.312301	0.687699	2.023072
13722	-263.5854	-353.785	90.19966	1.051176	5.837882	0.474962	0.525038	0.7991883
13728	-266.2478	-356.869	90.62111	0.992578	3.704079	0.709177	0.290823	1.085918
13734	-265.8993	-356.7134	90.81409	0.9832883	3.219395	0.457514	0.542486	1.085918
13740	-266.0711	-357.1573	91.0862	0.9218553	2.604325	0.352724	0.647276	1.138343
13746	-265.7184	-356.5312	90.81276	1.11193	2.776557	0.247699	0.752301	1.141448
13752	-256.9561	-347.6967	90.74062	0.7241581	4.240401	0.55601	0.44399	1.05508
13758	-258.0853	-349.3206	91.23527	0.9532662	2.917135	0.490565	0.509435	0.8017305
13764	-268.2803	-358.75	90.46966	0.9309773	4.866601	0.66256	0.33744	0.9281207
13770	-260.8487	-351.4422	90.59355	1.076375	4.681214	0.245075	0.754925	0.6134398
13776	-262.9992	-353.2974	90.29822	1.379969	4.681214	0.427921	0.572079	0.5888652
13782	-261.3101	-351.4296	90.11952	1.204113	4.34334	0.585833	0.414167	1.154176
13788	-262.872	-352.5308	89.65875	1.419731	7.054004	0.589582	0.410418	0.619177
13794	-266.6531	-356.6603	90.00716	1.211555	6.470059	0.590821	0.409179	0.5815537
13800	-263.3873	-352.4581	89.07076	1.29887	11.2986	0.590821	0.409179	0.5490715
13806	-263.3612	-353.7098	90.34852	1.355138	4.637387	0.406235	0.593765	0.471402
13812	-256.5571	-345.8021	89.245	1.317256	9.830154	0.577595	0.422405	0.6398861
13818	-253.2085	-342.7854	89.57683	1.305598	8.072932	0.551114	0.448886	0.5995458
13824	-261.5314	-350.0441	88.51268	0.9913385	18.82568	0.657613	0.342387	0.5995458
13830	-257.7153	-348.1507	90.43544	0.5925197	4.302453	0.601733	0.398267	1.407794
13836	-261.5967	-352.0567	90.45996	0.5836348	3.75563	0.47547	0.52453	1.534754
13842	-269.8525	-360.7725	90.92001	0.4473644	2.927436	0.354453	0.645547	1.534754
13848	-264.2571	-355.3833	91.1262	0.5289416	3.178156	0.303293	0.696707	1.226037
13854	-260.3613	-350.4317	90.07039	0.9521809	5.081762	0.55773	0.44227	1.226037
13860	-257.5978	-347.9494	90.35159	1.011212	5.081762	0.378233	0.621767	0.9030247
13866	-257.3196	-347.6327	90.31312	0.8803172	3.721785	0.512906	0.487094	1.430768
13872	-255.3076	-346.0902	90.78254	1.091604	2.951538	0.388206	0.611794	1.117546
13878	-255.6785	-346.671	90.99246	0.8481907	3.030183	0.478323	0.521677	1.117546
13884	-247.3593	-337.6622	90.30283	0.9167223	4.528674	0.632318	0.367682	1.194868
13890	-250.0217	-337.9057	87.88401	1.324672	18.0691	0.566231	0.433769	1.074291
13896	-264.0577	-354.433	90.37527	0.995609	3.264131	0.29362	0.70638	1.426715
13902	-261.5093	-352.6744	91.16501	0.8690766	2.523406	0.549297	0.450703	1.149848
13908	-260.8051	-351.1707	90.36561	1.289736	4.313856	0.399687	0.600313	0.8252419
13914	-275.1644	-366.2615	91.09702	1.160358	2.722451	0.667539	0.332461	0.8252419
13920	-263.6403	-354.0057	90.36539	1.628602	3.746319	0.398234	0.601766	0.4791256
13926	-265.1866	-355.3173	90.13068	1.200446	4.69422	0.615478	0.384522	1.049329
13932	-268.3174	-358.7379	90.42051	1.172987	3.871985	0.449398	0.550602	1.049329
13938	-260.0622	-350.5399	90.47776	0.9011013	5.035484	0.525292	0.474708	0.899426
13944	-261.4261	-350.5726	89.14652	1.257417	10.05382	0.51724	0.48276	0.8335233
13950	-257.7655	-348.1654	90.39988	0.6177458	4.84842	0.580651	0.419349	1.284856
13956	-262.648	-353.179	90.53099	1.292464	4.002354	0.433366	0.566634	0.732185
13962	-267.0839	-358.4123	91.32848	0.9902118	1.84476	0.433366	0.566634	1.226597
13968	-268.4952	-359.6006	91.1054	0.624059	2.606102	0.420286	0.579714	1.369741
13974	-264.3529	-355.6544	91.30156	0.6048683	2.606102	0.526175	0.473825	1.225706
13980	-261.5616	-351.6718	90.11026	0.8129369	4.589817	0.520216	0.479784	1.420165
13986	-259.3441	-349.2124	89.8683	0.8421119	8.203472	0.251001	0.748999	0.8447849
13992	-256.0834	-345.446	89.36253	0.6808594	11.81083	0.685509	0.314491	0.9512201
13998	-259.1549	-349.4695	90.3146	0.8562167	5.495301	0.721068	0.278932	0.9891894
